ts_ns,current_before,target_current,requested,current_after,rc
1787748471500414323,77343223808,77309411328,33812480,77310062592,0
1787748471528469532,77379006464,77309411328,69595136,77312684032,0
1787748471556215675,77379006464,77309411328,69595136,77312421888,0
1787748471584711322,77381627904,77309411328,72216576,77310324736,0
1787748471613237020,77380579328,77309411328,71168000,77313732608,0
1787748471641114136,77382676480,77309411328,73265152,77311111168,0
1787748471668838309,77379268608,77309411328,69857280,77312946176,0
1787748471696895819,77381365760,77309411328,71954432,77310324736,0
1787748471725614240,77379231744,77309411328,69820416,77312647168,0
1787748471754555206,77384212480,77309411328,74801152,77313171456,0
1787748471783879198,77383163904,77309411328,73752576,77314220032,0
1787748471812542829,77383688192,77309411328,74276864,77313433600,0
1787748471840811952,77383163904,77309411328,73752576,77311598592,0
1787748471869447412,77381591040,77309411328,72179712,77310550016,0
1787748471897887448,77380018176,77309411328,70606848,77313957888,0
1787748471926313124,77383688192,77309411328,74276864,77312647168,0
1787748471954648029,77382639616,77309411328,73228288,77311598592,0
1787748471983723187,77381853184,77309411328,72441856,77310812160,0
1787748472012711753,77382373376,77309411328,72962048,77311332352,0
1787748472041297942,77381849088,77309411328,72437760,77310545920,0
1787748472069885841,77380538368,77309411328,71127040,77313953792,0
1787748472098725655,77385256960,77309411328,75845632,77313429504,0
1787748472127732142,77384208384,77309411328,74797056,77312905216,0
1787748472156033335,77383421952,77309411328,74010624,77312118784,0
1787748472184237317,77381586944,77309411328,72175616,77310283776,0
1787748472211766117,77370052608,77309411328,60641280,77312118784,0
1787748472239987759,77380800512,77309411328,71389184,77314215936,0
1787748472269139959,77385256960,77309411328,75845632,77314215936,0
1787748472297709197,77384732672,77309411328,75321344,77313691648,0
1787748472325896739,77379489792,77309411328,70078464,77312905216,0
1787748472353891047,77382635520,77309411328,73224192,77310808064,0
1787748472382422515,77378965504,77309411328,69554176,77312118784,0
1787748472411766418,77383680000,77309411328,74268672,77312376832,0
1787748472440294626,77381320704,77309411328,71909376,77310017536,0
1787748472468194552,77377912832,77309411328,68501504,77311066112,0
1787748472496578087,77380534272,77309411328,71122944,77313425408,0
1787748472525187577,77382631424,77309411328,73220096,77311328256,0
1787748472553278527,77379223552,77309411328,69812224,77312114688,0
1787748472580933449,77379485696,77309411328,70074368,77312901120,0
1787748472608784124,77381320704,77309411328,71909376,77309755392,0
1787748472637402934,77378699264,77309411328,69287936,77312114688,0
1787748472666030983,77383155712,77309411328,73744384,77311852544,0
1787748472693692425,77380534272,77309411328,71122944,77313687552,0
1787748472721540381,77382369280,77309411328,72957952,77311066112,0
1787748472749748913,77379223552,77309411328,69812224,77313163264,0
1787748472778167498,77381058560,77309411328,71647232,77314998272,0
1787748472806667746,77384728576,77309411328,75317248,77313425408,0
1787748472834626073,77382369280,77309411328,72957952,77311328256,0
1787748472862298665,77379485696,77309411328,70074368,77312901120,0
1787748472890172271,77381058560,77309411328,71647232,77314736128,0
1787748472918828301,77383680000,77309411328,74268672,77312376832,0
1787748472947780087,77382369280,77309411328,72957952,77310803968,0
1787748472976043320,77380796416,77309411328,71385088,77314473984,0
1787748473004594778,77383155712,77309411328,73744384,77312110592,0
1787748473033167537,77381316608,77309411328,71905280,77310275584,0
1787748473062098733,77379481600,77309411328,70070272,77313421312,0
1787748473090572349,77380268032,77309411328,70856704,77313683456,0
1787748473118842452,77381054464,77309411328,71643136,77314994176,0
1787748473146996473,77384462336,77309411328,75051008,77313421312,0
1787748473175591873,77383413760,77309411328,74002432,77311848448,0
1787748473204064479,77377122304,77309411328,67710976,77307392000,0
1787748473232491026,77376860160,77309411328,67448832,77310537728,0
1787748473260253739,77380268032,77309411328,70856704,77313159168,0
1787748473287901741,77381578752,77309411328,72167424,77309751296,0
1787748473316202935,77377908736,77309411328,68497408,77311062016,0
1787748473345053329,77381840896,77309411328,72429568,77309227008,0
1787748473373141178,77378957312,77309411328,69545984,77312372736,0
1787748473400968143,77381840896,77309411328,72429568,77309751296,0
1787748473429143185,77378433024,77309411328,69021696,77311586304,0
1787748473457875316,77382103040,77309411328,72691712,77310537728,0
1787748473485575909,77380268032,77309411328,70856704,77313159168,0
1787748473513259722,77380530176,77309411328,71118848,77313945600,0
1787748473540824542,77382103040,77309411328,72691712,77310013440,0
1787748473569349139,77379743744,77309411328,70332416,77312634880,0
1787748473597631463,77383938048,77309411328,74526720,77311586304,0
1787748473625215193,77380792320,77309411328,71380992,77313421312,0
1787748473652823544,77381840896,77309411328,72429568,77310275584,0
1787748473680394594,77377908736,77309411328,68497408,77310537728,0
1787748473708543865,77376335872,77309411328,66924544,77307916288,0
1787748473737332998,77376073728,77309411328,66662400,77309227008,0
1787748473765314926,77377122304,77309411328,67710976,77310275584,0
1787748473792984428,77379743744,77309411328,70332416,77312634880,0
1787748473820398605,77380530176,77309411328,71118848,77313159168,0
1787748473848977284,77382103040,77309411328,72691712,77310275584,0
1787748473877521182,77381578752,77309411328,72167424,77309751296,0
1787748473905511070,77379219456,77309411328,69808128,77312110592,0
1787748473933194982,77381054464,77309411328,71643136,77314207744,0
1787748473961272892,77382365184,77309411328,72953856,77310799872,0
1787748473989728619,77381054464,77309411328,71643136,77314207744,0
1787748474018203736,77384196096,77309411328,74784768,77312630784,0
1787748474046674082,77382885376,77309411328,73474048,77311057920,0
1787748474074523498,77381050368,77309411328,71639040,77314203648,0
1787748474102613418,77380526080,77309411328,71114752,77312106496,0
1787748474131415781,77382885376,77309411328,73474048,77311582208,0
1787748474159558492,77379477504,77309411328,70066176,77312630784,0
1787748474187966907,77382098944,77309411328,72687616,77311057920,0
1787748474215653940,77371351040,77309411328,61939712,77309747200,0
1787748474244993013,77380263936,77309411328,70852608,77313417216,0
1787748474273386838,77384458240,77309411328,75046912,77313155072,0
1787748474301941146,77381312512,77309411328,71901184,77310533632,0
1787748474330056027,77380263936,77309411328,70852608,77313941504,0
1787748474358357220,77383147520,77309411328,73736192,77312106496,0
1787748474386702765,77373186048,77309411328,63774720,77310009344,0
1787748474414937718,77379739648,77309411328,70328320,77313417216,0
1787748474443026017,77380526080,77309411328,71114752,77313941504,0
1787748474470701829,77382623232,77309411328,73211904,77311057920,0
1787748474499097075,77380263936,77309411328,70852608,77313941504,0
1787748474527932358,77383671808,77309411328,74260480,77312368640,0
1787748474555615001,77381312512,77309411328,71901184,77310009344,0
1787748474583094989,77378166784,77309411328,68755456,77311582208,0
1787748474610582278,77379215360,77309411328,69804032,77312368640,0
1787748474639111656,77381312512,77309411328,71901184,77309485056,0
1787748474667479561,77378953216,77309411328,69541888,77312368640,0
1787748474695120382,77379215360,77309411328,69804032,77312630784,0
1787748474722791495,77380526080,77309411328,71114752,77313941504,0
1787748474751327713,77383147520,77309411328,73736192,77311844352,0
1787748474780217917,77382885376,77309411328,73474048,77311320064,0
1787748474807897279,77381050368,77309411328,71639040,77309485056,0
1787748474835425049,77376331776,77309411328,66920448,77309747200,0
1787748474862889797,77377642496,77309411328,68231168,77310795776,0
1787748474891473856,77379739648,77309411328,70328320,77313417216,0
1787748474920005464,77384458240,77309411328,75046912,77313417216,0
1787748474947728397,77382098944,77309411328,72687616,77310795776,0
1787748474975236356,77373710336,77309411328,64299008,77311844352,0
1787748475003216684,77378166784,77309411328,68755456,77311840256,0
1787748475031706441,77381570560,77309411328,72159232,77310529536,0
1787748475060608936,77381570560,77309411328,72159232,77310791680,0
1787748475088727456,77379997696,77309411328,70586368,77313937408,0
1787748475117404517,77382619136,77309411328,73207808,77311578112,0
1787748475146147499,77383667712,77309411328,74256384,77312102400,0
1787748475174856260,77382094848,77309411328,72683520,77311053824,0
1787748475203051212,77377638400,77309411328,68227072,77307383808,0
1787748475230948268,77373706240,77309411328,64294912,77311840256,0
1787748475258918306,77381046272,77309411328,71634944,77310005248,0
1787748475286822562,77376589824,77309411328,67178496,77309743104,0
1787748475315499883,77380259840,77309411328,70848512,77314199552,0
1787748475343812497,77383667712,77309411328,74256384,77312888832,0
1787748475371749864,77376589824,77309411328,67178496,77310005248,0
1787748475400080008,77379211264,77309411328,69799936,77312888832,0
1787748475428457293,77378162688,77309411328,68751360,77312348160,0
1787748475457393418,77383651328,77309411328,74240000,77312872448,0
1787748475485306705,77382340608,77309411328,72929280,77310775296,0
1787748475512897955,77378670592,77309411328,69259264,77312086016,0
1787748475540487766,77380505600,77309411328,71094272,77313921024,0
1787748475568884051,77379194880,77309411328,69783552,77312872448,0
1787748475597478590,77383913472,77309411328,74502144,77313134592,0
1787748475625290475,77380767744,77309411328,71356416,77314707456,0
1787748475652969567,77383389184,77309411328,73977856,77311561728,0
1787748475681141289,77380243456,77309411328,70832128,77313396736,0
1787748475709510554,77383913472,77309411328,74502144,77312348160,0
1787748475737165045,77380505600,77309411328,71094272,77313396736,0
1787748475764798497,77381816320,77309411328,72404992,77309726720,0
1787748475792364687,77378146304,77309411328,68734976,77310775296,0
1787748475820282444,77379719168,77309411328,70307840,77312348160,0
1787748475848778351,77381554176,77309411328,72142848,77309726720,0
1787748475876788919,77379457024,77309411328,70045696,77312610304,0
1787748475904788897,77381816320,77309411328,72404992,77309726720,0
1787748475932687914,77378932736,77309411328,69521408,77311823872,0
1787748475961102839,77380243456,77309411328,70832128,77313658880,0
1787748475990028925,77384962048,77309411328,75550720,77313658880,0
1787748476018570463,77383122944,77309411328,73711616,77312081920,0
1787748476047223753,77382336512,77309411328,72925184,77311033344,0
1787748476075820752,77381287936,77309411328,71876608,77314441216,0
1787748476104790028,77382598656,77309411328,73187328,77311295488,0
1787748476133013561,77380501504,77309411328,71090176,77313916928,0
1787748476161353285,77383122944,77309411328,73711616,77311819776,0
1787748476188887094,77373423616,77309411328,64012288,77309722624,0
1787748476217136267,77368705024,77309411328,59293696,77311557632,0
1787748476245694606,77380763648,77309411328,71352320,77313654784,0
1787748476273812956,77384171520,77309411328,74760192,77312081920,0
1787748476301855215,77381287936,77309411328,71876608,77314179072,0
1787748476329815852,77383647232,77309411328,74235904,77311295488,0
1787748476358291259,77381025792,77309411328,71614464,77313916928,0
1787748476387307256,77384171520,77309411328,74760192,77312606208,0
1787748476415127961,77382598656,77309411328,73187328,77310509056,0
1787748476442982646,77378404352,77309411328,68993024,77312081920,0
1787748476471136347,77378928640,77309411328,69517312,77312081920,0
1787748476501061391,77381812224,77309411328,72400896,77313765376,0
1787748476532631055,77382447104,77309411328,73035776,77319790592,0
1787748476563328713,77389258752,77309411328,79847424,77317361664,0
1787748476592516603,77383946240,77309411328,74534912,77315358720,0
1787748476622940816,77384564736,77309411328,75153408,77317980160,0
1787748476653443321,77389545472,77309411328,80134144,77317455872,0
1787748476681454109,77384302592,77309411328,74891264,77312475136,0
1787748476709000159,77379584000,77309411328,70172672,77312212992,0
1787748476736917896,77380632576,77309411328,71221248,77313523712,0
1787748476765392213,77382205440,77309411328,72794112,77310640128,0
1787748476793448632,77380632576,77309411328,71221248,77313523712,0
1787748476821572552,77382991872,77309411328,73580544,77311164416,0
1787748476849350096,77380632576,77309411328,71221248,77312999424,0
1787748476877433646,77381156864,77309411328,71745536,77313785856,0
1787748476908140014,77384826880,77309411328,75415552,77316669440,0
1787748476938147149,77386399744,77309411328,76988416,77319540736,0
1787748476966328151,77389008896,77309411328,79597568,77312356352,0
1787748476994198357,77380251648,77309411328,70840320,77312356352,0
1787748477022779485,77382332416,77309411328,72921088,77309980672,0
1787748477051412025,77381808128,77309411328,72396800,77309456384,0
1787748477079004986,77379186688,77309411328,69775360,77311029248,0
1787748477106539255,77379186688,77309411328,69775360,77311553536,0
1787748477134545784,77378138112,77309411328,68726784,77310767104,0
1787748477162696435,77379448832,77309411328,70037504,77311815680,0
1787748477189975039,77380235264,77309411328,70823936,77312339968,0
1787748477217587650,77372633088,77309411328,63221760,77309718528,0
1787748477244798104,77376303104,77309411328,66891776,77308145664,0
1787748477272569018,77376565248,77309411328,67153920,77308932096,0
1787748477301115906,77379973120,77309411328,70561792,77312077824,0
1787748477329043173,77381808128,77309411328,72396800,77309456384,0
1787748477356863517,77378400256,77309411328,68988928,77310767104,0
1787748477384338336,77379710976,77309411328,70299648,77311553536,0
1787748477412778842,77379973120,77309411328,70561792,77312077824,0
1787748477441477533,77382332416,77309411328,72921088,77309718528,0
1787748477469358909,77379973120,77309411328,70561792,77312077824,0
1787748477497064272,77381808128,77309411328,72396800,77309456384,0
1787748477524628452,77376827392,77309411328,67416064,77309194240,0
1787748477553557547,77379710976,77309411328,70299648,77312077824,0
1787748477581436083,77382332416,77309411328,72921088,77310242816,0
1787748477608811980,77378138112,77309411328,68726784,77310504960,0
1787748477636139165,77378400256,77309411328,68988928,77310504960,0
1787748477664351667,77377875968,77309411328,68464640,77310242816,0
1787748477692596370,77380759552,77309411328,71348224,77313126400,0
1787748477720172080,77382070272,77309411328,72658944,77309718528,0
1787748477747668739,77378138112,77309411328,68726784,77310767104,0
1787748477775046696,77378138112,77309411328,68726784,77309194240,0
1787748477803036534,77377609728,77309411328,68198400,77309452288,0
1787748477831233415,77380493312,77309411328,71081984,77312860160,0
1787748477858564251,77381279744,77309411328,71868416,77313384448,0
1787748477885856296,77380755456,77309411328,71344128,77312860160,0
1787748477913177712,77381017600,77309411328,71606272,77312860160,0
1787748477941882173,77382066176,77309411328,72654848,77309714432,0
1787748477970007973,77379706880,77309411328,70295552,77312073728,0
1787748477997598544,77380493312,77309411328,71081984,77312860160,0
1787748478025940698,77380231168,77309411328,70819840,77312598016,0
1787748478054291233,77383639040,77309411328,74227712,77311287296,0
1787748478082574566,77382328320,77309411328,72916992,77309976576,0
1787748478109827401,77378658304,77309411328,69246976,77310500864,0
1787748478137139036,77378134016,77309411328,68722688,77310238720,0
1787748478164490982,77376823296,77309411328,67411968,77309190144,0
1787748478192463710,77377871872,77309411328,68460544,77309714432,0
1787748478220492968,77370793984,77309411328,61382656,77312335872,0
1787748478247843125,77381017600,77309411328,71606272,77313122304,0
1787748478275161990,77381017600,77309411328,71606272,77313122304,0
1787748478302498326,77380755456,77309411328,71344128,77312598016,0
1787748478330431343,77381541888,77309411328,72130560,77313646592,0
1787748478358654075,77384163328,77309411328,74752000,77311811584,0
1787748478386176764,77380493312,77309411328,71081984,77312860160,0
1787748478414016679,77380493312,77309411328,71081984,77313122304,0
1787748478441725612,77380755456,77309411328,71344128,77312860160,0
1787748478470588466,77383901184,77309411328,74489856,77311811584,0
1787748478499024962,77382852608,77309411328,73441280,77310763008,0
1787748478526557912,77377085440,77309411328,67674112,77309452288,0
1787748478554111312,77377609728,77309411328,68198400,77310238720,0
1787748478582091510,77378658304,77309411328,69246976,77310763008,0
1787748478610542826,77382328320,77309411328,72916992,77309714432,0
1787748478638167207,77376299008,77309411328,66887680,77314170880,0
1787748478666049043,77382590464,77309411328,73179136,77310500864,0
1787748478693647894,77378920448,77309411328,69509120,77311811584,0
1787748478721926497,77381017600,77309411328,71606272,77313908736,0
1787748478750726090,77385211904,77309411328,75800576,77313384448,0
1787748478778404672,77382066176,77309411328,72654848,77309714432,0
1787748478805960632,77376823296,77309411328,67411968,77309190144,0
1787748478833825688,77377347584,77309411328,67936256,77309714432,0
1787748478862290514,77378920448,77309411328,69509120,77311549440,0
1787748478890650359,77382852608,77309411328,73441280,77310238720,0
1787748478918951613,77378658304,77309411328,69246976,77312860160,0
1787748478947056243,77381017600,77309411328,71606272,77314957312,0
1787748478977781692,77382852608,77309411328,73441280,77317664768,0
1787748479011087038,77388705792,77309411328,79294464,77323169792,0
1787748479044701640,77393686528,77309411328,84275200,77324218368,0
1787748479076671161,77393948672,77309411328,84537344,77322182656,0
1787748479109467558,77391126528,77309411328,81715200,77324468224,0
1787748479141131864,77393936384,77309411328,84525056,77319811072,0
1787748479172767090,77387706368,77309411328,78295040,77319553024,0
1787748479202477219,77388496896,77309411328,79085568,77309661184,0
1787748479230945216,77375983616,77309411328,66572288,77310185472,0
1787748479259775960,77380177920,77309411328,70766592,77314904064,0
1787748479288488471,77385420800,77309411328,76009472,77314904064,0
1787748479317347185,77384896512,77309411328,75485184,77314641920,0
1787748479345706350,77384372224,77309411328,74960896,77313855488,0
1787748479374531983,77383061504,77309411328,73650176,77312544768,0
1787748479403683483,77383585792,77309411328,74174464,77312806912,0
1787748479432033547,77382799360,77309411328,73388032,77311758336,0
1787748479459937204,77380964352,77309411328,71553024,77314641920,0
1787748479487766948,77383323648,77309411328,73912320,77312282624,0
1787748479516388898,77380702208,77309411328,71290880,77314641920,0
1787748479545026688,77385682944,77309411328,76271616,77315166208,0
1787748479572746301,77383847936,77309411328,74436608,77312544768,0
1787748479600393773,77380702208,77309411328,71290880,77314379776,0
1787748479628601785,77382012928,77309411328,72601600,77311496192,0
1787748479657739704,77380702208,77309411328,71290880,77314641920,0
1787748479685563359,77384110080,77309411328,74698752,77312544768,0
1787748479713236691,77380702208,77309411328,71290880,77314379776,0
1787748479741004715,77383061504,77309411328,73650176,77311758336,0
1787748479769386760,77380177920,77309411328,70766592,77313855488,0
1787748479797807566,77380964352,77309411328,71553024,77314641920,0
1787748479825615820,77382537216,77309411328,73125888,77311234048,0
1787748479853203391,77379391488,77309411328,69980160,77313069056,0
1787748479881080687,77380177920,77309411328,70766592,77313855488,0
1787748479909806178,77383061504,77309411328,73650176,77312282624,0
1787748479937852647,77379653632,77309411328,70242304,77312806912,0
1787748479965664162,77381488640,77309411328,72077312,77309923328,0
1787748479993306613,77378605056,77309411328,69193728,77311758336,0
1787748480022679067,77378076672,77309411328,68665344,77313589248,0
1787748480052280144,77385154560,77309411328,75743232,77315686400,0
1787748480080583058,77385678848,77309411328,76267520,77314113536,0
1787748480108640457,77383581696,77309411328,74170368,77312016384,0
1787748480137087444,77382008832,77309411328,72597504,77310705664,0
1787748480165261495,77380173824,77309411328,70762496,77313327104,0
1787748480193939976,77384105984,77309411328,74694656,77313064960,0
1787748480221923754,77374144512,77309411328,64733184,77312016384,0
1787748480250108255,77382008832,77309411328,72597504,77310181376,0
1787748480277901199,77378863104,77309411328,69451776,77312016384,0
1787748480306211133,77380698112,77309411328,71286784,77313589248,0
1787748480335146929,77385416704,77309411328,76005376,77313589248,0
1787748480363272639,77383843840,77309411328,74432512,77311754240,0
1787748480391328858,77381222400,77309411328,71811072,77313851392,0
1787748480419617402,77383319552,77309411328,73908224,77311229952,0
1787748480448301573,77382008832,77309411328,72597504,77309919232,0
1787748480476186409,77379911680,77309411328,70500352,77312802816,0
1787748480503641277,77380173824,77309411328,70762496,77313064960,0
1787748480531131435,77381222400,77309411328,71811072,77314113536,0
1787748480559540941,77382795264,77309411328,73383936,77310705664,0
1787748480587945777,77380960256,77309411328,71548928,77313851392,0
1787748480615989225,77384105984,77309411328,74694656,77312016384,0
1787748480643568726,77378338816,77309411328,68927488,77310967808,0
1787748480671137536,77378863104,77309411328,69451776,77311229952,0
1787748480699083863,77378338816,77309411328,68927488,77310967808,0
1787748480727359966,77380960256,77309411328,71548928,77313851392,0
1787748480755517697,77383319552,77309411328,73908224,77311492096,0
1787748480783602067,77380960256,77309411328,71548928,77313589248,0
1787748480811204718,77375717376,77309411328,66306048,77313064960,0
1787748480839573553,77381746688,77309411328,72335360,77309657088,0
1787748480868015169,77381222400,77309411328,71811072,77313589248,0
1787748480895980656,77379387392,77309411328,69976064,77312278528,0
1787748480923698679,77381222400,77309411328,71811072,77313851392,0
1787748480951364421,77381746688,77309411328,72335360,77309394944,0
1787748480979868499,77379911680,77309411328,70500352,77312540672,0
1787748481008315585,77383053312,77309411328,73641984,77308604416,0
1787748481036467406,77378334720,77309411328,68923392,77310963712,0
1787748481064371082,77380431872,77309411328,71020544,77313060864,0
1787748481092247978,77381480448,77309411328,72069120,77314371584,0
1787748481120724545,77383315456,77309411328,73904128,77311750144,0
1787748481148799055,77380956160,77309411328,71544832,77314109440,0
1787748481177016667,77383520256,77309411328,74108928,77311692800,0
1787748481204430374,77373558784,77309411328,64147456,77309333504,0
1787748481232522404,77377753088,77309411328,68341760,77310644224,0
1787748481261322487,77381160960,77309411328,71749632,77314052096,0
1787748481289664741,77383782400,77309411328,74371072,77311954944,0
1787748481317541377,77381160960,77309411328,71749632,77313527808,0
1787748481345269390,77381947392,77309411328,72536064,77309333504,0
1787748481373517663,77379063808,77309411328,69652480,77311692800,0
1787748481402476239,77382209536,77309411328,72798208,77310382080,0
1787748481430400955,77380112384,77309411328,70701056,77312217088,0
1787748481458073798,77379588096,77309411328,70176768,77311692800,0
1787748481485946883,77380112384,77309411328,70701056,77312479232,0
1787748481514263767,77382209536,77309411328,72798208,77310382080,0
1787748481542230175,77380112384,77309411328,70701056,77312479232,0
1787748481570366915,77382209536,77309411328,72798208,77309595648,0
1787748481598043367,77378801664,77309411328,69390336,77310644224,0
1787748481626260100,77379063808,77309411328,69652480,77311168512,0
1787748481654996121,77382733824,77309411328,73322496,77310119936,0
1787748481682550311,77379588096,77309411328,70176768,77311692800,0
1787748481709880597,77379850240,77309411328,70438912,77311954944,0
1787748481737306344,77379588096,77309411328,70176768,77311692800,0
1787748481765451235,77380636672,77309411328,71225344,77312479232,0
1787748481794021884,77382209536,77309411328,72798208,77309595648,0
1787748481821370340,77378539520,77309411328,69128192,77310382080,0
1787748481848747727,77378801664,77309411328,69390336,77310906368,0
1787748481876212645,77378277376,77309411328,68866048,77310906368,0
1787748481904899066,77378277376,77309411328,68866048,77310644224,0
1787748481932776001,77381423104,77309411328,72011776,77313265664,0
1787748481960158908,77381685248,77309411328,72273920,77313789952,0
1787748481987597936,77381947392,77309411328,72536064,77308809216,0
1787748482015970401,77376962560,77309411328,67551232,77309329408,0
1787748482044443868,77381156864,77309411328,71745536,77313523712,0
1787748482072507987,77383516160,77309411328,74104832,77310902272,0
1787748482100486165,77378797568,77309411328,69386240,77311426560,0
1787748482128187877,77380370432,77309411328,70959104,77312475136,0
1787748482156341028,77381156864,77309411328,71745536,77313785856,0
1787748482185460227,77384826880,77309411328,75415552,77312737280,0
1787748482213212971,77373554688,77309411328,64143360,77311164416,0
1787748482240844562,77381156864,77309411328,71745536,77312999424,0
1787748482268197608,77380894720,77309411328,71483392,77312999424,0
1787748482296232667,77380632576,77309411328,71221248,77313261568,0
1787748482325115931,77384302592,77309411328,74891264,77312475136,0
1787748482353134420,77381419008,77309411328,72007680,77313785856,0
1787748482381192779,77383254016,77309411328,73842688,77310640128,0
1787748482408841711,77379846144,77309411328,70434816,77311950848,0
1787748482437157844,77381156864,77309411328,71745536,77313261568,0
1787748482465299725,77383254016,77309411328,73842688,77310640128,0
1787748482492647531,77379059712,77309411328,69648384,77311164416,0
1787748482520180741,77379059712,77309411328,69648384,77311426560,0
1787748482548233410,77379846144,77309411328,70434816,77312212992,0
1787748482576551114,77382991872,77309411328,73580544,77310640128,0
1787748482603954731,77379059712,77309411328,69648384,77311426560,0
1787748482631347088,77378011136,77309411328,68599808,77310115840,0
1787748482658650733,77378535424,77309411328,69124096,77310377984,0
1787748482686468038,77378535424,77309411328,69124096,77310377984,0
1787748482714564708,77380370432,77309411328,70959104,77312475136,0
1787748482742569756,77381681152,77309411328,72269824,77314048000,0
1787748482770604975,77383254016,77309411328,73842688,77311164416,0
1787748482798150604,77379846144,77309411328,70434816,77312397312,0
1787748482826350266,77381341184,77309411328,71929856,77313708032,0
1787748482854754402,77384224768,77309411328,74813440,77310038016,0
1787748482882836861,77379506176,77309411328,70094848,77312122880,0
1787748482910845780,77382115328,77309411328,72704000,77309763584,0
1787748482938280247,77378183168,77309411328,68771840,77310025728,0
1787748482967146971,77379756032,77309411328,70344704,77312385024,0
1787748482995530407,77383688192,77309411328,74276864,77311598592,0
1787748483023799490,77381062656,77309411328,71651328,77313429504,0
1787748483052316117,77383946240,77309411328,74534912,77311332352,0
1787748483080090491,77380276224,77309411328,70864896,77312380928,0
1787748483108328464,77382373376,77309411328,72962048,77309759488,0
1787748483135742761,77378179072,77309411328,68767744,77310283776,0
1787748483163191389,77378179072,77309411328,68767744,77310545920,0
1787748483190463704,77378179072,77309411328,68767744,77310283776,0
1787748483218230907,77369528320,77309411328,60116992,77310545920,0
1787748483246313877,77380538368,77309411328,71127040,77312643072,0
1787748483273741525,77381062656,77309411328,71651328,77313167360,0
1787748483301249454,77381586944,77309411328,72175616,77313429504,0
1787748483328614780,77382111232,77309411328,72699904,77309235200,0
1787748483356527486,77377654784,77309411328,68243456,77309497344,0
1787748483384576875,77380014080,77309411328,70602752,77311856640,0
1787748483412000523,77379751936,77309411328,70340608,77311856640,0
1787748483439497902,77379751936,77309411328,70340608,77312118784,0
1787748483466833228,77380276224,77309411328,70864896,77312118784,0
1787748483494988388,77381586944,77309411328,72175616,77313429504,0
1787748483523069878,77383946240,77309411328,74534912,77311332352,0
1787748483550617488,77379751936,77309411328,70340608,77311856640,0
1787748483578053035,77380276224,77309411328,70864896,77312380928,0
1787748483606184076,77381586944,77309411328,72175616,77313429504,0
1787748483634661693,77383421952,77309411328,74010624,77310808064,0
1787748483662924836,77381062656,77309411328,71651328,77313429504,0
1787748483690786041,77382897664,77309411328,73486336,77310283776,0
1787748483718297150,77378441216,77309411328,69029888,77310808064,0
1787748483746300229,77380014080,77309411328,70602752,77311856640,0
1787748483774787726,77381849088,77309411328,72437760,77309759488,0
1787748483802959427,77380014080,77309411328,70602752,77312643072,0
1787748483830990276,77382111232,77309411328,72699904,77309497344,0
1787748483858618987,77378703360,77309411328,69292032,77311070208,0
1787748483886925671,77379751936,77309411328,70340608,77312380928,0
1787748483916472577,77385256960,77309411328,75845632,77312905216,0
1787748483944628319,77383159808,77309411328,73748480,77310808064,0
1787748483972318881,77380276224,77309411328,70864896,77312380928,0
1787748483999829410,77380014080,77309411328,70602752,77312905216,0
1787748484028641143,77381849088,77309411328,72437760,77309759488,0
1787748484057389075,77381324800,77309411328,71913472,77313691648,0
1787748484085477895,77383946240,77309411328,74534912,77311332352,0
1787748484113588815,77380800512,77309411328,71389184,77313691648,0
1787748484141718595,77382635520,77309411328,73224192,77310283776,0
1787748484170353495,77380276224,77309411328,70864896,77312905216,0
1787748484198446595,77383159808,77309411328,73748480,77310808064,0
1787748484226219759,77370576896,77309411328,61165568,77311856640,0
1787748484253739438,77381062656,77309411328,71651328,77313167360,0
1787748484281625864,77381586944,77309411328,72175616,77313953792,0
1787748484310228293,77384208384,77309411328,74797056,77311856640,0
1787748484338154570,77381324800,77309411328,71913472,77313429504,0
1787748484366263500,77382897664,77309411328,73486336,77310808064,0
1787748484394027214,77378441216,77309411328,69029888,77311070208,0
1787748484422468550,77379489792,77309411328,70078464,77312118784,0
1787748484451298494,77383946240,77309411328,74534912,77311332352,0
1787748484479118819,77380538368,77309411328,71127040,77312905216,0
1787748484506776100,77381586944,77309411328,72175616,77313691648,0
1787748484534173337,77381586944,77309411328,72175616,77313953792,0
1787748484562701495,77383421952,77309411328,74010624,77311070208,0
1787748484590876786,77381849088,77309411328,72437760,77308973056,0
1787748484618299184,77377654784,77309411328,68243456,77309759488,0
1787748484645631670,77377916928,77309411328,68505600,77310021632,0
1787748484673792541,77378179072,77309411328,68767744,77311070208,0
1787748484702285058,77381324800,77309411328,71913472,77313691648,0
1787748484730686403,77384208384,77309411328,74797056,77312118784,0
1787748484758661371,77381586944,77309411328,72175616,77314215936,0
1787748484786360894,77383421952,77309411328,74010624,77311070208,0
1787748484814303961,77379227648,77309411328,69816320,77311594496,0
1787748484842456802,77381324800,77309411328,71913472,77313953792,0
1787748484870394719,77383684096,77309411328,74272768,77311070208,0
1787748484898126342,77380800512,77309411328,71389184,77312905216,0
1787748484925474638,77380800512,77309411328,71389184,77312905216,0
1787748484953636189,77381324800,77309411328,71913472,77313953792,0
1787748484982590655,77385519104,77309411328,76107776,77313167360,0
1787748485011019761,77383155712,77309411328,73744384,77311066112,0
1787748485038845596,77380796416,77309411328,71385088,77313163264,0
1787748485066762542,77381844992,77309411328,72433664,77309231104,0
1787748485095078036,77379223552,77309411328,69812224,77311590400,0
1787748485123527482,77382107136,77309411328,72695808,77309755392,0
1787748485151341737,77378961408,77309411328,69550080,77309755392,0
1787748485178886737,77378437120,77309411328,69025792,77310803968,0
1787748485206607980,77369786368,77309411328,60375040,77310803968,0
1787748485235143278,77380272128,77309411328,70860800,77313425408,0
1787748485263202337,77383155712,77309411328,73744384,77310541824,0
1787748485290943460,77379223552,77309411328,69812224,77311590400,0
1787748485318629103,77380534272,77309411328,71122944,77312376832,0
1787748485346696242,77381320704,77309411328,71909376,77313687552,0
1787748485375113958,77383938048,77309411328,74526720,77311324160,0
1787748485403197017,77380268032,77309411328,70856704,77312634880,0
1787748485431512521,77382365184,77309411328,72953856,77310275584,0
1787748485459574571,77379743744,77309411328,70332416,77312110592,0
1787748485488117129,77381578752,77309411328,72167424,77314207744,0
1787748485516594796,77385510912,77309411328,76099584,77312897024,0
1787748485544646485,77382365184,77309411328,72953856,77310013440,0
1787748485572811376,77379481600,77309411328,70070272,77312372736,0
1787748485601162550,77381840896,77309411328,72429568,77309227008,0
1787748485629381843,77379481600,77309411328,70070272,77311848448,0
1787748485657446212,77381840896,77309411328,72429568,77309489152,0
1787748485685389949,77378957312,77309411328,69545984,77311324160,0
1787748485713076261,77380268032,77309411328,70856704,77312634880,0
1787748485741338524,77381054464,77309411328,71643136,77313683456,0
1787748485770017355,77384986624,77309411328,75575296,77312634880,0
1787748485798050014,77381840896,77309411328,72429568,77309751296,0
1787748485825963160,77379219456,77309411328,69808128,77311586304,0
1787748485854092920,77380792320,77309411328,71380992,77313421312,0
1787748485882926234,77383675904,77309411328,74264576,77311324160,0
1787748485911030774,77382103040,77309411328,72691712,77309751296,0
1787748485938975451,77377908736,77309411328,68497408,77310275584,0
1787748485966735935,77378695168,77309411328,69283840,77311324160,0
1787748485994809794,77379743744,77309411328,70332416,77312634880,0
1787748486023463194,77382627328,77309411328,73216000,77310537728,0
1787748486051734998,77381054464,77309411328,71643136,77313421312,0
1787748486080048111,77383413760,77309411328,74002432,77311062016,0
1787748486107938577,77380792320,77309411328,71380992,77313159168,0
1787748486136517166,77382365184,77309411328,72953856,77310275584,0
1787748486165391521,77381840896,77309411328,72429568,77310013440,0
1787748486196406074,77380005888,77309411328,70594560,77320581120,0
1787748486227981419,77380874240,77309411328,71462912,77322268672,0
1787748486260333607,77391212544,77309411328,81801216,77324038144,0
1787748486293683274,77395603456,77309411328,86192128,77324431360,0
1787748486326172766,77394423808,77309411328,85012480,77322858496,0
1787748486357112098,77392588800,77309411328,83177472,77317222400,0
1787748486386098204,77386166272,77309411328,76754944,77315387392,0
1787748486415028270,77385904128,77309411328,76492800,77314600960,0
1787748486443626729,77385379840,77309411328,75968512,77314338816,0
1787748486472295299,77383806976,77309411328,74395648,77313028096,0
1787748486500375249,77381971968,77309411328,72560640,77310668800,0
1787748486528973548,77379874816,77309411328,70463488,77313814528,0
1787748486558016866,77384855552,77309411328,75444224,77314338816,0
1787748486586369660,77384069120,77309411328,74657792,77312765952,0
1787748486614622283,77382496256,77309411328,73084928,77310930944,0
1787748486642555390,77380399104,77309411328,70987776,77313814528,0
1787748486671340072,77383806976,77309411328,74395648,77312503808,0
1787748486700168986,77382234112,77309411328,72822784,77311455232,0
1787748486728406998,77381185536,77309411328,71774208,77309882368,0
1787748486756158942,77379088384,77309411328,69677056,77312503808,0
1787748486784195031,77381185536,77309411328,71774208,77309620224,0
1787748486812510075,77378826240,77309411328,69414912,77312503808,0
1787748486840600904,77382234112,77309411328,72822784,77310668800,0
1787748486868581652,77379874816,77309411328,70463488,77313028096,0
1787748486896372936,77382234112,77309411328,72822784,77310406656,0
1787748486924764692,77378564096,77309411328,69152768,77311717376,0
1787748486953447742,77382492160,77309411328,73080832,77310402560,0
1787748486981491951,77380132864,77309411328,70721536,77313024000,0
1787748487010428537,77381963776,77309411328,72552448,77311184896,0
1787748487038860773,77380653056,77309411328,71241728,77313544192,0
1787748487067731767,77385109504,77309411328,75698176,77313282048,0
1787748487095804956,77382750208,77309411328,73338880,77310660608,0
1787748487124049019,77379866624,77309411328,70455296,77313282048,0
1787748487152314892,77382488064,77309411328,73076736,77311184896,0
1787748487181120815,77379604480,77309411328,70193152,77313806336,0
1787748487209889917,77375934464,77309411328,66523136,77314592768,0
1787748487238472766,77384585216,77309411328,75173888,77313282048,0
1787748487267894571,77383274496,77309411328,73863168,77314019328,0
1787748487299747360,77382438912,77309411328,73027584,77318680576,0
1787748487331961256,77390770176,77309411328,81358848,77321596928,0
1787748487363172364,77391065088,77309411328,81653760,77322227712,0
1787748487394387501,77390647296,77309411328,81235968,77322629120,0
1787748487426871232,77391048704,77309411328,81637376,77323636736,0
1787748487459123929,77393891328,77309411328,84480000,77319847936,0
1787748487486835432,77388791808,77309411328,79380480,77312245760,0
1787748487514306260,77380403200,77309411328,70991872,77313032192,0
1787748487541868770,77381189632,77309411328,71778304,77314342912,0
1787748487570129663,77383286784,77309411328,73875456,77311459328,0
1787748487598586820,77382238208,77309411328,72826880,77310672896,0
1787748487626731250,77379354624,77309411328,69943296,77312507904,0
1787748487654349051,77381189632,77309411328,71778304,77314342912,0
1787748487681983403,77382500352,77309411328,73089024,77310935040,0
1787748487710362058,77379354624,77309411328,69943296,77312507904,0
1787748487739123660,77383811072,77309411328,74399744,77312507904,0
1787748487767158189,77382238208,77309411328,72826880,77310410752,0
1787748487794803280,77379354624,77309411328,69943296,77312507904,0
1787748487822976101,77380665344,77309411328,71254016,77314080768,0
1787748487852646470,77384073216,77309411328,74661888,77315129344,0
1787748487881758749,77385646080,77309411328,76234752,77315915776,0
1787748487909755437,77385383936,77309411328,75972608,77313556480,0
1787748487937807766,77382500352,77309411328,73089024,77311459328,0
1787748487965821125,77379616768,77309411328,70205440,77312770048,0
1787748487994281751,77383024640,77309411328,73613312,77310935040,0
1787748488022492153,77379874816,77309411328,70463488,77313290240,0
1787748488051002231,77383806976,77309411328,74395648,77312241664,0
1787748488078968498,77381971968,77309411328,72560640,77310144512,0
1787748488107742271,77379088384,77309411328,69677056,77313028096,0
1787748488136339940,77384331264,77309411328,74919936,77312503808,0
1787748488164022872,77381709824,77309411328,72298496,77309882368,0
1787748488191613602,77378301952,77309411328,68890624,77311193088,0
1787748488219022640,77369389056,77309411328,59977728,77310668800,0
1787748488247792942,77380399104,77309411328,70987776,77313552384,0
1787748488276593525,77385379840,77309411328,75968512,77314076672,0
1787748488304814487,77383806976,77309411328,74395648,77312241664,0
1787748488333050900,77381971968,77309411328,72560640,77310406656,0
1787748488361337473,77379874816,77309411328,70463488,77313290240,0
1787748488390556024,77384331264,77309411328,74919936,77312241664,0
1787748488418432019,77383020544,77309411328,73609216,77310930944,0
1787748488445932448,77379088384,77309411328,69677056,77311979520,0
1787748488473423247,77380661248,77309411328,71249920,77313028096,0
1787748488502167769,77381447680,77309411328,72036352,77310144512,0
1787748488530466462,77381185536,77309411328,71774208,77313814528,0
1787748488558066063,77383282688,77309411328,73871360,77311455232,0
1787748488585793976,77379874816,77309411328,70463488,77312491520,0
1787748488613260604,77381173248,77309411328,71761920,77313802240,0
1787748488641549748,77382746112,77309411328,73334784,77310656512,0
1787748488670312030,77382483968,77309411328,73072640,77310656512,0
1787748488698297598,77381173248,77309411328,71761920,77313802240,0
1787748488726746694,77383008256,77309411328,73596928,77311705088,0
1787748488754428546,77380648960,77309411328,71237632,77313277952,0
1787748488783291050,77384318976,77309411328,74907648,77312491520,0
1787748488811430841,77383270400,77309411328,73859072,77311442944,0
1787748488838862419,77379338240,77309411328,69926912,77311705088,0
1787748488866656153,77380386816,77309411328,70975488,77313277952,0
1787748488895064778,77382746112,77309411328,73334784,77311180800,0
1787748488924039125,77383008256,77309411328,73596928,77311442944,0
1787748488952174385,77381435392,77309411328,72024064,77309607936,0
1787748488979964059,77378813952,77309411328,69402624,77311180800,0
1787748489007711343,77378285568,77309411328,68874240,77311176704,0
1787748489036385013,77380907008,77309411328,71495680,77314060288,0
1787748489065189016,77385363456,77309411328,75952128,77314060288,0
1787748489093427269,77384314880,77309411328,74903552,77312487424,0
1787748489121983497,77382479872,77309411328,73068544,77311700992,0
1787748489149589808,77380907008,77309411328,71495680,77314060288,0
1787748489178079175,77382742016,77309411328,73330688,77311438848,0
1787748489206583503,77374353408,77309411328,64942080,77312225280,0
1787748489234934637,77381693440,77309411328,72282112,77310390272,0
1787748489262862464,77379858432,77309411328,70447104,77313273856,0
1787748489291327771,77381693440,77309411328,72282112,77310128128,0
1787748489319669725,77381169152,77309411328,71757824,77314322432,0
1787748489347901747,77384314880,77309411328,74903552,77312749568,0
1787748489376281242,77382742016,77309411328,73330688,77311176704,0
1787748489404259660,77380120576,77309411328,70709248,77312749568,0
1787748489432761728,77381955584,77309411328,72544256,77310652416,0
1787748489461527660,77382479872,77309411328,73068544,77310652416,0
1787748489489372005,77379858432,77309411328,70447104,77313011712,0
1787748489517185080,77381431296,77309411328,72019968,77309865984,0
1787748489545020665,77378023424,77309411328,68612096,77310914560,0
1787748489573319738,77380120576,77309411328,70709248,77313273856,0
1787748489602201093,77383004160,77309411328,73592832,77311700992,0
1787748489630640729,77381431296,77309411328,72019968,77310128128,0
1787748489658764659,77379596288,77309411328,70184960,77312487424,0
1787748489686687156,77381431296,77309411328,72019968,77309865984,0
1787748489715321726,77378023424,77309411328,68612096,77310914560,0
1787748489743972576,77382217728,77309411328,72806400,77310914560,0
1787748489772109366,77380382720,77309411328,70971392,77313536000,0
1787748489800126815,77383004160,77309411328,73592832,77311176704,0
1787748489828126133,77380120576,77309411328,70709248,77312749568,0
1787748489856626890,77383004160,77309411328,73592832,77311438848,0
1787748489884483506,77380382720,77309411328,70971392,77313273856,0
1787748489912253930,77381955584,77309411328,72544256,77309865984,0
1787748489939765539,77378285568,77309411328,68874240,77311176704,0
1787748489968085493,77379858432,77309411328,70447104,77312749568,0
1787748489996519469,77383266304,77309411328,73854976,77311176704,0
1787748490024549947,77379592192,77309411328,70180864,77312483328,0
1787748490052890762,77383000064,77309411328,73588736,77311172608,0
1787748490080645515,77380902912,77309411328,71491584,77313531904,0
1787748490109532790,77383786496,77309411328,74375168,77311959040,0
1787748490137783163,77383262208,77309411328,73850880,77311434752,0
1787748490165432494,77380116480,77309411328,70705152,77313269760,0
1787748490193101256,77381689344,77309411328,72278016,77309861888,0
1787748490221357449,77369368576,77309411328,59957248,77311696896,0
1787748490250065850,77383262208,77309411328,73850880,77311434752,0
1787748490277613400,77380378624,77309411328,70967296,77313531904,0
1787748490305485696,77381427200,77309411328,72015872,77309599744,0
1787748490332982864,77378281472,77309411328,68870144,77311172608,0
1787748490361028963,77380116480,77309411328,70705152,77312745472,0
1787748490389465959,77384310784,77309411328,74899456,77312483328,0
1787748490417519028,77380902912,77309411328,71491584,77314056192,0
1787748490445491876,77383524352,77309411328,74113024,77311696896,0
1787748490472958644,77378543616,77309411328,69132288,77311172608,0
1787748490501297949,77380640768,77309411328,71229440,77313531904,0
1787748490529872927,77384310784,77309411328,74899456,77312221184,0
1787748490557573820,77381165056,77309411328,71753728,77314056192,0
1787748490585189091,77382696960,77309411328,73285632,77310607360,0
1787748490613297071,77379813376,77309411328,70402048,77312442368,0
1787748490642386019,77383483392,77309411328,74072064,77311918080,0
1787748490670326556,77382696960,77309411328,73285632,77311131648,0
1787748490697715033,77379289088,77309411328,69877760,77312180224,0
1787748490725137570,77380337664,77309411328,70926336,77312966656,0
1787748490753689819,77381386240,77309411328,71974912,77310083072,0
1787748490782412310,77381386240,77309411328,71974912,77310083072,0
1787748490810154793,77380599808,77309411328,71188480,77313490944,0
1787748490837724703,77381648384,77309411328,72237056,77310083072,0
1787748490865426816,77377978368,77309411328,68567040,77311131648,0
1787748490893612598,77380075520,77309411328,70664192,77313228800,0
1787748490922062754,77384269824,77309411328,74858496,77312966656,0
1787748490949709545,77381910528,77309411328,72499200,77310607360,0
1787748490977241565,77378764800,77309411328,69353472,77311655936,0
1787748491005725282,77380333568,77309411328,70922240,77314273280,0
1787748491034137688,77381120000,77309411328,71708672,77310865408,0
1787748491063132414,77382168576,77309411328,72757248,77311913984,0
1787748491091747104,77381640192,77309411328,72228864,77311385600,0
1787748491120077738,77380591616,77309411328,71180288,77314793472,0
1787748491148038825,77383208960,77309411328,73797632,77312167936,0
1787748491177074712,77382156288,77309411328,72744960,77311377408,0
1787748491206041328,77374029824,77309411328,64618496,77313474560,0
1787748491235272809,77382414336,77309411328,73003008,77311635456,0
1787748491263269697,77381099520,77309411328,71688192,77313990656,0
1787748491291780515,77382672384,77309411328,73261056,77311893504,0
1787748491320497616,77382406144,77309411328,72994816,77311102976,0
1787748491348894412,77381095424,77309411328,71684096,77314248704,0
1787748491377425369,77383450624,77309411328,74039296,77312933888,0
1787748491406718931,77384495104,77309411328,75083776,77313454080,0
1787748491435572925,77383184384,77309411328,73773056,77312667648,0
1787748491465555270,77383966720,77309411328,74555392,77315809280,0
1787748491494139889,77385011200,77309411328,75599872,77314494464,0
1787748491522516324,77384486912,77309411328,75075584,77313183744,0
1787748491550867269,77381074944,77309411328,71663616,77315014656,0
1787748491579670242,77386051584,77309411328,76640256,77314224128,0
1787748491607806662,77383954432,77309411328,74543104,77313175552,0
1787748491636152367,77382119424,77309411328,72708096,77311602688,0
1787748491664030642,77379493888,77309411328,70082560,77312909312,0
1787748491692543880,77380538368,77309411328,71127040,77313953792,0
1787748491721832322,77384994816,77309411328,75583488,77315264512,0
1787748491750608954,77385519104,77309411328,76107776,77314998272,0
1787748491779138802,77383938048,77309411328,74526720,77313683456,0
1787748491807284393,77382627328,77309411328,73216000,77311324160,0
1787748491835982954,77380530176,77309411328,71118848,77313941504,0
1787748491865421839,77384982528,77309411328,75571200,77314990080,0
1787748491894058249,77384187904,77309411328,74776576,77313146880,0
1787748491922503045,77382090752,77309411328,72679424,77311049728,0
1787748491951044333,77380513792,77309411328,71102464,77313667072,0
1787748491979781865,77383917568,77309411328,74506240,77311565824,0
1787748492008588678,77379723264,77309411328,70311936,77313662976,0
1787748492037356180,77383393280,77309411328,73981952,77312614400,0
1787748492065632733,77382340608,77309411328,72929280,77310775296,0
1787748492094130940,77379452928,77309411328,70041600,77312606208,0
1787748492123386992,77382598656,77309411328,73187328,77312606208,0
1787748492151596074,77381017600,77309411328,71606272,77314433024,0
1787748492179662283,77382852608,77309411328,73441280,77311549440,0
1787748492207623090,77371052032,77309411328,61640704,77313380352,0
1787748492237281939,77384683520,77309411328,75272192,77313904640,0
1787748492266734024,77385203712,77309411328,75792384,77314949120,0
1787748492295560437,77384151040,77309411328,74739712,77313110016,0
1787748492323854551,77382311936,77309411328,72900608,77311795200,0
1787748492352639474,77380214784,77309411328,70803456,77313892352,0
1787748492381995937,77384929280,77309411328,75517952,77313363968,0
1787748492410622576,77383880704,77309411328,74469376,77312315392,0
1787748492439366268,77381783552,77309411328,72372224,77315723264,0
1787748492467876016,77384925184,77309411328,75513856,77313622016,0
1787748492496993724,77382037504,77309411328,72626176,77311520768,0
1787748492526756615,77382561792,77309411328,73150464,77312831488,0
1787748492555673480,77382295552,77309411328,72884224,77311254528,0
1787748492584415512,77381242880,77309411328,71831552,77315969024,0
1787748492612956660,77383860224,77309411328,74448896,77312032768,0
1787748492641637251,77382283264,77309411328,72871936,77309931520,0
1787748492670251060,77379399680,77309411328,69988352,77313339392,0
1787748492698842919,77382279168,77309411328,72867840,77310713856,0
1787748492727046891,77379395584,77309411328,69984256,77312811008,0
1787748492755832574,77381754880,77309411328,72343552,77314908160,0
1787748492785419401,77384634368,77309411328,75223040,77313855488,0
1787748492814061021,77383053312,77309411328,73641984,77311488000,0
1787748492842254583,77381218304,77309411328,71806976,77314109440,0
1787748492870797011,77382524928,77309411328,73113600,77310959616,0
1787748492899391260,77380952064,77309411328,71540736,77313318912,0
1787748492927875557,77383045120,77309411328,73633792,77310955520,0
1787748492956090029,77380685824,77309411328,71274496,77313839104,0
1787748492984100657,77381730304,77309411328,72318976,77315145728,0
1787748493013991700,77384876032,77309411328,75464704,77314617344,0
1787748493043632259,77385920512,77309411328,76509184,77315403776,0
1787748493072610835,77385920512,77309411328,76509184,77314613248,0
1787748493101261095,77383815168,77309411328,74403840,77312249856,0
1787748493129729062,77381455872,77309411328,72044544,77314347008,0
1787748493159558104,77384859648,77309411328,75448320,77314605056,0
1787748493188634822,77385117696,77309411328,75706368,77314338816,0
1787748493218087237,77376466944,77309411328,67055616,77315387392,0
1787748493246579524,77384589312,77309411328,75177984,77313286144,0
1787748493275109112,77381701632,77309411328,72290304,77314854912,0
1787748493303800332,77385371648,77309411328,75960320,77313019904,0
1787748493332416412,77383012352,77309411328,73601024,77311447040,0
1787748493360603173,77380648960,77309411328,71237632,77314064384,0
1787748493388474869,77381955584,77309411328,72544256,77315108864,0
1787748493417567727,77384052736,77309411328,74641408,77311700992,0
1787748493447373379,77384048640,77309411328,74637312,77314056192,0
1787748493475853426,77383782400,77309411328,74371072,77311954944,0
1787748493504344453,77380108288,77309411328,70696960,77314048000,0
1787748493532589446,77380104192,77309411328,70692864,77313781760,0
1787748493561798306,77384560640,77309411328,75149312,77313257472,0
1787748493590994916,77383249920,77309411328,73838592,77312200704,0
1787748493619098066,77381402624,77309411328,71991296,77314031616,0
1787748493647123955,77381922816,77309411328,72511488,77315600384,0
1787748493675732204,77384019968,77309411328,74608640,77312716800,0
1787748493704260412,77382705152,77309411328,73293824,77310091264,0
1787748493732461164,77379559424,77309411328,70148096,77312188416,0
1787748493760827589,77381656576,77309411328,72245248,77315072000,0
1787748493789068931,77384540160,77309411328,75128832,77312446464,0
1787748493817691781,77379813376,77309411328,70402048,77313490944,0
1787748493847010543,77384269824,77309411328,74858496,77313490944,0
1787748493875598252,77382692864,77309411328,73281536,77311651840,0
1787748493904004738,77380591616,77309411328,71180288,77313744896,0
1787748493932672248,77382426624,77309411328,73015296,77311647744,0
1787748493961689535,77381636096,77309411328,72224768,77315051520,0
1787748493990251794,77385039872,77309411328,75628544,77313474560,0
1787748494019005996,77382418432,77309411328,73007104,77311111168,0
1787748494047763808,77380841472,77309411328,71430144,77314519040,0
1787748494076775714,77384507392,77309411328,75096064,77313466368,0
1787748494106222839,77384507392,77309411328,75096064,77313990656,0
1787748494134768767,77382664192,77309411328,73252864,77311098880,0
1787748494162996940,77380304896,77309411328,70893568,77313458176,0
1787748494191168801,77381615616,77309411328,72204288,77315289088,0
1787748494220123427,77376106496,77309411328,66695168,77314502656,0
1787748494248768327,77384491008,77309411328,75079680,77313187840,0
1787748494277200173,77382393856,77309411328,72982528,77310828544,0
1787748494305254402,77376622592,77309411328,67211264,77310038016,0
1787748494333620407,77378457600,77309411328,69046272,77311873024,0
1787748494362594023,77381865472,77309411328,72454144,77315801088,0
1787748494391335544,77385269248,77309411328,75857920,77313703936,0
1787748494420145288,77383163904,77309411328,73752576,77312122880,0
1787748494448456841,77381328896,77309411328,71917568,77315006464,0
1787748494477549220,77383684096,77309411328,74272768,77312905216,0
1787748494507548605,77384470528,77309411328,75059200,77314215936,0
1787748494536273016,77383942144,77309411328,74530816,77313163264,0
1787748494564763293,77382365184,77309411328,72953856,77311324160,0
1787748494593407503,77380268032,77309411328,70856704,77313945600,0
1787748494622859828,77385244672,77309411328,75833344,77313679360,0
1787748494651628181,77383405568,77309411328,73994240,77312364544,0
1787748494679987125,77381832704,77309411328,72421376,77310005248,0
1787748494708556084,77379469312,77309411328,70057984,77313409024,0
1787748494736922209,77381566464,77309411328,72155136,77314719744,0
1787748494766456425,77384970240,77309411328,75558912,77314453504,0
1787748494795255318,77384441856,77309411328,75030528,77313400832,0
1787748494823902458,77382602752,77309411328,73191424,77311561728,0
1787748494852113390,77380767744,77309411328,71356416,77314183168,0
1787748494882192847,77384433664,77309411328,75022336,77314179072,0
1787748494911015950,77384691712,77309411328,75280384,77313912832,0
1787748494939665870,77383114752,77309411328,73703424,77311811584,0
1787748494967842711,77381017600,77309411328,71606272,77314433024,0
1787748494996347309,77382848512,77309411328,73437184,77311021056,0
1787748495025472498,77381013504,77309411328,71602176,77315215360,0
1787748495055274749,77384679424,77309411328,75268096,77316341760,0
1787748495087107908,77383974912,77309411328,74563584,77321330688,0
1787748495119745472,77390270464,77309411328,80859136,77323317248,0
1787748495153258752,77393567744,77309411328,84156416,77323583488,0
1787748495186103990,77392527360,77309411328,83116032,77322076160,0
1787748495217735715,77380792320,77309411328,71380992,77322870784,0
1787748495250933019,77392338944,77309411328,82927616,77321838592,0
1787748495280609868,77392613376,77309411328,83202048,77313183744,0
1787748495309276399,77382385664,77309411328,72974336,77311868928,0
1787748495337942469,77381332992,77309411328,71921664,77311078400,0
1787748495366620270,77380546560,77309411328,71135232,77315534848,0
1787748495395977963,77384732672,77309411328,75321344,77314740224,0
1787748495424895008,77385256960,77309411328,75845632,77314740224,0
1787748495453164351,77384204288,77309411328,74792960,77313163264,0
1787748495481161499,77381578752,77309411328,72167424,77310537728,0
1787748495510010753,77378957312,77309411328,69545984,77313421312,0
1787748495539446787,77383933952,77309411328,74522624,77313417216,0
1787748495568451044,77384196096,77309411328,74784768,77313937408,0
1787748495596451872,77383143424,77309411328,73732096,77311578112,0
1787748495624662744,77380255744,77309411328,70844416,77313933312,0
1787748495653498077,77382615040,77309411328,73203712,77311836160,0
1787748495682303080,77382873088,77309411328,73461760,77311832064,0
1787748495710834808,77381562368,77309411328,72151040,77310783488,0
1787748495739273044,77380247552,77309411328,70836224,77313925120,0
1787748495767526537,77383131136,77309411328,73719808,77312090112,0
1787748495797423690,77381033984,77309411328,71622656,77317595136,0
1787748495828036287,77389152256,77309411328,79740928,77316014080,0
1787748495856718047,77384691712,77309411328,75280384,77314437120,0
1787748495885413488,77383901184,77309411328,74489856,77313646592,0
1787748495914570888,77383376896,77309411328,73965568,77313122304,0
1787748495943760778,77383901184,77309411328,74489856,77312856064,0
1787748495971898679,77383110656,77309411328,73699328,77312331776,0
1787748495999802795,77380485120,77309411328,71073792,77314076672,0
1787748496028117219,77382492160,77309411328,73080832,77312237568,0
1787748496056987033,77381443584,77309411328,72032256,77311188992,0
1787748496085920068,77382225920,77309411328,72814592,77311447040,0
1787748496113772543,77379862528,77309411328,70451200,77313277952,0
1787748496141614349,77381173248,77309411328,71761920,77315112960,0
1787748496170004454,77382742016,77309411328,73330688,77312749568,0
1787748496198503231,77381165056,77309411328,71753728,77315104768,0
1787748496228364524,77378019328,77309411328,68608000,77313007616,0
1787748496257021434,77382205440,77309411328,72794112,77312212992,0
1787748496285184915,77381681152,77309411328,72269824,77311164416,0
1787748496313563980,77379055616,77309411328,69644288,77312208896,0
1787748496342565347,77383512064,77309411328,74100736,77312995328,0
1787748496371049184,77382725632,77309411328,73314304,77312471040,0
1787748496399197284,77381148672,77309411328,71737344,77315350528,0
1787748496428147810,77384032256,77309411328,74620928,77313515520,0
1787748496457052955,77382717440,77309411328,73306112,77312200704,0
1787748496486097472,77382975488,77309411328,73564160,77312983040,0
1787748496514042589,77381398528,77309411328,71987200,77314813952,0
1787748496542067978,77382443008,77309411328,73031680,77311664128,0
1787748496570433623,77379559424,77309411328,70148096,77313236992,0
1787748496599941769,77381914624,77309411328,72503296,77311660032,0
1787748496629326712,77382696960,77309411328,73285632,77312704512,0
1787748496657952222,77382172672,77309411328,72761344,77311918080,0
1787748496686342657,77381382144,77309411328,71970816,77314797568,0
1787748496715273303,77383217152,77309411328,73805824,77312958464,0
1787748496743765500,77383213056,77309411328,73801728,77311647744,0
1787748496772172675,77381373952,77309411328,71962624,77314265088,0
1787748496800854696,77383733248,77309411328,74321920,77313216512,0
1787748496829105969,77382156288,77309411328,72744960,77311115264,0
1787748496857754919,77379796992,77309411328,70385664,77313212416,0
1787748496887393657,77384249344,77309411328,74838016,77314781184,0
1787748496916147279,77384769536,77309411328,75358208,77314252800,0
1787748496944979373,77383720960,77309411328,74309632,77313466368,0
1787748496973282236,77381619712,77309411328,72208384,77315297280,0
1787748497002722391,77385547776,77309411328,76136448,77315031040,0
1787748497032301358,77386072064,77309411328,76660736,77316079616,0
1787748497061298065,77386067968,77309411328,76656640,77315026944,0
1787748497089879703,77385015296,77309411328,75603968,77313974272,0
1787748497118981712,77382127616,77309411328,72716288,77312397312,0
1787748497147866726,77383700480,77309411328,74289152,77312135168,0
1787748497176755181,77382389760,77309411328,72978432,77312135168,0
1787748497205016574,77374783488,77309411328,65372160,77310558208,0
1787748497233657284,77378711552,77309411328,69300224,77313175552,0
1787748497263500076,77383168000,77309411328,73756672,77313437696,0
1787748497292770147,77383426048,77309411328,74014720,77312647168,0
1787748497321638891,77382373376,77309411328,72962048,77312118784,0
1787748497350391723,77381586944,77309411328,72175616,77315260416,0
1787748497379423321,77383155712,77309411328,73744384,77311852544,0
1787748497408838945,77383675904,77309411328,74264576,77311848448,0
1787748497437490025,77381840896,77309411328,72429568,77315256320,0
1787748497466110215,77384462336,77309411328,75051008,77313155072,0
1787748497494650173,77381836800,77309411328,72425472,77315248128,0
1787748497523843343,77384192000,77309411328,74780672,77313150976,0
1787748497553554472,77384716288,77309411328,75304960,77314461696,0
1787748497581664173,77383135232,77309411328,73723904,77311832064,0
1787748497609891385,77379198976,77309411328,69787648,77312352256,0
1787748497638777449,77381558272,77309411328,72146944,77314973696,0
1787748497667322677,77386272768,77309411328,76861440,77313134592,0
1787748497695287035,77382340608,77309411328,72929280,77310513152,0
1787748497723145540,77378670592,77309411328,69259264,77311823872,0
1787748497751098587,77379715072,77309411328,70303744,77312868352,0
1787748497779687306,77381283840,77309411328,71872512,77314437120,0
1787748497809098880,77385478144,77309411328,76066816,77314699264,0
1787748497837511886,77382848512,77309411328,73437184,77311545344,0
1787748497865581455,77379964928,77309411328,70553600,77313642496,0
1787748497894393449,77382057984,77309411328,72646656,77311016960,0
1787748497922887506,77381791744,77309411328,72380416,77314158592,0
1787748497951295871,77382578176,77309411328,73166848,77311275008,0
1787748497979251089,77379428352,77309411328,70017024,77312843776,0
1787748498007578793,77381263360,77309411328,71852032,77314678784,0
1787748498036588699,77383618560,77309411328,74207232,77312315392,0
1787748498066002024,77383880704,77309411328,74469376,77312839680,0
1787748498094698575,77382569984,77309411328,73158656,77310738432,0
1787748498123057169,77379153920,77309411328,69742592,77312307200,0
1787748498151077928,77379149824,77309411328,69738496,77312303104,0
1787748498179943582,77381246976,77309411328,71835648,77314924544,0
1787748498209294115,77377048576,77309411328,67637248,77310726144,0
1787748498237226282,77379141632,77309411328,69730304,77312557056,0
1787748498265155518,77380714496,77309411328,71303168,77313601536,0
1787748498293742727,77381496832,77309411328,72085504,77314912256,0
1787748498322371817,77385687040,77309411328,76275712,77313073152,0
1787748498350438716,77382541312,77309411328,73129984,77310713856,0
1787748498378306372,77378871296,77309411328,69459968,77311762432,0
1787748498406478383,77379129344,77309411328,69718016,77312282624,0
1787748498435247765,77381488640,77309411328,72077312,77314904064,0
1787748498464277722,77385678848,77309411328,76267520,77314375680,0
1787748498492503175,77383057408,77309411328,73646080,77311225856,0
1787748498520541863,77378592768,77309411328,69181440,77312008192,0
1787748498548555112,77380165632,77309411328,70754304,77313843200,0
1787748498577640430,77383049216,77309411328,73637888,77311479808,0
1787748498606470653,77380943872,77309411328,71532544,77315145728,0
1787748498634855948,77384085504,77309411328,74674176,77312782336,0
1787748498662770465,77380673536,77309411328,71262208,77313564672,0
1787748498691400325,77381722112,77309411328,72310784,77315399680,0
1787748498719990984,77385650176,77309411328,76238848,77313036288,0
1787748498748526252,77383290880,77309411328,73879552,77311463424,0
1787748498778919084,77380669440,77309411328,71258112,77318873088,0
1787748498812423094,77387812864,77309411328,78401536,77324087296,0
1787748498846263730,77394075648,77309411328,84664320,77323943936,0
1787748498880276329,77394194432,77309411328,84783104,77326426112,0
1787748498909809276,77394579456,77309411328,85168128,77315031040,0
1787748498938352764,77384499200,77309411328,75087872,77313196032,0
1787748498967711767,77382135808,77309411328,72724480,77311356928,0
1787748498997672191,77383184384,77309411328,73773056,77313449984,0
1787748499026462824,77382647808,77309411328,73236480,77310820352,0
1787748499055306638,77381337088,77309411328,71925760,77315014656,0
1787748499084482157,77384478720,77309411328,75067392,77313175552,0
1787748499113567356,77384740864,77309411328,75329536,77312651264,0
1787748499142359378,77382905856,77309411328,73494528,77311340544,0
1787748499171247323,77380542464,77309411328,71131136,77314220032,0
1787748499199656908,77382897664,77309411328,73486336,77310283776,0
1787748499228378310,77371363328,77309411328,61952000,77314215936,0
1787748499257881226,77385252864,77309411328,75841536,77314998272,0
1787748499287030455,77384200192,77309411328,74788864,77313159168,0
1787748499315582813,77382627328,77309411328,73216000,77311057920,0
1787748499344133111,77379739648,77309411328,70328320,77312630784,0
1787748499373467134,77383933952,77309411328,74522624,77312892928,0
1787748499403743724,77382356992,77309411328,72945664,77314199552,0
1787748499433602117,77383929856,77309411328,74518528,77315506176,0
1787748499462309638,77384712192,77309411328,75300864,77313671168,0
1787748499491325235,77382873088,77309411328,73461760,77311569920,0
1787748499520237070,77380775936,77309411328,71364608,77315502080,0
1787748499549064173,77384704000,77309411328,75292672,77313662976,0
1787748499577733443,77383131136,77309411328,73719808,77312352256,0
1787748499606658039,77380505600,77309411328,71094272,77314969600,0
1787748499636367518,77385744384,77309411328,76333056,77315751936,0
1787748499665308624,77385216000,77309411328,75804672,77313388544,0
1787748499693932683,77381541888,77309411328,72130560,77315481600,0
1787748499722672855,77384163328,77309411328,74752000,77313646592,0
1787748499751955667,77384159232,77309411328,74747904,77313118208,0
1787748499780976184,77382848512,77309411328,73437184,77312593920,0
1787748499809901489,77381795840,77309411328,72384512,77311279104,0
1787748499838476238,77380747264,77309411328,71335936,77315211264,0
1787748499867528545,77383626752,77309411328,74215424,77312847872,0
1787748499897537750,77384409088,77309411328,74997760,77314940928,0
1787748499926400334,77384667136,77309411328,75255808,77313888256,0
1787748499955137086,77383090176,77309411328,73678848,77312049152,0
1787748499983970229,77380993024,77309411328,71581696,77315194880,0
1787748500014473184,77385969664,77309411328,76558336,77317287936,0
1787748500043954969,77388328960,77309411328,78917632,77312307200,0
1787748500072673381,77382295552,77309411328,72884224,77311778816,0
1787748500101424723,77379674112,77309411328,70262784,77314924544,0
1787748500130781616,77384130560,77309411328,74719232,77314400256,0
1787748500160789491,77384912896,77309411328,75501568,77316493312,0
1787748500190206785,77386215424,77309411328,76804096,77316485120,0
1787748500218686632,77376516096,77309411328,67104768,77315960832,0
1787748500247368043,77384114176,77309411328,74702848,77313859584,0
1787748500277494760,77383589888,77309411328,74178560,77314646016,0
1787748500307143649,77384896512,77309411328,75485184,77314641920,0
1787748500336128225,77384634368,77309411328,75223040,77314379776,0
1787748500364876087,77383319552,77309411328,73908224,77313064960,0
1787748500394217610,77381746688,77309411328,72335360,77316730880,0
1787748500424339647,77387247616,77309411328,77836288,77312798720,0
1787748500452847954,77380952064,77309411328,71540736,77314891776,0
1787748500481295841,77383307264,77309411328,73895936,77312266240,0
1787748500509480042,77380157440,77309411328,70746112,77314097152,0
1787748500538715823,77383565312,77309411328,74153984,77312524288,0
1787748500567894873,77383036928,77309411328,73625600,77312782336,0
1787748500595902761,77380673536,77309411328,71262208,77314613248,0
1787748500623972490,77382242304,77309411328,72830976,77310676992,0
1787748500652796584,77379358720,77309411328,69947392,77313298432,0
1787748500681480024,77383811072,77309411328,74399744,77311983616,0
1787748500709718767,77381713920,77309411328,72302592,77315391488,0
1787748500737886568,77383282688,77309411328,73871360,77311979520,0
1787748500765857986,77379874816,77309411328,70463488,77313552384,0
1787748500795086016,77381967872,77309411328,72556544,77311451136,0
1787748500824695394,77383540736,77309411328,74129408,77313024000,0
1787748500853000098,77381697536,77309411328,72286208,77316161536,0
1787748500881410494,77384056832,77309411328,74645504,77313277952,0
1787748500909947021,77381169152,77309411328,71757824,77315108864,0
1787748500939092971,77385359360,77309411328,75948032,77313794048,0
1787748500967455945,77383524352,77309411328,74113024,77311959040,0
1787748500995536795,77380116480,77309411328,70705152,77314056192,0
1787748501024163275,77379850240,77309411328,70438912,77314052096,0
1787748501053338084,77384040448,77309411328,74629120,77312737280,0
1787748501082754479,77384826880,77309411328,75415552,77313785856,0
1787748501111226375,77382463488,77309411328,73052160,77311422464,0
1787748501139308015,77379837952,77309411328,70426624,77313515520,0
1787748501167401175,77379575808,77309411328,70164480,77313515520,0
1787748501197238617,77382979584,77309411328,73568256,77312462848,0
1787748501226007559,77374586880,77309411328,65175552,77313507328,0
1787748501254460525,77381922816,77309411328,72511488,77311668224,0
1787748501282486894,77379559424,77309411328,70148096,77313236992,0
1787748501310560043,77380870144,77309411328,71458816,77313761280,0
1787748501339973088,77384011776,77309411328,74600448,77313495040,0
1787748501368344842,77382438912,77309411328,73027584,77311660032,0
1787748501396499693,77379551232,77309411328,70139904,77313490944,0
1787748501424738176,77381382144,77309411328,71970816,77315321856,0
1787748501454033368,77385048064,77309411328,75636736,77314269184,0
1787748501482780420,77385048064,77309411328,75636736,77313220608,0
1787748501511056703,77381902336,77309411328,72491008,77310599168,0
1787748501539216374,77377966080,77309411328,68554752,77311905792,0
1787748501567467287,77380059136,77309411328,70647808,77314260992,0
1787748501596860060,77383729152,77309411328,74317824,77313212416,0
1787748501626549940,77383987200,77309411328,74575872,77313994752,0
1787748501654724621,77382148096,77309411328,72736768,77311107072,0
1787748501682952663,77379260416,77309411328,69849088,77313462272,0
1787748501711773176,77381877760,77309411328,72466432,77311098880,0
1787748501740067060,77381087232,77309411328,71675904,77313716224,0
1787748501768327383,77382135808,77309411328,72724480,77311094784,0
1787748501796391152,77379248128,77309411328,69836800,77312925696,0
1787748501824427161,77381345280,77309411328,71933952,77315284992,0
1787748501853919626,77383176192,77309411328,73764864,77312659456,0
1787748501883016585,77381599232,77309411328,72187904,77316063232,0
1787748501911213456,77384740864,77309411328,75329536,77313437696,0
1787748501939535420,77381857280,77309411328,72445952,77310816256,0
1787748501968094009,77378445312,77309411328,69033984,77312647168,0
1787748501997154546,77383684096,77309411328,74272768,77311856640,0
1787748502025479410,77380538368,77309411328,71127040,77314478080,0
1787748502053874536,77383421952,77309411328,74010624,77312118784,0
1787748502081899614,77380009984,77309411328,70598656,77313949696,0
1787748502110967862,77382627328,77309411328,73216000,77311586304,0
1787748502140286264,77382365184,77309411328,72953856,77311586304,0
1787748502168400315,77380263936,77309411328,70852608,77313941504,0
1787748502196610407,77382094848,77309411328,72683520,77311315968,0
1787748502224504613,77368983552,77309411328,59572224,77312098304,0
1787748502254156321,77382352896,77309411328,72941568,77311311872,0
1787748502283748489,77382086656,77309411328,72675328,77312356352,0
1787748502311970811,77381558272,77309411328,72146944,77314187264,0
1787748502340366626,77383393280,77309411328,73981952,77311827968,0
1787748502369261621,77381029888,77309411328,71618560,77315231744,0
1787748502398360669,77386272768,77309411328,76861440,77314707456,0
1787748502426795575,77383647232,77309411328,74235904,77312344064,0
1787748502454824294,77381287936,77309411328,71876608,77314441216,0
1787748502483418863,77382856704,77309411328,73445376,77312819200,0
1787748502512321798,77380714496,77309411328,71303168,77314916352,0
1787748502541460887,77385691136,77309411328,76279808,77314912256,0
1787748502569819501,77383327744,77309411328,73916416,77312286720,0
1787748502597819019,77378867200,77309411328,69455872,77312282624,0
1787748502625899449,77380440064,77309411328,71028736,77313855488,0
1787748502655250122,77383057408,77309411328,73646080,77312540672,0
1787748502684571674,77382791168,77309411328,73379840,77312536576,0
1787748502712524082,77380689920,77309411328,71278592,77314367488,0
1787748502740770404,77382262784,77309411328,72851456,77311483904,0
1787748502769704900,77379112960,77309411328,69701632,77313314816,0
1787748502798513013,77384089600,77309411328,74678272,77312524288,0
1787748502826315897,77380681728,77309411328,71270400,77313572864,0
1787748502854307075,77381730304,77309411328,72318976,77315145728,0
1787748502882563238,77383151616,77309411328,73740288,77311848448,0
1787748502911224908,77379739648,77309411328,70328320,77313679360,0
1787748502940386187,77384196096,77309411328,74784768,77313679360,0
1787748502968368895,77381832704,77309411328,72421376,77310267392,0
1787748502997102027,77377634304,77309411328,68222976,77312897024,0
1787748503028987297,77381054464,77309411328,71643136,77323026432,0
1787748503062210921,77394849792,77309411328,85438464,77322952704,0
1787748503096047717,77392945152,77309411328,83533824,77324787712,0
1787748503129412485,77392416768,77309411328,83005440,77328715776,0
1787748503161920506,77396602880,77309411328,87191552,77325746176,0
1787748503193821946,77395734528,77309411328,86323200,77322211328,0
1787748503223339982,77382238208,77309411328,72826880,77314080768,0
1787748503252040263,77382762496,77309411328,73351168,77313032192,0
1787748503278760388,77340184576,77309411328,30773248,77308989440,0
1787748503418545134,77313482752,77309411328,4071424,77308239872,0
1787748503446014332,77321310208,77309411328,11898880,77305581568,0
1787748503473237966,77317857280,77309411328,8445952,77307633664,0
1787748503500138223,77319921664,77309411328,10510336,77304717312,0
1787748503526606493,77317025792,77309411328,7614464,77307064320,0
1787748503553079983,77318582272,77309411328,9170944,77308096512,0
1787748503580462730,77320916992,77309411328,11505664,77305188352,0
1787748503607531200,77318025216,77309411328,8613888,77307539456,0
1787748503634083432,77319852032,77309411328,10440704,77309366272,0
1787748503660824896,77321945088,77309411328,12533760,77306216448,0
1787748503687764555,77319057408,77309411328,9646080,77308833792,0
1787748503715273274,77322465280,77309411328,13053952,77306998784,0
1787748503741824795,77320880128,77309411328,11468800,77305675776,0
1787748503768375466,77319569408,77309411328,10158080,77309083648,0
1787748503795084280,77322715136,77309411328,13303808,77306986496,0
1787748503821739083,77320617984,77309411328,11206656,77305413632,0
1787748503849121730,77319569408,77309411328,10158080,77309083648,0
1787748503875935256,77323751424,77309411328,14340096,77308022784,0
1787748503902446197,77321388032,77309411328,11976704,77305659392,0
1787748503928889476,77319815168,77309411328,10403840,77309853696,0
1787748503955871055,77323481088,77309411328,14069760,77307752448,0
1787748503983515046,77322424320,77309411328,13012992,77307744256,0
1787748504010277482,77321109504,77309411328,11698176,77305643008,0
1787748504036961585,77320060928,77309411328,10649600,77304332288,0
1787748504063721310,77319274496,77309411328,9863168,77308788736,0
1787748504090759141,77323202560,77309411328,13791232,77307473920,0
1787748504118337731,77322153984,77309411328,12742656,77306425344,0
1787748504145088986,77320839168,77309411328,11427840,77305110528,0
1787748504171635137,77318742016,77309411328,9330688,77308256256,0
1787748504198249949,77321887744,77309411328,12476416,77306159104,0
1787748504225402902,77319790592,77309411328,10379264,77309304832,0
1787748504252875320,77323456512,77309411328,14045184,77307990016,0
1787748504279576104,77321621504,77309411328,12210176,77306417152,0
1787748504306595444,77320306688,77309411328,10895360,77304578048,0
1787748504333093114,77318205440,77309411328,8794112,77308506112,0
1787748504360400869,77322137600,77309411328,12726272,77306408960,0
1787748504387732965,77321089024,77309411328,11677696,77305360384,0
1787748504414418669,77320036352,77309411328,10625024,77304307712,0
1787748504441063432,77318201344,77309411328,8790016,77308239872,0
1787748504467666354,77322395648,77309411328,12984320,77306667008,0
1787748504494811306,77320560640,77309411328,11149312,77305618432,0
1787748504522148502,77319249920,77309411328,9838592,77309288448,0
1787748504548979428,77323177984,77309411328,13766656,77307973632,0
1787748504575457168,77322129408,77309411328,12718080,77306400768,0
1787748504602197293,77320814592,77309411328,11403264,77305085952,0
1787748504629020669,77319766016,77309411328,10354688,77309280256,0
1787748504656560799,77323698176,77309411328,14286848,77308231680,0
1787748504683179791,77321850880,77309411328,12439552,77306646528,0
1787748504709871235,77320273920,77309411328,10862592,77304545280,0
1787748504736440256,77319225344,77309411328,9814016,77308739584,0
1787748504763559978,77322608640,77309411328,13197312,77307666432,0
1787748504790988866,77321281536,77309411328,11870208,77306601472,0
1787748504817714440,77320491008,77309411328,11079680,77305286656,0
1787748504844237331,77318918144,77309411328,9506816,77309218816,0
1787748504870977056,77323108352,77309411328,13697024,77307641856,0
1787748504898137128,77322059776,77309411328,12648448,77306593280,0
1787748504925703268,77321011200,77309411328,11599872,77306331136,0
1787748504952640306,77320224768,77309411328,10813440,77305282560,0
1787748504979184217,77318909952,77309411328,9498624,77308686336,0
1787748505005779529,77323104256,77309411328,13692928,77307375616,0
1787748505032835160,77322313728,77309411328,12902400,77306585088,0
1787748505060610034,77321527296,77309411328,12115968,77306585088,0
1787748505087404720,77320208384,77309411328,10797056,77305528320,0
1787748505113926330,77319151616,77309411328,9740288,77308928000,0
1787748505140503502,77323345920,77309411328,13934592,77307617280,0
1787748505167637954,77322297344,77309411328,12886016,77306568704,0
1787748505195251805,77321248768,77309411328,11837440,77305520128,0
1787748505221771825,77318619136,77309411328,9207808,77308657664,0
1787748505248553501,77321764864,77309411328,12353536,77306822656,0
1787748505275171794,77320192000,77309411328,10780672,77304987648,0
1787748505302175543,77318881280,77309411328,9469952,77308395520,0
1787748505329771374,77323075584,77309411328,13664256,77307346944,0
1787748505356439467,77321494528,77309411328,12083200,77305765888,0
1787748505383143751,77319921664,77309411328,10510336,77304717312,0
1787748505409808224,77318873088,77309411328,9461760,77308387328,0
1787748505437239762,77323325440,77309411328,13914112,77307596800,0
1787748505464939354,77322276864,77309411328,12865536,77307072512,0
1787748505491620078,77320695808,77309411328,11284480,77304967168,0
1787748505518153619,77319647232,77309411328,10235904,77309161472,0
1787748505544857723,77323579392,77309411328,14168064,77308112896,0
1787748505572237020,77322530816,77309411328,13119488,77307064320,0
1787748505599826870,77321744384,77309411328,12333056,77306015744,0
1787748505626516504,77320691712,77309411328,11280384,77304963072,0
1787748505653001504,77319376896,77309411328,9965568,77308891136,0
1787748505679728888,77322522624,77309411328,13111296,77306793984,0
1787748505707121485,77321736192,77309411328,12324864,77306007552,0
1787748505734497951,77320949760,77309411328,11538432,77305221120,0
1787748505760976541,77319634944,77309411328,10223616,77309149184,0
1787748505787597284,77324091392,77309411328,14680064,77308362752,0
1787748505814517192,77323304960,77309411328,13893632,77307576320,0
1787748505841541292,77321990144,77309411328,12578816,77306785792,0
1787748505868954579,77321990144,77309411328,12578816,77306261504,0
1787748505895520320,77321203712,77309411328,11792384,77305737216,0
1787748505922204784,77320675328,77309411328,11264000,77305208832,0
1787748505948788546,77319888896,77309411328,10477568,77309403136,0
1787748505975988799,77324869632,77309411328,15458304,77309403136,0
1787748506003484218,77323816960,77309411328,14405632,77309136896,0
1787748506030217613,77323812864,77309411328,14401536,77308084224,0
1787748506057095350,77323026432,77309411328,13615104,77308084224,0
1787748506083865675,77322498048,77309411328,13086720,77306769408,0
1787748506111238271,77321711616,77309411328,12300288,77306507264,0
1787748506138728460,77320925184,77309411328,11513856,77305458688,0
1787748506165360073,77319864320,77309411328,10452992,77309640704,0
1787748506192069187,77323792384,77309411328,14381056,77308063744,0
1787748506218797091,77322743808,77309411328,13332480,77307015168,0
1787748506245925683,77322215424,77309411328,12804096,77306486784,0
1787748506273376681,77320896512,77309411328,11485184,77305954304,0
1787748506299981173,77319847936,77309411328,10436608,77309362176,0
1787748506326669117,77323767808,77309411328,14356480,77308039168,0
1787748506353414572,77322706944,77309411328,13295616,77306978304,0
1787748506380728647,77321654272,77309411328,12242944,77305925632,0
1787748506407988162,77319819264,77309411328,10407936,77310119936,0
1787748506434612454,77323747328,77309411328,14336000,77308018688,0
1787748506461136775,77322698752,77309411328,13287424,77307494400,0
1787748506487930771,77321117696,77309411328,11706368,77305389056,0
1787748506515060643,77319782400,77309411328,10371072,77309296640,0
1787748506542331987,77323968512,77309411328,14557184,77308239872,0
1787748506569039531,77321605120,77309411328,12193792,77306662912,0
1787748506595679194,77320294400,77309411328,10883072,77304827904,0
1787748506622333487,77318459392,77309411328,9048064,77307973632,0
1787748506649486729,77321859072,77309411328,12447744,77306916864,0
1787748506676786385,77320544256,77309411328,11132928,77305864192,0
1787748506703534869,77319495680,77309411328,10084352,77309009920,0
1787748506730116971,77322375168,77309411328,12963840,77307432960,0
1787748506757187132,77320278016,77309411328,10866688,77305073664,0
1787748506784633770,77319229440,77309411328,9818112,77308743680,0
1787748506811441526,77322108928,77309411328,12697600,77306380288,0
1787748506838133550,77320011776,77309411328,10600448,77304283136,0
1787748506864628820,77317386240,77309411328,7974912,77307424768,0
1787748506891698331,77320007680,77309411328,10596352,77304279040,0
1787748506919198809,77318434816,77309411328,9023488,77307949056,0
1787748506945899903,77321572352,77309411328,12161024,77305843712,0
1787748506972508816,77318680576,77309411328,9269248,77308456960,0
1787748506999154549,77321826304,77309411328,12414976,77306097664,0
1787748507026026596,77318680576,77309411328,9269248,77308981248,0
1787748507053457793,77322088448,77309411328,12677120,77307146240,0
1787748507080083436,77320245248,77309411328,10833920,77304516608,0
1787748507106570876,77318672384,77309411328,9261056,77308710912,0
1787748507133285160,77322866688,77309411328,13455360,77307138048,0
1787748507160158757,77320769536,77309411328,11358208,77305040896,0
1787748507187667136,77319720960,77309411328,10309632,77304516608,0
1787748507214368640,77318148096,77309411328,8736768,77308186624,0
1787748507240764669,77321547776,77309411328,12136448,77307392000,0
1787748507267305730,77321023488,77309411328,11612160,77306081280,0
1787748507294047724,77319712768,77309411328,10301440,77304770560,0
1787748507321523093,77319450624,77309411328,10039296,77305556992,0
1787748507348035943,77319966720,77309411328,10555392,77305024512,0
1787748507374571264,77319704576,77309411328,10293248,77304762368,0
1787748507401165516,77319704576,77309411328,10293248,77305286656,0
1787748507428083514,77319966720,77309411328,10555392,77306597376,0
1787748507455402690,77321789440,77309411328,12378112,77308416000,0
1787748507481952481,77322813440,77309411328,13402112,77304987648,0
1787748507508501492,77319659520,77309411328,10248192,77306290176,0
1787748507534927921,77319913472,77309411328,10502144,77307330560,0
1787748507561847889,77321224192,77309411328,11812864,77307854848,0
1787748507589065842,77322534912,77309411328,13123584,77309165568,0
1787748507615771256,77323845632,77309411328,14434304,77306019840,0
1787748507642375489,77319380992,77309411328,9969664,77306798080,0
1787748507668922000,77320429568,77309411328,11018240,77307060224,0
1787748507695649444,77320691712,77309411328,11280384,77307322368,0
1787748507722899448,77321740288,77309411328,12328960,77308633088,0
1787748507749471860,77321998336,77309411328,12587008,77308628992,0
1787748507775885539,77322260480,77309411328,12849152,77308891136,0
1787748507802429660,77322522624,77309411328,13111296,77309415424,0
1787748507829213865,77322780672,77309411328,13369344,77309935616,0
1787748507856491340,77323304960,77309411328,13893632,77306527744,0
1787748507882930059,77319364608,77309411328,9953280,77306519552,0
1787748507909420959,77319102464,77309411328,9691136,77305733120,0
1787748507935871819,77319364608,77309411328,9953280,77305995264,0
1787748507962656664,77319102464,77309411328,9691136,77305733120,0
1787748507990074311,77319364608,77309411328,9953280,77305995264,0
1787748508016836166,77319626752,77309411328,10215424,77306257408,0
1787748508043526230,77320404992,77309411328,10993664,77307035648,0
1787748508070020300,77321977856,77309411328,12566528,77308608512,0
1787748508097304855,77323288576,77309411328,13877248,77305462784,0
1787748508124841005,77320142848,77309411328,10731520,77306773504,0
1787748508151412006,77320916992,77309411328,11505664,77307547648,0
1787748508177960027,77321441280,77309411328,12029952,77308596224,0
1787748508204684912,77322752000,77309411328,13340672,77309382656,0
1787748508232371304,77324062720,77309411328,14651392,77307285504,0
1787748508259179100,77321699328,77309411328,12288000,77308329984,0
1787748508285722871,77323534336,77309411328,14123008,77305708544,0
1787748508312457626,77320650752,77309411328,11239424,77307805696,0
1787748508339431065,77321953280,77309411328,12541952,77309108224,0
1787748508366674799,77324304384,77309411328,14893056,77306478592,0
1787748508393191989,77321154560,77309411328,11743232,77307785216,0
1787748508419749111,77322448896,77309411328,13037568,77309079552,0
1787748508446285761,77323759616,77309411328,14348288,77305933824,0
1787748508473072887,77320613888,77309411328,11202560,77307244544,0
1787748508500365402,77321920512,77309411328,12509184,77309337600,0
1787748508527088996,77323751424,77309411328,14340096,77305925632,0
1787748508553589477,77320867840,77309411328,11456512,77307498496,0
1787748508580036346,77322178560,77309411328,12767232,77308809216,0
1787748508607034865,77323489280,77309411328,14077952,77305663488,0
1787748508634413652,77320339456,77309411328,10928128,77307752448,0
1787748508661024614,77322158080,77309411328,12746752,77308788736,0
1787748508687614406,77323726848,77309411328,14315520,77305901056,0
1787748508714237439,77320581120,77309411328,11169792,77307211776,0
1787748508741045845,77321891840,77309411328,12480512,77308522496,0
1787748508768594904,77323202560,77309411328,13791232,77306425344,0
1787748508795171396,77320843264,77309411328,11431936,77307736064,0
1787748508821960852,77322145792,77309411328,12734464,77308776448,0
1787748508848580174,77323456512,77309411328,14045184,77305630720,0
1787748508875536303,77320306688,77309411328,10895360,77306937344,0
1787748508902969550,77321617408,77309411328,12206080,77308248064,0
1787748508929587723,77322395648,77309411328,12984320,77309550592,0
1787748508956231126,77323706368,77309411328,14295040,77306142720,0
1787748508982887709,77320560640,77309411328,11149312,77307453440,0
1787748509009928239,77321871360,77309411328,12460032,77308764160,0
1787748509037558010,77323968512,77309411328,14557184,77306404864,0
1787748509064430067,77320814592,77309411328,11403264,77307445248,0
1787748509091096341,77322125312,77309411328,12713984,77308755968,0
1787748509117711223,77323173888,77309411328,13762560,77305610240,0
1787748509144698722,77319241728,77309411328,9830400,77305872384,0
1787748509172054019,77320028160,77309411328,10616832,77307183104,0
1787748509198708582,77320548352,77309411328,11137024,77307441152,0
1787748509225273473,77321060352,77309411328,11649024,77308477440,0
1787748509251892236,77322366976,77309411328,12955648,77305589760,0
1787748509278844804,77319221248,77309411328,9809920,77306638336,0
1787748509306309152,77320531968,77309411328,11120640,77308473344,0
1787748509332919735,77322362880,77309411328,12951552,77305585664,0
1787748509359538217,77319217152,77309411328,9805824,77306634240,0
1787748509386118559,77320523776,77309411328,11112448,77308727296,0
1787748509413152399,77322358784,77309411328,12947456,77306368000,0
1787748509440492575,77321310208,77309411328,11898880,77308727296,0
1787748509467218319,77323137024,77309411328,13725696,77306359808,0
1787748509493867642,77321039872,77309411328,11628544,77308456960,0
1787748509520551466,77323137024,77309411328,13725696,77306884096,0
1787748509547900512,77322346496,77309411328,12935168,77305569280,0
1787748509575515193,77320773632,77309411328,11362304,77308715008,0
1787748509602277708,77323128832,77309411328,13717504,77306613760,0
1787748509628855820,77321818112,77309411328,12406784,77309759488,0
1787748509655613025,77324439552,77309411328,15028224,77307662336,0
1787748509682987181,77322866688,77309411328,13455360,77306875904,0
1787748509710302226,77321289728,77309411328,11878400,77309231104,0
1787748509736936509,77324169216,77309411328,14757888,77307392000,0
1787748509763622893,77322072064,77309411328,12660736,77305294848,0
1787748509790551211,77321023488,77309411328,11612160,77308702720,0
1787748509818276484,77324169216,77309411328,14757888,77308440576,0
1787748509844993118,77322584064,77309411328,13172736,77305806848,0
1787748509871476408,77320749056,77309411328,11337728,77308952576,0
1787748509898221363,77323632640,77309411328,14221312,77307117568,0
1787748509925281714,77322055680,77309411328,12644352,77305278464,0
1787748509952817193,77319958528,77309411328,10547200,77308424192,0
1787748509979561868,77323104256,77309411328,13692928,77306327040,0
1787748510006371894,77320474624,77309411328,11063296,77307891712,0
1787748510033224461,77322833920,77309411328,13422592,77306056704,0
1787748510060282831,77320736768,77309411328,11325440,77308153856,0
1787748510087807410,77322833920,77309411328,13422592,77307105280,0
1787748510114573986,77320736768,77309411328,11325440,77308145664,0
1787748510141287130,77322301440,77309411328,12890112,77306310656,0
1787748510167866612,77320204288,77309411328,10792960,77307621376,0
1787748510194970913,77322301440,77309411328,12890112,77305524224,0
1787748510222504652,77320204288,77309411328,10792960,77308669952,0
1787748510249196046,77322031104,77309411328,12619776,77306040320,0
1787748510275787298,77319933952,77309411328,10522624,77308137472,0
1787748510302573424,77322293248,77309411328,12881920,77306302464,0
1787748510329780297,77321244672,77309411328,11833344,77308661760,0
1787748510357031661,77323329536,77309411328,13918208,77307338752,0
1787748510383655814,77322280960,77309411328,12869632,77305503744,0
1787748510410217425,77320441856,77309411328,11030528,77307858944,0
1787748510436897709,77322534912,77309411328,13123584,77305757696,0
1787748510463892508,77320167424,77309411328,10756096,77307584512,0
1787748510491535839,77322526720,77309411328,13115392,77306535936,0
1787748510518472618,77320691712,77309411328,11280384,77308891136,0
1787748510545077280,77322518528,77309411328,13107200,77306527744,0
1787748510571599181,77321207808,77309411328,11796480,77308887040,0
1787748510598714022,77323300864,77309411328,13889536,77306785792,0
1787748510626252182,77321465856,77309411328,12054528,77308882944,0
1787748510652931945,77323296768,77309411328,13885440,77306519552,0
1787748510679510157,77321199616,77309411328,11788288,77308616704,0
1787748510706118729,77323292672,77309411328,13881344,77306515456,0
1787748510733122499,77320933376,77309411328,11522048,77308612608,0
1787748510760594947,77322506240,77309411328,13094912,77306515456,0
1787748510787356942,77319880704,77309411328,10469376,77307297792,0
1787748510813935114,77320929280,77309411328,11517952,77308346368,0
1787748510840634948,77322240000,77309411328,12828672,77305462784,0
1787748510867955023,77318828032,77309411328,9416704,77306245120,0
1787748510894856401,77320134656,77309411328,10723328,77308338176,0
1787748510921628946,77322231808,77309411328,12820480,77306241024,0
1787748510948154017,77320658944,77309411328,11247616,77308338176,0
1787748510974780130,77322231808,77309411328,12820480,77306241024,0
1787748511001695038,77320921088,77309411328,11509760,77308600320,0
1787748511029308148,77323010048,77309411328,13598720,77306232832,0
1787748511056134905,77320646656,77309411328,11235328,77308588032,0
1787748511082732647,77322743808,77309411328,13332480,77307015168,0
1787748511109392180,77320908800,77309411328,11497472,77309112320,0
1787748511136380809,77323526144,77309411328,14114816,77306748928,0
1787748511163875268,77321691136,77309411328,12279808,77309632512,0
1787748511190581822,77323784192,77309411328,14372864,77307793408,0
1787748511217315617,77322735616,77309411328,13324288,77305958400,0
1787748511243999360,77320638464,77309411328,11227136,77308055552,0
1787748511271067401,77322993664,77309411328,13582336,77306216448,0
1787748511298566080,77321158656,77309411328,11747328,77309362176,0
1787748511325430737,77324304384,77309411328,14893056,77307527168,0
1787748511352192552,77322203136,77309411328,12791808,77305425920,0
1787748511378740943,77319839744,77309411328,10428416,77307256832,0
1787748511405963747,77321936896,77309411328,12525568,77309353984,0
1787748511433500546,77324034048,77309411328,14622720,77307518976,0
1787748511460130219,77321670656,77309411328,12259328,77309087744,0
1787748511486886654,77323767808,77309411328,14356480,77306990592,0
1787748511513482066,77321670656,77309411328,12259328,77309087744,0
1787748511540808001,77323767808,77309411328,14356480,77306990592,0
1787748511568471653,77321670656,77309411328,12259328,77310136320,0
1787748511595280819,77323235328,77309411328,13824000,77306458112,0
1787748511621885941,77321138176,77309411328,11726848,77308555264,0
1787748511648942172,77322448896,77309411328,13037568,77306458112,0
1787748511676207616,77320351744,77309411328,10940416,77308293120,0
1787748511703686765,77322706944,77309411328,13295616,77306454016,0
1787748511730436349,77319815168,77309411328,10403840,77308018688,0
1787748511757088772,77321646080,77309411328,12234752,77309063168,0
1787748511783750176,77324005376,77309411328,14594048,77307228160,0
1787748511811151973,77321121792,77309411328,11710464,77309063168,0
1787748511838641361,77323218944,77309411328,13807616,77307490304,0
1787748511865365466,77320589312,77309411328,11177984,77308006400,0
1787748511892018569,77322948608,77309411328,13537280,77306167296,0
1787748511918877296,77320060928,77309411328,10649600,77308264448,0
1787748511946232722,77322682368,77309411328,13271040,77306167296,0
1787748511973560117,77320847360,77309411328,11436032,77308526592,0
1787748512000305552,77322674176,77309411328,13262848,77306945536,0
1787748512026965605,77321883648,77309411328,12472320,77309562880,0
1787748512054190909,77324505088,77309411328,15093760,77307727872,0
1787748512081594826,77322407936,77309411328,12996608,77306679296,0
1787748512108961412,77321359360,77309411328,11948032,77308776448,0
1787748512135671676,77322924032,77309411328,13512704,77306146816,0
1787748512162234938,77320826880,77309411328,11415552,77308243968,0
1787748512189225687,77323186176,77309411328,13774848,77306933248,0
1787748512216418900,77321875456,77309411328,12464128,77309554688,0
1787748512243801787,77324234752,77309411328,14823424,77307457536,0
1787748512270596502,77322395648,77309411328,12984320,77305618432,0
1787748512297236625,77320028160,77309411328,10616832,77307445248,0
1787748512324536890,77322121216,77309411328,12709888,77305344000,0
1787748512352108480,77320810496,77309411328,11399168,77308489728,0
1787748512378876806,77323165696,77309411328,13754368,77306388480,0
1787748512405462667,77321318400,77309411328,11907072,77308735488,0
1787748512432215262,77323673600,77309411328,14262272,77306896384,0
1787748512459196582,77321310208,77309411328,11898880,77309513728,0
1787748512486803822,77324455936,77309411328,15044608,77307678720,0
1787748512513448725,77322350592,77309411328,12939264,77305532416,0
1787748512540090938,77320466432,77309411328,11055104,77307883520,0
1787748512566728281,77322563584,77309411328,13152256,77305786368,0
1787748512593601268,77320466432,77309411328,11055104,77308145664,0
1787748512621237049,77323083776,77309411328,13672448,77306568704,0
1787748512647766390,77321510912,77309411328,12099584,77308928000,0
1787748512674658478,77323341824,77309411328,13930496,77306564608,0
1787748512701155888,77321244672,77309411328,11833344,77308661760,0
1787748512728200208,77323341824,77309411328,13930496,77306564608,0
1787748512755795839,77322027008,77309411328,12615680,77305249792,0
1787748512782483172,77319925760,77309411328,10514432,77307342848,0
1787748512808962562,77321756672,77309411328,12345344,77309173760,0
1787748512835695817,77324115968,77309411328,14704640,77307338752,0
1787748512862684916,77322264576,77309411328,12853248,77305749504,0
1787748512890194035,77320699904,77309411328,11288576,77308379136,0
1787748512917131593,77323034624,77309411328,13623296,77306257408,0
1787748512943631314,77320937472,77309411328,11526144,77308354560,0
1787748512970432189,77323034624,77309411328,13623296,77306257408,0
1787748512997337947,77320937472,77309411328,11526144,77308354560,0
1787748513024975768,77323034624,77309411328,13623296,77307305984,0
1787748513051626741,77321453568,77309411328,12042240,77308870656,0
1787748513078371306,77323550720,77309411328,14139392,77306773504,0
1787748513104922707,77321715712,77309411328,12304384,77309132800,0
1787748513131997888,77324070912,77309411328,14659584,77307555840,0
1787748513159853774,77323014144,77309411328,13602816,77306236928,0
1787748513186511357,77320384512,77309411328,10973184,77308588032,0
1787748513213229291,77323268096,77309411328,13856768,77307015168,0
1787748513239747712,77321695232,77309411328,12283904,77309112320,0
1787748513266792342,77323792384,77309411328,14381056,77307015168,0
1787748513294301041,77321695232,77309411328,12283904,77310160896,0
1787748513321126907,77323784192,77309411328,14372864,77307531264,0
1787748513347708529,77322211328,77309411328,12800000,77305434112,0
1787748513374377092,77320372224,77309411328,10960896,77307789312,0
1787748513401327911,77322727424,77309411328,13316096,77305950208,0
1787748513428746378,77320626176,77309411328,11214848,77309091840,0
1787748513455475573,77323493376,77309411328,14082048,77306716160,0
1787748513482036884,77321396224,77309411328,11984896,77308813312,0
1787748513508795949,77323489280,77309411328,14077952,77306712064,0
1787748513535725887,77321392128,77309411328,11980800,77308809216,0
1787748513563367809,77323489280,77309411328,14077952,77307760640,0
1787748513589940210,77321383936,77309411328,11972608,77309325312,0
1787748513616660765,77322956800,77309411328,13545472,77307228160,0
1787748513643196616,77320859648,77309411328,11448320,77309063168,0
1787748513670320167,77323218944,77309411328,13807616,77307228160,0
1787748513697880547,77321121792,77309411328,11710464,77309587456,0
1787748513724491179,77322686464,77309411328,13275136,77305909248,0
1787748513751189783,77319540736,77309411328,10129408,77307744256,0
1787748513777711684,77321637888,77309411328,12226560,77309054976,0
1787748513804807035,77322948608,77309411328,13537280,77306433536,0
1787748513832210532,77320851456,77309411328,11440128,77308268544,0
1787748513858901036,77322682368,77309411328,13271040,77305905152,0
1787748513885442717,77319270400,77309411328,9859072,77306687488,0
1787748513912090140,77321105408,77309411328,11694080,77308784640,0
1787748513939206362,77323464704,77309411328,14053376,77306949632,0
1787748513966697350,77321891840,77309411328,12480512,77309308928,0
1787748513993301872,77323722752,77309411328,14311424,77307469824,0
1787748514019988106,77321625600,77309411328,12214272,77309304832,0
1787748514046716601,77323456512,77309411328,14045184,77306679296,0
1787748514073700820,77321359360,77309411328,11948032,77308776448,0
1787748514101186728,77323718656,77309411328,14307328,77307990016,0
1787748514127793300,77321351168,77309411328,11939840,77309816832,0
1787748514154365852,77323710464,77309411328,14299136,77306933248,0
1787748514181053006,77321613312,77309411328,12201984,77309030400,0
1787748514208197218,77323706368,77309411328,14295040,77307191296,0
1787748514235704397,77321871360,77309411328,12460032,77310074880,0
1787748514262420401,77324488704,77309411328,15077376,77307711488,0
1787748514289053514,77322391552,77309411328,12980224,77305614336,0
1787748514315868680,77320294400,77309411328,10883072,77307973632,0
1787748514343306777,77322387456,77309411328,12976128,77305610240,0
1787748514370579062,77320024064,77309411328,10612736,77307441152,0
1787748514397166064,77321072640,77309411328,11661312,77308751872,0
1787748514423850717,77323169792,77309411328,13758464,77306392576,0
1787748514450617953,77320286208,77309411328,10874880,77307703296,0
1787748514478012439,77322383360,77309411328,12972032,77305606144,0
1787748514505207153,77318971392,77309411328,9560064,77307174912,0
1787748514531817315,77320802304,77309411328,11390976,77308219392,0
1787748514558342446,77321850880,77309411328,12439552,77309267968,0
1787748514585460477,77323948032,77309411328,14536704,77307170816,0
1787748514612543938,77320536064,77309411328,11124736,77307953152,0
1787748514639956915,77322371072,77309411328,12959744,77305856000,0
1787748514666477036,77319221248,77309411328,9809920,77306638336,0
1787748514693110739,77319483392,77309411328,10072064,77307949056,0
1787748514719716581,77321052160,77309411328,11640832,77308469248,0
1787748514746836863,77322100736,77309411328,12689408,77305323520,0
1787748514774082057,77318955008,77309411328,9543680,77307158528,0
1787748514800746140,77320003584,77309411328,10592256,77307682816,0
1787748514827357012,77320781824,77309411328,11370496,77308198912,0
1787748514854293221,77321830400,77309411328,12419072,77309247488,0
1787748514881844030,77322878976,77309411328,13467648,77306101760,0
1787748514908455963,77319991296,77309411328,10579968,77307408384,0
1787748514935046124,77321302016,77309411328,11890688,77308719104,0
1787748514961557345,77321564160,77309411328,12152832,77309505536,0
1787748514988584205,77322596352,77309411328,13185024,77305819136,0
1787748515016182155,77319450624,77309411328,10039296,77306867712,0
1787748515043213916,77320224768,77309411328,10813440,77308166144,0
1787748515069880049,77321273344,77309411328,11862016,77309214720,0
1787748515096507431,77322584064,77309411328,13172736,77305806848,0
1787748515123611913,77319958528,77309411328,10547200,77307375616,0
1787748515150919648,77321003008,77309411328,11591680,77309468672,0
1787748515177671873,77323083776,77309411328,13672448,77306306560,0
1787748515204216354,77320982528,77309411328,11571200,77308399616,0
1787748515230930618,77322031104,77309411328,12619776,77305253888,0
1787748515257886777,77319933952,77309411328,10522624,77307875328,0
1787748515285494728,77322551296,77309411328,13139968,77307871232,0
1787748515312400145,77322022912,77309411328,12611584,77306556416,0
1787748515338955587,77320708096,77309411328,11296768,77309173760,0
1787748515365568449,77323591680,77309411328,14180352,77308125184,0
1787748515392651720,77322543104,77309411328,13131776,77307338752,0
1787748515420085208,77321752576,77309411328,12341248,77306548224,0
1787748515446774171,77320962048,77309411328,11550720,77307330560,0
1787748515473432664,77322010624,77309411328,12599296,77308379136,0
1787748515500178709,77323059200,77309411328,13647872,77306281984,0
1787748515527088957,77321224192,77309411328,11812864,77307592704,0
1787748515554542805,77322797056,77309411328,13385728,77309689856,0
1787748515581165617,77323837440,77309411328,14426112,77307060224,0
1787748515607829291,77322002432,77309411328,12591104,77308370944,0
1787748515634407402,77322002432,77309411328,12591104,77308633088,0
1787748515661508294,77323051008,77309411328,13639680,77306011648,0
1787748515688798509,77320691712,77309411328,11280384,77307846656,0
1787748515715669856,77322002432,77309411328,12591104,77308891136,0
1787748515742387740,77323309056,77309411328,13897728,77306793984,0
1787748515769055353,77321207808,77309411328,11796480,77307576320,0
1787748515795992192,77322256384,77309411328,12845056,77308624896,0
1787748515823551002,77323304960,77309411328,13893632,77307314176,0
1787748515850129783,77321728000,77309411328,12316672,77308620800,0
1787748515876707665,77323038720,77309411328,13627392,77309669376,0
1787748515903454480,77324087296,77309411328,14675968,77307572224,0
1787748515930330737,77321986048,77309411328,12574720,77308354560,0
1787748515957837356,77323034624,77309411328,13623296,77309927424,0
1787748515984614931,77324345344,77309411328,14934016,77308354560,0
1787748516011400507,77323284480,77309411328,13873152,77306507264,0
1787748516038224343,77321187328,77309411328,11776000,77307555840,0
1787748516065221462,77322235904,77309411328,12824576,77308604416,0
1787748516092857574,77323280384,77309411328,13869056,77307551744,0
1787748516119463046,77321428992,77309411328,12017664,77308321792,0
1787748516146020197,77321953280,77309411328,12541952,77309108224,0
1787748516172662230,77323001856,77309411328,13590528,77309894656,0
1787748516199711610,77324312576,77309411328,14901248,77308321792,0
1787748516227196539,77323001856,77309411328,13590528,77309370368,0
1787748516253902803,77323517952,77309411328,14106624,77306740736,0
1787748516280458584,77321682944,77309411328,12271616,77308051456,0
1787748516307158778,77322731520,77309411328,13320192,77309100032,0
1787748516334455703,77323513856,77309411328,14102528,77306736640,0
1787748516361888691,77321674752,77309411328,12263424,77309091840,0
1787748516388533113,77323239424,77309411328,13828096,77306986496,0
1787748516415243298,77320880128,77309411328,11468800,77308035072,0
1787748516441818679,77321928704,77309411328,12517376,77308297216,0
1787748516469026913,77322190848,77309411328,12779520,77309083648,0
1787748516496469780,77322973184,77309411328,13561856,77309341696,0
1787748516523052322,77322706944,77309411328,13295616,77309075456,0
1787748516549688245,77322706944,77309411328,13295616,77309599744,0
1787748516576397349,77323755520,77309411328,14344192,77306978304,0
1787748516603728714,77321658368,77309411328,12247040,77308026880,0
1787748516631181422,77322969088,77309411328,13557760,77309337600,0
1787748516657877156,77323751424,77309411328,14340096,77306974208,0
1787748516684519259,77320339456,77309411328,10928128,77307232256,0
1787748516711311555,77321388032,77309411328,11976704,77307756544,0
1787748516738615540,77322436608,77309411328,13025280,77308805120,0
1787748516766231311,77323485184,77309411328,14073856,77306970112,0
1787748516792819973,77320859648,77309411328,11448320,77308014592,0
1787748516819469286,77321646080,77309411328,12234752,77309063168,0
1787748516846217170,77322428416,77309411328,13017088,77306699776,0
1787748516873532186,77321904128,77309411328,12492800,77309583360,0
1787748516901076135,77324525568,77309411328,15114240,77308796928,0
1787748516927769179,77323464704,77309411328,14053376,77308522496,0
1787748516954379581,77322674176,77309411328,13262848,77307994112,0
1787748516980996844,77322412032,77309411328,13000704,77307207680,0
1787748517008024664,77321883648,77309411328,12472320,77309300736,0
1787748517035584164,77323980800,77309411328,14569472,77308776448,0
1787748517062447621,77323448320,77309411328,14036992,77307719680,0
1787748517089120794,77322399744,77309411328,12988416,77306671104,0
1787748517115648595,77321613312,77309411328,12201984,77309030400,0
1787748517142823307,77323972608,77309411328,14561280,77308243968,0
1787748517170365477,77322657792,77309411328,13246464,77307977728,0
1787748517196959269,77322653696,77309411328,13242368,77306925056,0
1787748517223580811,77321863168,77309411328,12451840,77309280256,0
1787748517250204814,77323960320,77309411328,14548992,77308231680,0
1787748517277385867,77323169792,77309411328,13758464,77307441152,0
1787748517305042698,77322121216,77309411328,12709888,77306392576,0
1787748517331794433,77320540160,77309411328,11128832,77308481536,0
1787748517358383965,77321580544,77309411328,12169216,77309521920,0
1787748517385035688,77323677696,77309411328,14266368,77307949056,0
1787748517412435005,77322362880,77309411328,12951552,77307158528,0
1787748517439919154,77322362880,77309411328,12951552,77306634240,0
1787748517466659948,77321048064,77309411328,11636736,77308465152,0
1787748517493378973,77323145216,77309411328,13733888,77307940864,0
1787748517520081176,77322358784,77309411328,12947456,77306892288,0
1787748517547304170,77321834496,77309411328,12423168,77309775872,0
1787748517574716637,77324189696,77309411328,14778368,77308461056,0
1787748517601630755,77323403264,77309411328,13991936,77308461056,0
1787748517628366060,77322088448,77309411328,12677120,77307408384,0
1787748517655298588,77321297920,77309411328,11886592,77309763584,0
1787748517682474691,77324177408,77309411328,14766080,77308710912,0
1787748517709955249,77323649024,77309411328,14237696,77307920384,0
1787748517736573561,77321814016,77309411328,12402688,77310017536,0
1787748517763365087,77323374592,77309411328,13963264,77307645952,0
1787748517790366357,77321277440,77309411328,11866112,77308694528,0
1787748517817545629,77323112448,77309411328,13701120,77307645952,0
1787748517844847125,77321277440,77309411328,11866112,77309743104,0
1787748517871498838,77322842112,77309411328,13430784,77307113472,0
1787748517898154651,77320744960,77309411328,11333632,77308686336,0
1787748517925147430,77322842112,77309411328,13430784,77307113472,0
1787748517952465525,77322055680,77309411328,12644352,77306327040,0
1787748517979616608,77320744960,77309411328,11333632,77308424192,0
1787748518006402523,77321789440,77309411328,12378112,77309730816,0
1787748518033144218,77323620352,77309411328,14209024,77307891712,0
1787748518060212359,77321785344,77309411328,12374016,77309202432,0
1787748518087662236,77323096064,77309411328,13684736,77308153856,0
1787748518114362860,77321519104,77309411328,12107776,77308936192,0
1787748518140989443,77322825728,77309411328,13414400,77307097088,0
1787748518167605935,77321510912,77309411328,12099584,77308928000,0
1787748518194613435,77322817536,77309411328,13406208,77307088896,0
1787748518222179845,77321760768,77309411328,12349440,77309964288,0
1787748518248807698,77323583488,77309411328,14172160,77308641280,0
1787748518275494471,77322534912,77309411328,13123584,77307592704,0
1787748518302171845,77321486336,77309411328,12075008,77309689856,0
1787748518329411149,77323321344,77309411328,13910016,77308641280,0
1787748518356617232,77323055104,77309411328,13643776,77307326464,0
1787748518383251365,77321998336,77309411328,12587008,77306269696,0
1787748518409832406,77321211904,77309411328,11800576,77308628992,0
1787748518436505940,77323309056,77309411328,13897728,77307580416,0
1787748518463505849,77322260480,77309411328,12849152,77306531840,0
1787748518491081699,77321211904,77309411328,11800576,77309677568,0
1787748518517745603,77323825152,77309411328,14413824,77308096512,0
1787748518544409576,77322252288,77309411328,12840960,77307047936,0
1787748518571053819,77320679424,77309411328,11268096,77308096512,0
1787748518597883635,77321728000,77309411328,12316672,77309145088,0
1787748518625514956,77323563008,77309411328,14151680,77308358656,0
1787748518652054037,77321457664,77309411328,12046336,77308874752,0
1787748518678710300,77322506240,77309411328,13094912,77306777600,0
1787748518705255061,77320671232,77309411328,11259904,77308088320,0
1787748518732108188,77321719808,77309411328,12308480,77309136896,0
1787748518759662388,77322768384,77309411328,13357056,77307039744,0
1787748518786290890,77320404992,77309411328,10993664,77307822080,0
1787748518812872452,77321453568,77309411328,12042240,77308870656,0
1787748518839452464,77322235904,77309411328,12824576,77306507264,0
1787748518866332631,77320138752,77309411328,10727424,77307555840,0
1787748518893716898,77321187328,77309411328,11776000,77308604416,0
1787748518920343100,77321969664,77309411328,12558336,77309386752,0
1787748518947049814,77323018240,77309411328,13606912,77307289600,0
1787748518973576615,77320921088,77309411328,11509760,77308338176,0
1787748519000473603,77321707520,77309411328,12296192,77309386752,0
1787748519027897830,77322752000,77309411328,13340672,77307547648,0
1787748519054587694,77321437184,77309411328,12025856,77308854272,0
1787748519081326188,77323272192,77309411328,13860864,77307805696,0
1787748519107870479,77321699328,77309411328,12288000,77309116416,0
1787748519135165574,77323272192,77309411328,13860864,77307543552,0
1787748519162585822,77321175040,77309411328,11763712,77309116416,0
1787748519189127323,77321691136,77309411328,12279808,77309894656,0
1787748519215675734,77323001856,77309411328,13590528,77308059648,0
1787748519242475000,77320904704,77309411328,11493376,77308846080,0
1787748519270143971,77322215424,77309411328,12804096,77307273216,0
1787748519297220722,77320638464,77309411328,11227136,77308055552,0
1787748519323944857,77321687040,77309411328,12275712,77309104128,0
1787748519350537239,77322723328,77309411328,13312000,77306994688,0
1787748519377252133,77320888320,77309411328,11476992,77308305408,0
1787748519404623869,77323763712,77309411328,14352384,77308035072,0
1787748519431936634,77321928704,77309411328,12517376,77310132224,0
1787748519458730060,77323489280,77309411328,14077952,77308022784,0
1787748519485313712,77321654272,77309411328,12242944,77309071360,0
1787748519512136268,77322960896,77309411328,13549568,77307494400,0
1787748519539385322,77320859648,77309411328,11448320,77308276736,0
1787748519566636166,77321908224,77309411328,12496896,77310373888,0
1787748519593286609,77322682368,77309411328,13271040,77308002304,0
1787748519619849541,77321101312,77309411328,11689984,77308518400,0
1787748519646920602,77322137600,77309411328,12726272,77307195392,0
1787748519674005793,77320814592,77309411328,11403264,77308231680,0
1787748519701268117,77322383360,77309411328,12972032,77307965440,0
1787748519727953941,77321064448,77309411328,11653120,77308481536,0
1787748519754595243,77322375168,77309411328,12963840,77308219392,0
1787748519781582163,77321850880,77309411328,12439552,77309267968,0
1787748519808898778,77323948032,77309411328,14536704,77309005824,0
1787748519835512360,77323681792,77309411328,14270464,77308739584,0
1787748519862174433,77323419648,77309411328,14008320,77308477440,0
1787748519888731035,77322891264,77309411328,13479936,77307949056,0
1787748519915716974,77322629120,77309411328,13217792,77307686912,0
1787748519943257583,77322366976,77309411328,12955648,77307949056,0
1787748519969789304,77321838592,77309411328,12427264,77309255680,0
1787748519996410277,77324197888,77309411328,14786560,77309517824,0
1787748520023062330,77323149312,77309411328,13737984,77308207104,0
1787748520050174051,77322358784,77309411328,12947456,77308203008,0
1787748520077685510,77321564160,77309411328,12152832,77310029824,0
1787748520104455766,77323657216,77309411328,14245888,77309501440,0
1787748520131025127,77323132928,77309411328,13721600,77308190720,0
1787748520157534387,77321822208,77309411328,12410880,77309501440,0
1787748520184552297,77323919360,77309411328,14508032,77308977152,0
1787748520211953944,77323649024,77309411328,14237696,77308706816,0
1787748520238593207,77323120640,77309411328,13709312,77308178432,0
1787748520265200509,77323120640,77309411328,13709312,77308178432,0
1787748520291861262,77322063872,77309411328,12652544,77307908096,0
1787748520319000374,77321797632,77309411328,12386304,77310263296,0
1787748520346001464,77323616256,77309411328,14204928,77308674048,0
1787748520373055574,77323350016,77309411328,13938688,77308420096,0
1787748520399952222,77321785344,77309411328,12374016,77310185472,0
1787748520427055153,77323816960,77309411328,14405632,77309992960,0
1787748520454856118,77324673024,77309411328,15261696,77306707968,0
1787748520482926547,77321650176,77309411328,12238848,77307449344,0
1787748520510133830,77322121216,77309411328,12709888,77307908096,0
1787748520537415055,77322063872,77309411328,12652544,77308018688,0
1787748520564552477,77321650176,77309411328,12238848,77308882944,0
1787748520592153287,77323563008,77309411328,14151680,77308575744,0
1787748520620172136,77322989568,77309411328,13578240,77309095936,0
1787748520647405530,77322461184,77309411328,13049856,77308567552,0
1787748520674520661,77322461184,77309411328,13049856,77308493824,0
1787748520702217933,77322125312,77309411328,12713984,77307056128,0
1787748520730220361,77321998336,77309411328,12587008,77310111744,0
1787748520757792242,77324517376,77309411328,15106048,77306691584,0
1787748520784950234,77321629696,77309411328,12218368,77309833216,0
1787748520811979554,77323726848,77309411328,14315520,77310124032,0
1787748520839743168,77323755520,77309411328,14344192,77309788160,0
1787748520867649114,77323669504,77309411328,14258176,77310042112,0
1787748520895057871,77323395072,77309411328,13983744,77309566976,0
1787748520922183943,77323444224,77309411328,14032896,77309693952,0
1787748520949343965,77323579392,77309411328,14168064,77309370368,0
1787748520976493747,77324050432,77309411328,14639104,77306130432,0
1787748521004150069,77320810496,77309411328,11399168,77308227584,0
1787748521031514025,77323689984,77309411328,14278656,77309009920,0
1787748521058276150,77323423744,77309411328,14012416,77308743680,0
1787748521084947664,77323423744,77309411328,14012416,77308743680,0
1787748521111996264,77323681792,77309411328,14270464,77309001728,0
1787748521139699176,77324201984,77309411328,14790656,77307424768,0
1787748521166364100,77321572352,77309411328,12161024,77309251584,0
1787748521193033683,77323403264,77309411328,13991936,77309247488,0
1787748521219634685,77322612736,77309411328,13201408,77307932672,0
1787748521246923680,77322612736,77309411328,13201408,77307932672,0
1787748521274516720,77322612736,77309411328,13201408,77308981248,0
1787748521301355027,77323395072,77309411328,13983744,77308715008,0
1787748521328079061,77323386880,77309411328,13975552,77308706816,0
1787748521354654323,77323386880,77309411328,13975552,77308706816,0
1787748521382089820,77323911168,77309411328,14499840,77310017536,0
1787748521409715491,77324959744,77309411328,15548416,77307133952,0
1787748521436373035,77321547776,77309411328,12136448,77308964864,0
1787748521462965667,77323644928,77309411328,14233600,77308964864,0
1787748521489708051,77322592256,77309411328,13180928,77307912192,0
1787748521516579098,77321261056,77309411328,11849728,77308678144,0
1787748521544356012,77324144640,77309411328,14733312,77307105280,0
1787748521571041696,77321519104,77309411328,12107776,77308936192,0
1787748521597611987,77323616256,77309411328,14204928,77308936192,0
1787748521624179289,77323616256,77309411328,14204928,77308936192,0
1787748521651395612,77323616256,77309411328,14204928,77309198336,0
1787748521679058644,77324660736,77309411328,15249408,77306834944,0
1787748521705604875,77320986624,77309411328,11575296,77308665856,0
1787748521732292779,77322297344,77309411328,12886016,77307617280,0
1787748521758846290,77322297344,77309411328,12886016,77307617280,0
1787748521786100644,77321248768,77309411328,11837440,77309190144,0
1787748521813720075,77323345920,77309411328,13934592,77309714432,0
1787748521840436689,77323849728,77309411328,14438400,77309169664,0
1787748521867158214,77324111872,77309411328,14700544,77306286080,0
1787748521893716365,77320966144,77309411328,11554816,77308383232,0
1787748521921118512,77323063296,77309411328,13651968,77308383232,0
1787748521948568630,77323063296,77309411328,13651968,77308383232,0
1787748521975349185,77322792960,77309411328,13381632,77308112896,0
1787748522001951057,77322792960,77309411328,13381632,77308112896,0
1787748522029255472,77322788864,77309411328,13377536,77308895232,0
1787748522056794062,77323575296,77309411328,14163968,77309157376,0
1787748522083977435,77323571200,77309411328,14159872,77308891136,0
1787748522110586067,77323304960,77309411328,13893632,77308624896,0
1787748522137303021,77323304960,77309411328,13893632,77308624896,0
1787748522164165958,77323567104,77309411328,14155776,77308887040,0
1787748522191457573,77323563008,77309411328,14151680,77308882944,0
1787748522219027593,77323821056,77309411328,14409728,77310189568,0
1787748522245780188,77324865536,77309411328,15454208,77307039744,0
1787748522272334079,77321445376,77309411328,12034048,77309124608,0
1787748522299303878,77322756096,77309411328,13344768,77308338176,0
1787748522326935859,77322756096,77309411328,13344768,77309124608,0
1787748522353508531,77323804672,77309411328,14393344,77309124608,0
1787748522380253765,77323800576,77309411328,14389248,77309120512,0
1787748522406986890,77323800576,77309411328,14389248,77309120512,0
1787748522433878347,77323796480,77309411328,14385152,77309116416,0
1787748522461667601,77323796480,77309411328,14385152,77309902848,0
1787748522488670991,77324058624,77309411328,14647296,77309632512,0
1787748522515229372,77323788288,77309411328,14376960,77309632512,0
1787748522541934756,77323788288,77309411328,14376960,77309632512,0
1787748522569125319,77324312576,77309411328,14901248,77307011072,0
1787748522596762110,77321691136,77309411328,12279808,77309370368,0
1787748522623712459,77323788288,77309411328,14376960,77310156800,0
1787748522650307451,77323517952,77309411328,14106624,77309624320,0
1787748522676957304,77324042240,77309411328,14630912,77309624320,0
1787748522703918863,77324566528,77309411328,15155200,77306740736,0
1787748522730838371,77321420800,77309411328,12009472,77308837888,0
1787748522758524413,77323517952,77309411328,14106624,77309886464,0
1787748522785239377,77323771904,77309411328,14360576,77309353984,0
1787748522811889410,77324034048,77309411328,14622720,77309353984,0
1787748522838810898,77324034048,77309411328,14622720,77309353984,0
1787748522866628723,77324034048,77309411328,14622720,77309353984,0
1787748522893322456,77323501568,77309411328,14090240,77308821504,0
1787748522919902348,77323763712,77309411328,14352384,77309607936,0
1787748522946672273,77324288000,77309411328,14876672,77307248640,0
1787748522973674863,77321404416,77309411328,11993088,77309607936,0
1787748523000951347,77324025856,77309411328,14614528,77309607936,0
1787748523028641630,77324288000,77309411328,14876672,77306986496,0
1787748523055425585,77320871936,77309411328,11460608,77309337600,0
1787748523082049528,77324009472,77309411328,14598144,77309853696,0
1787748523108814223,77323743232,77309411328,14331904,77309849600,0
1787748523136311591,77323735040,77309411328,14323712,77309841408,0
1787748523163002815,77323984896,77309411328,14573568,77309304832,0
1787748523189664428,77323460608,77309411328,14049280,77309304832,0
1787748523216277691,77323198464,77309411328,13787136,77309304832,0
1787748523243397882,77322936320,77309411328,13524992,77309304832,0
1787748523271162676,77323460608,77309411328,14049280,77309566976,0
1787748523297755428,77322928128,77309411328,13516800,77308248064,0
1787748523324586964,77321879552,77309411328,12468224,77309296640,0
1787748523351280588,77323452416,77309411328,14041088,77308772352,0
1787748523378203786,77322403840,77309411328,12992512,77308510208,0
1787748523405390299,77322661888,77309411328,13250560,77308768256,0
1787748523432072393,77322391552,77309411328,12980224,77309284352,0
1787748523458618564,77322649600,77309411328,13238272,77308755968,0
1787748523485344118,77322649600,77309411328,13238272,77309542400,0
1787748523512384978,77323698176,77309411328,14286848,77308231680,0
1787748523540077721,77322911744,77309411328,13500416,77308755968,0
1787748523566848696,77322907648,77309411328,13496320,77308489728,0
1787748523593577030,77321854976,77309411328,12443648,77308747776,0
1787748523620179772,77322903552,77309411328,13492224,77309009920,0
1787748523647235293,77322641408,77309411328,13230080,77308747776,0
1787748523674817293,77323939840,77309411328,14528512,77307949056,0
1787748523701756401,77322088448,77309411328,12677120,77309198336,0
1787748523728376374,77323350016,77309411328,13938688,77307883520,0
1787748523755005256,77321777152,77309411328,12365824,77308669952,0
1787748523782028866,77322821632,77309411328,13410304,77309452288,0
1787748523809664848,77324394496,77309411328,14983168,77308141568,0
1787748523836412222,77322555392,77309411328,13144064,77308661760,0
1787748523863016005,77323341824,77309411328,13930496,77307088896,0
1787748523889664177,77321768960,77309411328,12357632,77307875328,0
1787748523916661377,77322555392,77309411328,13144064,77308395520,0
1787748523944051664,77323075584,77309411328,13664256,77309444096,0
1787748523970727047,77323595776,77309411328,14184448,77307604992,0
1787748523997321629,77322022912,77309411328,12611584,77308391424,0
1787748524024124525,77322780672,77309411328,13369344,77309149184,0
1787748524051209836,77323829248,77309411328,14417920,77308100608,0
1787748524078759595,77322780672,77309411328,13369344,77309411328,0
1787748524105364828,77323034624,77309411328,13623296,77309665280,0
1787748524132079822,77323558912,77309411328,14147584,77307305984,0
1787748524158651653,77321195520,77309411328,11784192,77307301888,0
1787748524185757215,77321453568,77309411328,12042240,77308346368,0
1787748524213186592,77323022336,77309411328,13611008,77309128704,0
1787748524240039419,77323272192,77309411328,13860864,77309378560,0
1787748524266646781,77324058624,77309411328,14647296,77307805696,0
1787748524293461537,77322747904,77309411328,13336576,77309378560,0
1787748524320924535,77323534336,77309411328,14123008,77308329984,0
1787748524348167599,77323005952,77309411328,13594624,77309112320,0
1787748524374774531,77323784192,77309411328,14372864,77307531264,0
1787748524401461245,77322211328,77309411328,12800000,77308317696,0
1787748524428027226,77322997760,77309411328,13586432,77309104128,0
1787748524455117968,77323784192,77309411328,14372864,77308841984,0
1787748524482497474,77323784192,77309411328,14372864,77308841984,0
1787748524509283670,77323255808,77309411328,13844480,77308837888,0
1787748524535844591,77322985472,77309411328,13574144,77309091840,0
1787748524562508854,77323763712,77309411328,14352384,77309083648,0
1787748524589438722,77323763712,77309411328,14352384,77309083648,0
1787748524616941391,77323763712,77309411328,14352384,77309083648,0
1787748524643551033,77323493376,77309411328,14082048,77308813312,0
1787748524670257897,77322444800,77309411328,13033472,77307764736,0
1787748524696816339,77321129984,77309411328,11718656,77308547072,0
1787748524723899650,77322174464,77309411328,12763136,77307494400,0
1787748524751365228,77322170368,77309411328,12759040,77307490304,0
1787748524778196634,77321646080,77309411328,12234752,77309587456,0
1787748524804765246,77322952704,77309411328,13541376,77308272640,0
1787748524831479840,77322690560,77309411328,13279232,77308272640,0
1787748524858789665,77322948608,77309411328,13537280,77308268544,0
1787748524886377985,77322948608,77309411328,13537280,77308792832,0
1787748524912990997,77322682368,77309411328,13271040,77308526592,0
1787748524939677571,77322682368,77309411328,13271040,77308526592,0
1787748524966301634,77322682368,77309411328,13271040,77308788736,0
1787748524993673310,77323980800,77309411328,14569472,77309562880,0
1787748525021288281,77324238848,77309411328,14827520,77307723776,0
1787748525048116597,77322399744,77309411328,12988416,77308506112,0
1787748525074784380,77322399744,77309411328,12988416,77308768256,0
1787748525101429663,77322661888,77309411328,13250560,77308768256,0
1787748525128605886,77323710464,77309411328,14299136,77309030400,0
1787748525156269248,77323710464,77309411328,14299136,77310078976,0
1787748525182848969,77323964416,77309411328,14553088,77309546496,0
1787748525209502953,77324226560,77309411328,14815232,77307449344,0
1787748525236328209,77322129408,77309411328,12718080,77307449344,0
1787748525263548582,77322129408,77309411328,12718080,77307449344,0
1787748525291119382,77323177984,77309411328,13766656,77308497920,0
1787748525317841187,77322645504,77309411328,13234176,77307965440,0
1787748525344489100,77322645504,77309411328,13234176,77308489728,0
1787748525371319746,77322645504,77309411328,13234176,77308751872,0
1787748525398464688,77322903552,77309411328,13492224,77308747776,0
1787748525425691122,77323427840,77309411328,14016512,77308747776,0
1787748525452302494,77323427840,77309411328,14016512,77308747776,0
1787748525478924686,77323161600,77309411328,13750272,77308481536,0
1787748525505802494,77323161600,77309411328,13750272,77308481536,0
1787748525533442585,77323161600,77309411328,13750272,77308481536,0
1787748525560019757,77322629120,77309411328,13217792,77307949056,0
1787748525586721501,77322629120,77309411328,13217792,77308211200,0
1787748525613231401,77322629120,77309411328,13217792,77307949056,0
1787748525640201580,77322629120,77309411328,13217792,77307949056,0
1787748525667795220,77322629120,77309411328,13217792,77307949056,0
1787748525694404172,77322096640,77309411328,12685312,77307940864,0
1787748525721041825,77322096640,77309411328,12685312,77308203008,0
1787748525747516855,77322354688,77309411328,12943360,77308461056,0
1787748525774159298,77322354688,77309411328,12943360,77308461056,0
1787748525801705287,77323403264,77309411328,13991936,77308985344,0
1787748525828357090,77322862592,77309411328,13451264,77308706816,0
1787748525854778259,77322334208,77309411328,12922880,77307650048,0
1787748525881397392,77322055680,77309411328,12644352,77307637760,0
1787748525908152496,77321269248,77309411328,11857920,77308686336,0
1787748525935576484,77323366400,77309411328,13955072,77308686336,0
1787748525962307918,77323104256,77309411328,13692928,77308420096,0
1787748525988920481,77322051584,77309411328,12640256,77307371520,0
1787748526015437941,77320736768,77309411328,11325440,77308940288,0
1787748526042576553,77323096064,77309411328,13684736,77309202432,0
1787748526069943369,77323882496,77309411328,14471168,77309202432,0
1787748526096554682,77323616256,77309411328,14204928,77308936192,0
1787748526123143063,77323616256,77309411328,14204928,77308936192,0
1787748526149819787,77323616256,77309411328,14204928,77308936192,0
1787748526177377527,77323350016,77309411328,13938688,77309718528,0
1787748526204650091,77324398592,77309411328,14987264,77307621376,0
1787748526231292424,77322035200,77309411328,12623872,77307355136,0
1787748526258033529,77322035200,77309411328,12623872,77307355136,0
1787748526284597640,77322035200,77309411328,12623872,77307355136,0
1787748526312164290,77322035200,77309411328,12623872,77308403712,0
1787748526339437305,77322551296,77309411328,13139968,77307871232,0
1787748526366147749,77322551296,77309411328,13139968,77307871232,0
1787748526392829062,77322551296,77309411328,13139968,77307871232,0
1787748526419384973,77322551296,77309411328,13139968,77307871232,0
1787748526446366882,77322027008,77309411328,12615680,77307871232,0
1787748526473890671,77322551296,77309411328,13139968,77307871232,0
1787748526500567205,77322018816,77309411328,12607488,77307338752,0
1787748526527131256,77321232384,77309411328,11821056,77309435904,0
1787748526553714618,77323329536,77309411328,13918208,77308649472,0
1787748526581103535,77322543104,77309411328,13131776,77308649472,0
1787748526608670885,77322014720,77309411328,12603392,77308383232,0
1787748526635415100,77322014720,77309411328,12603392,77307334656,0
1787748526662063613,77320699904,77309411328,11288576,77308903424,0
1787748526688745596,77322797056,77309411328,13385728,77308116992,0
1787748526715963510,77322797056,77309411328,13385728,77308116992,0
1787748526743519529,77322797056,77309411328,13385728,77308379136,0
1787748526770273114,77322264576,77309411328,12853248,77308108800,0
1787748526796844316,77322264576,77309411328,12853248,77307584512,0
1787748526823787664,77322002432,77309411328,12591104,77307584512,0
1787748526851073799,77322264576,77309411328,12853248,77307584512,0
1787748526878637989,77322264576,77309411328,12853248,77308633088,0
1787748526905249441,77322518528,77309411328,13107200,77308100608,0
1787748526931948355,77322518528,77309411328,13107200,77308100608,0
1787748526958657729,77322780672,77309411328,13369344,77308100608,0
1787748526986385122,77322780672,77309411328,13369344,77308100608,0
1787748527013432842,77323042816,77309411328,13631488,77309149184,0
1787748527040349590,77323563008,77309411328,14151680,77308882944,0
1787748527067083695,77323563008,77309411328,14151680,77308882944,0
1787748527094078184,77323296768,77309411328,13885440,77308616704,0
1787748527121739416,77323296768,77309411328,13885440,77308878848,0
1787748527148478970,77323030528,77309411328,13619200,77308874752,0
1787748527175513910,77323030528,77309411328,13619200,77309136896,0
1787748527202125973,77323292672,77309411328,13881344,77309399040,0
1787748527229177793,77323030528,77309411328,13619200,77309136896,0
1787748527256731773,77323288576,77309411328,13877248,77309132800,0
1787748527283414046,77323546624,77309411328,14135296,77308866560,0
1787748527310327924,77323546624,77309411328,14135296,77308866560,0
1787748527337046018,77323538432,77309411328,14127104,77308858368,0
1787748527364114619,77323534336,77309411328,14123008,77308854272,0
1787748527391556417,77323522048,77309411328,14110720,77309366272,0
1787748527418336522,77323255808,77309411328,13844480,77309100032,0
1787748527444959565,77323255808,77309411328,13844480,77309100032,0
1787748527471679339,77323509760,77309411328,14098432,77308829696,0
1787748527498718679,77323239424,77309411328,13828096,77308559360,0
1787748527526273439,77323497472,77309411328,14086144,77309865984,0
1787748527553002083,77324271616,77309411328,14860288,77308018688,0
1787748527579578645,77322694656,77309411328,13283328,77308276736,0
1787748527606165427,77322956800,77309411328,13545472,77308538880,0
1787748527633271178,77323481088,77309411328,14069760,77308276736,0
1787748527660797277,77322686464,77309411328,13275136,77309841408,0
1787748527687507611,77324255232,77309411328,14843904,77309050880,0
1787748527714215445,77323730944,77309411328,14319616,77308526592,0
1787748527740788157,77323206656,77309411328,13795328,77309313024,0
1787748527767875048,77323993088,77309411328,14581760,77308788736,0
1787748527795451138,77323198464,77309411328,13787136,77310353408,0
1787748527822253514,77323976704,77309411328,14565376,77309296640,0
1787748527848785685,77323182080,77309411328,13770752,77309288448,0
1787748527875528419,77323968512,77309411328,14557184,77308764160,0
1787748527902692162,77323444224,77309411328,14032896,77308239872,0
1787748527930326333,77322919936,77309411328,13508608,77310074880,0
1787748527957045727,77323173888,77309411328,13762560,77310328832,0
1787748527983713861,77323956224,77309411328,14544896,77309014016,0
1787748528010547017,77323431936,77309411328,14020608,77308227584,0
1787748528037808211,77322907648,77309411328,13496320,77309014016,0
1787748528065208628,77323694080,77309411328,14282752,77309538304,0
1787748528091800920,77322637312,77309411328,13225984,77309530112,0
1787748528118480064,77323423744,77309411328,14012416,77309267968,0
1787748528145528064,77323423744,77309411328,14012416,77308743680,0
1787748528173155735,77323677696,77309411328,14266368,77308473344,0
1787748528199871399,77322625024,77309411328,13213696,77309255680,0
1787748528226472601,77322616832,77309411328,13205504,77308723200,0
1787748528253061083,77322354688,77309411328,12943360,77308985344,0
1787748528280065273,77322346496,77309411328,12935168,77308452864,0
1787748528307422459,77322072064,77309411328,12660736,77308702720,0
1787748528334140943,77321793536,77309411328,12382208,77308948480,0
1787748528360689014,77322571776,77309411328,13160448,77308678144,0
1787748528387440219,77322309632,77309411328,12898304,77308416000,0
1787748528414366697,77322039296,77309411328,12627968,77308669952,0
1787748528441865125,77323603968,77309411328,14192640,77309186048,0
1787748528468485108,77323866112,77309411328,14454784,77309186048,0
1787748528495357365,77323599872,77309411328,14188544,77308919808,0
1787748528521953557,77322551296,77309411328,13139968,77308919808,0
1787748528548980287,77323599872,77309411328,14188544,77308919808,0
1787748528576404374,77323071488,77309411328,13660160,77308653568,0
1787748528603005326,77322018816,77309411328,12607488,77308911616,0
1787748528629634129,77323067392,77309411328,13656064,77308387328,0
1787748528656269152,77322018816,77309411328,12607488,77308387328,0
1787748528683169679,77323063296,77309411328,13651968,77308383232,0
1787748528710622077,77323063296,77309411328,13651968,77308383232,0
1787748528737409433,77323055104,77309411328,13643776,77307326464,0
1787748528763944753,77321740288,77309411328,12328960,77308633088,0
1787748528790609037,77322788864,77309411328,13377536,77309157376,0
1787748528817660437,77323837440,77309411328,14426112,77309157376,0
1787748528845220167,77323837440,77309411328,14426112,77310205952,0
1787748528871859700,77323567104,77309411328,14155776,77309673472,0
1787748528898547213,77323829248,77309411328,14417920,77309673472,0
1787748528925196566,77323567104,77309411328,14155776,77308887040,0
1787748528952251927,77323304960,77309411328,13893632,77309149184,0
1787748528979810486,77322780672,77309411328,13369344,77310197760,0
1787748529006416999,77323296768,77309411328,13885440,77308616704,0
1787748529033222955,77322510336,77309411328,13099008,77309665280,0
1787748529059944379,77323558912,77309411328,14147584,77308878848,0
1787748529087216193,77323558912,77309411328,14147584,77308878848,0
1787748529114674961,77323558912,77309411328,14147584,77309927424,0
1787748529141350205,77323288576,77309411328,13877248,77309394944,0
1787748529168031828,77324075008,77309411328,14663680,77309657088,0
1787748529194797963,77324599296,77309411328,15187968,77307822080,0
1787748529222149679,77322502144,77309411328,13090816,77308870656,0
1787748529249723499,77323812864,77309411328,14401536,77309919232,0
1787748529276429143,77324587008,77309411328,15175680,77307809792,0
1787748529303275540,77322219520,77309411328,12808192,77308588032,0
1787748529330265799,77323264000,77309411328,13852672,77308583936,0
1787748529357790638,77323264000,77309411328,13852672,77308317696,0
1787748529384880179,77323522048,77309411328,14110720,77309366272,0
1787748529411747256,77324042240,77309411328,14630912,77309624320,0
1787748529438374589,77324038144,77309411328,14626816,77309358080,0
1787748529465660254,77324038144,77309411328,14626816,77309358080,0
1787748529493473258,77324038144,77309411328,14626816,77309882368,0
1787748529520133211,77323763712,77309411328,14352384,77310132224,0
1787748529546862366,77324021760,77309411328,14610432,77309865984,0
1787748529573545129,77324279808,77309411328,14868480,77308026880,0
1787748529600662931,77322436608,77309411328,13025280,77309329408,0
1787748529628157970,77323214848,77309411328,13803520,77309583360,0
1787748529654738171,77323735040,77309411328,14323712,77309317120,0
1787748529681443345,77323210752,77309411328,13799424,77309317120,0
1787748529708063568,77322944512,77309411328,13533184,77310099456,0
1787748529735251371,77324247040,77309411328,14835712,77308256256,0
1787748529762747369,77322670080,77309411328,13258752,77309038592,0
1787748529789484134,77323452416,77309411328,14041088,77308772352,0
1787748529816229338,77323452416,77309411328,14041088,77308772352,0
1787748529842821420,77323452416,77309411328,14041088,77308772352,0
1787748529869697828,77323452416,77309411328,14041088,77308772352,0
1787748529897202046,77323448320,77309411328,14036992,77309816832,0
1787748529923924951,77323960320,77309411328,14548992,77309280256,0
1787748529950586724,77324222464,77309411328,14811136,77307445248,0
1787748529977293328,77322125312,77309411328,12713984,77308755968,0
1787748530004250506,77323173888,77309411328,13762560,77309018112,0
1787748530032006740,77324222464,77309411328,14811136,77307445248,0
1787748530059085291,77321592832,77309411328,12181504,77309009920,0
1787748530085668923,77323165696,77309411328,13754368,77309009920,0
1787748530112317846,77323689984,77309411328,14278656,77309009920,0
1787748530139364166,77323689984,77309411328,14278656,77309009920,0
1787748530166901235,77323689984,77309411328,14278656,77309796352,0
1787748530193575679,77323681792,77309411328,14270464,77309526016,0
1787748530220314303,77323415552,77309411328,14004224,77309521920,0
1787748530246839674,77323931648,77309411328,14520320,77309513728,0
1787748530273946425,77323931648,77309411328,14520320,77309513728,0
1787748530301663008,77324193792,77309411328,14782464,77307416576,0
1787748530328315411,77321560064,77309411328,12148736,77307928576,0
1787748530354952504,77322870784,77309411328,13459456,77309239296,0
1787748530381667978,77323915264,77309411328,14503936,77309235200,0
1787748530408703628,77323653120,77309411328,14241792,77309235200,0
1787748530436267048,77323915264,77309411328,14503936,77309235200,0
1787748530462964572,77323382784,77309411328,13971456,77308702720,0
1787748530489591014,77322330112,77309411328,12918784,77308698624,0
1787748530516299668,77322592256,77309411328,13180928,77309747200,0
1787748530543479731,77323370496,77309411328,13959168,77309739008,0
1787748530571067641,77324156928,77309411328,14745600,77307641856,0
1787748530597664093,77321789440,77309411328,12378112,77308157952,0
1787748530624396898,77322838016,77309411328,13426688,77309206528,0
1787748530651061411,77323886592,77309411328,14475264,77309206528,0
1787748530678106491,77323886592,77309411328,14475264,77309206528,0
1787748530705637731,77322829824,77309411328,13418496,77310246912,0
1787748530732366255,77323612160,77309411328,14200832,77308932096,0
1787748530758963997,77322559488,77309411328,13148160,77309452288,0
1787748530785625850,77322559488,77309411328,13148160,77309452288,0
1787748530812754702,77322559488,77309411328,13148160,77309714432,0
1787748530840397233,77322559488,77309411328,13148160,77309976576,0
1787748530867025066,77322293248,77309411328,12881920,77308661760,0
1787748530893722290,77321506816,77309411328,12095488,77308661760,0
1787748530920428404,77320978432,77309411328,11567104,77307346944,0
1787748530947765129,77319929856,77309411328,10518528,77308657664,0
1787748530975293329,77322027008,77309411328,12615680,77308395520,0
1787748531001926111,77320712192,77309411328,11300864,77309177856,0
1787748531028762518,77322022912,77309411328,12611584,77309177856,0
1787748531055992921,77321760768,77309411328,12349440,77308653568,0
1787748531083618522,77322285056,77309411328,12873728,77309177856,0
1787748531110292546,77322543104,77309411328,13131776,77309435904,0
1787748531136972089,77323325440,77309411328,13914112,77308645376,0
1787748531163674893,77322276864,77309411328,12865536,77309431808,0
1787748531190777085,77323325440,77309411328,13914112,77308645376,0
1787748531218217592,77323325440,77309411328,13914112,77309169664,0
1787748531244841685,77323059200,77309411328,13647872,77308379136,0
1787748531271554969,77323321344,77309411328,13910016,77308641280,0
1787748531298254313,77323055104,77309411328,13643776,77307326464,0
1787748531325543228,77322006528,77309411328,12595200,77309423616,0
1787748531352724170,77323837440,77309411328,14426112,77309157376,0
1787748531379487255,77323837440,77309411328,14426112,77309157376,0
1787748531406215500,77323837440,77309411328,14426112,77309157376,0
1787748531432799601,77323837440,77309411328,14426112,77309157376,0
1787748531459964394,77323051008,77309411328,13639680,77308108800,0
1787748531487589205,77321474048,77309411328,12062720,77309939712,0
1787748531514326920,77323304960,77309411328,13893632,77307838464,0
1787748531540796329,77321469952,77309411328,12058624,77309411328,0
1787748531567464833,77323042816,77309411328,13631488,77309935616,0
1787748531594747597,77323567104,77309411328,14155776,77308362752,0
1787748531622172544,77323042816,77309411328,13631488,77309411328,0
1787748531648796687,77323558912,77309411328,14147584,77309403136,0
1787748531675522641,77323034624,77309411328,13623296,77309927424,0
1787748531702227625,77324083200,77309411328,14671872,77309140992,0
1787748531729389148,77322772480,77309411328,13361152,77309140992,0
1787748531757079200,77322772480,77309411328,13361152,77310189568,0
1787748531783791874,77323026432,77309411328,13615104,77309657088,0
1787748531810586310,77322231808,77309411328,12820480,77308600320,0
1787748531837192222,77321437184,77309411328,12025856,77309378560,0
1787748531864299793,77321961472,77309411328,12550144,77309378560,0
1787748531891796852,77322747904,77309411328,13336576,77309378560,0
1787748531918486336,77321695232,77309411328,12283904,77309112320,0
1787748531945213910,77321695232,77309411328,12283904,77309898752,0
1787748531972180859,77322735616,77309411328,13324288,77309366272,0
1787748531999458293,77322207232,77309411328,12795904,77309100032,0
1787748532026988833,77322207232,77309411328,12795904,77308837888,0
1787748532053785768,77321674752,77309411328,12263424,77309091840,0
1787748532080617255,77322461184,77309411328,13049856,77309091840,0
1787748532107644665,77322723328,77309411328,13312000,77309091840,0
1787748532135229665,77323771904,77309411328,14360576,77309353984,0
1787748532161879018,77323501568,77309411328,14090240,77309083648,0
1787748532188591162,77323239424,77309411328,13828096,77309345792,0
1787748532215164423,77322977280,77309411328,13565952,77309083648,0
1787748532242253354,77323763712,77309411328,14352384,77309083648,0
1787748532269960717,77323239424,77309411328,13828096,77309345792,0
1787748532296899275,77322711040,77309411328,13299712,77309079552,0
1787748532323796493,77322444800,77309411328,13033472,77308809216,0
1787748532350514437,77321912320,77309411328,12500992,77309853696,0
1787748532377629429,77323485184,77309411328,14073856,77308805120,0
1787748532404833182,77322436608,77309411328,13025280,77309329408,0
1787748532431499315,77322416128,77309411328,13004800,77309308928,0
1787748532458209429,77322670080,77309411328,13258752,77309825024,0
1787748532484852612,77323456512,77309411328,14045184,77308776448,0
1787748532512140307,77322407936,77309411328,12996608,77308776448,0
1787748532539647416,77323182080,77309411328,13770752,77308502016,0
1787748532566393710,77322649600,77309411328,13238272,77309280256,0
1787748532593093164,77322903552,77309411328,13492224,77309534208,0
1787748532619784228,77323943936,77309411328,14532608,77309263872,0
1787748532646884499,77323415552,77309411328,14004224,77308997632,0
1787748532674374988,77323677696,77309411328,14266368,77308997632,0
1787748532701113152,77323415552,77309411328,14004224,77308997632,0
1787748532727701914,77322362880,77309411328,12951552,77308731392,0
1787748532754234455,77322096640,77309411328,12685312,77308727296,0
1787748532781194094,77322620928,77309411328,13209600,77309513728,0
1787748532808664532,77323145216,77309411328,13733888,77308989440,0
1787748532835378606,77321830400,77309411328,12419072,77310033920,0
1787748532861879446,77322878976,77309411328,13467648,77309247488,0
1787748532888462688,77322350592,77309411328,12939264,77308981248,0
1787748532915339185,77321564160,77309411328,12152832,77308981248,0
1787748532942921515,77322612736,77309411328,13201408,77309505536,0
1787748532969467026,77322080256,77309411328,12668928,77308448768,0
1787748532996077238,77322080256,77309411328,12668928,77308448768,0
1787748533022717621,77321031680,77309411328,11620352,77309497344,0
1787748533049535747,77322080256,77309411328,12668928,77308973056,0
1787748533077043106,77323128832,77309411328,13717504,77308973056,0
1787748533103538546,77322596352,77309411328,13185024,77308964864,0
1787748533130204279,77323120640,77309411328,13709312,77308964864,0
1787748533156696759,77322596352,77309411328,13185024,77309489152,0
1787748533183770570,77323644928,77309411328,14233600,77308964864,0
1787748533211212768,77323644928,77309411328,14233600,77308964864,0
1787748533238056774,77323382784,77309411328,13971456,77308964864,0
1787748533264530834,77322326016,77309411328,12914688,77309218816,0
1787748533291169997,77323374592,77309411328,13963264,77308694528,0
1787748533318498252,77322326016,77309411328,12914688,77309480960,0
1787748533345774027,77323374592,77309411328,13963264,77308694528,0
1787748533372419960,77322059776,77309411328,12648448,77309214720,0
1787748533399045892,77322055680,77309411328,12644352,77309210624,0
1787748533425470801,77313404928,77309411328,3993600,77309210624,0
