ts_ns,current_before,target_current,requested,current_after,rc
1787749234363898549,77319925760,77309411328,10514432,77311406080,0
1787749234393476595,77380349952,77309411328,70938624,77316124672,0
1787749234423676752,77387427840,77309411328,78016512,77311930368,0
1787749234452400892,77382184960,77309411328,72773632,77311143936,0
1787749234480646723,77380612096,77309411328,71200768,77313765376,0
1787749234509152959,77381922816,77309411328,72511488,77310881792,0
1787749234538385988,77380874240,77309411328,71462912,77314551808,0
1787749234566995436,77385592832,77309411328,76181504,77314027520,0
1787749234595540073,77383495680,77309411328,74084352,77312192512,0
1787749234623596071,77381398528,77309411328,71987200,77314551808,0
1787749234652192538,77383233536,77309411328,73822208,77311406080,0
1787749234681241624,77382447104,77309411328,73035776,77310619648,0
1787749234709521326,77380874240,77309411328,71462912,77314027520,0
1787749234737840559,77383495680,77309411328,74084352,77311668224,0
1787749234765621161,77380349952,77309411328,70938624,77313241088,0
1787749234794616646,77382447104,77309411328,73035776,77310881792,0
1787749234823164323,77381660672,77309411328,72249344,77314813952,0
1787749234851591667,77384806400,77309411328,75395072,77313241088,0
1787749234879843789,77382447104,77309411328,73035776,77310881792,0
1787749234908416086,77379301376,77309411328,69890048,77312716800,0
1787749234937379310,77383233536,77309411328,73822208,77311668224,0
1787749234965697103,77381660672,77309411328,72249344,77314813952,0
1787749234994005425,77384282112,77309411328,74870784,77312454656,0
1787749235022242816,77380612096,77309411328,71200768,77313503232,0
1787749235051547067,77385326592,77309411328,75915264,77313236992,0
1787749235080592083,77384802304,77309411328,75390976,77312712704,0
1787749235108681111,77382443008,77309411328,73031680,77310091264,0
1787749235136714998,77378510848,77309411328,69099520,77311664128,0
1787749235165084702,77380345856,77309411328,70934528,77313499136,0
1787749235193982265,77380345856,77309411328,70934528,77313499136,0
1787749235221587684,77373792256,77309411328,64380928,77311664128,0
1787749235249342376,77379821568,77309411328,70410240,77312188416,0
1787749235277049458,77378510848,77309411328,69099520,77311401984,0
1787749235305141516,77377986560,77309411328,68575232,77311139840,0
1787749235333812445,77380870144,77309411328,71458816,77313761280,0
1787749235362333971,77382438912,77309411328,73027584,77310873600,0
1787749235390688744,77380341760,77309411328,70930432,77313757184,0
1787749235419041988,77379817472,77309411328,70406144,77312970752,0
1787749235447944771,77382434816,77309411328,73023488,77310607360,0
1787749235476775693,77381648384,77309411328,72237056,77314801664,0
1787749235505043874,77384794112,77309411328,75382784,77312704512,0
1787749235532881158,77380861952,77309411328,71450624,77314015232,0
1787749235561721560,77383221248,77309411328,73809920,77311655936,0
1787749235591208984,77382692864,77309411328,73281536,77311389696,0
1787749235619661719,77382168576,77309411328,72757248,77310341120,0
1787749235647849479,77380071424,77309411328,70660096,77311389696,0
1787749235675895827,77379547136,77309411328,70135808,77312438272,0
1787749235704156838,77380857856,77309411328,71446528,77314011136,0
1787749235733070412,77385052160,77309411328,75640832,77313486848,0
1787749235761577808,77383217152,77309411328,73805824,77311651840,0
1787749235789674866,77381120000,77309411328,71708672,77314011136,0
1787749235817567891,77380333568,77309411328,70922240,77313748992,0
1787749235846485214,77383479296,77309411328,74067968,77311913984,0
1787749235875464179,77383479296,77309411328,74067968,77311913984,0
1787749235903932844,77381644288,77309411328,72232960,77315059712,0
1787749235932276347,77383217152,77309411328,73805824,77311389696,0
1787749235960712832,77377187840,77309411328,67776512,77310603264,0
1787749235989606915,77378498560,77309411328,69087232,77311651840,0
1787749236018228213,77381382144,77309411328,71970816,77314273280,0
1787749236046807531,77384527872,77309411328,75116544,77312962560,0
1787749236075260386,77382692864,77309411328,73281536,77311127552,0
1787749236103744571,77381120000,77309411328,71708672,77313748992,0
1787749236132457021,77385052160,77309411328,75640832,77312700416,0
1787749236160237553,77381120000,77309411328,71708672,77314273280,0
1787749236188118158,77382692864,77309411328,73281536,77310341120,0
1787749236216476181,77370109952,77309411328,60698624,77311389696,0
1787749236245103179,77381120000,77309411328,71708672,77314011136,0
1787749236272897162,77382430720,77309411328,73019392,77310341120,0
1787749236300643504,77378760704,77309411328,69349376,77311127552,0
1787749236328342435,77379809280,77309411328,70397952,77312438272,0
1787749236357030445,77381120000,77309411328,71708672,77314273280,0
1787749236385981929,77385838592,77309411328,76427264,77313748992,0
1787749236414353082,77384003584,77309411328,74592256,77312176128,0
1787749236442497531,77381644288,77309411328,72232960,77314797568,0
1787749236470734282,77383479296,77309411328,74067968,77311389696,0
1787749236498961843,77380595712,77309411328,71184384,77313224704,0
1787749236527516410,77384527872,77309411328,75116544,77312176128,0
1787749236555279592,77381120000,77309411328,71708672,77313748992,0
1787749236582816841,77377974272,77309411328,68562944,77309292544,0
1787749236610576393,77374566400,77309411328,65155072,77311913984,0
1787749236639532977,77381644288,77309411328,72232960,77313486848,0
1787749236668059843,77384790016,77309411328,75378688,77312438272,0
1787749236696046610,77381906432,77309411328,72495104,77309554688,0
1787749236723607038,77377974272,77309411328,68562944,77310603264,0
1787749236751668046,77379022848,77309411328,69611520,77311651840,0
1787749236780451297,77382168576,77309411328,72757248,77310341120,0
1787749236808749309,77380071424,77309411328,70660096,77312962560,0
1787749236836955340,77382955008,77309411328,73543680,77310603264,0
1787749236864657081,77379547136,77309411328,70135808,77312438272,0
1787749236892803720,77380857856,77309411328,71446528,77313486848,0
1787749236921505300,77384527872,77309411328,75116544,77312438272,0
1787749236949587888,77382168576,77309411328,72757248,77310341120,0
1787749236977175427,77375352832,77309411328,65941504,77312962560,0
1787749237005255185,77381120000,77309411328,71708672,77314011136,0
1787749237034691768,77383217152,77309411328,73805824,77311913984,0
1787749237063136253,77382168576,77309411328,72757248,77310341120,0
1787749237091242952,77380071424,77309411328,70660096,77312962560,0
1787749237119342440,77381906432,77309411328,72495104,77310078976,0
1787749237147527660,77378760704,77309411328,69349376,77310865408,0
1787749237176327891,77381120000,77309411328,71708672,77314273280,0
1787749237204386389,77377187840,77309411328,67776512,77306933248,0
1787749237232178732,77376139264,77309411328,66727936,77313748992,0
1787749237259706850,77371944960,77309411328,62533632,77313486848,0
1787749237288780486,77382692864,77309411328,73281536,77310865408,0
1787749237317335773,77377974272,77309411328,68562944,77311389696,0
1787749237345449402,77380857856,77309411328,71446528,77313748992,0
1787749237373273095,77382692864,77309411328,73281536,77310603264,0
1787749237401530387,77376139264,77309411328,66727936,77314011136,0
1787749237430380039,77384790016,77309411328,75378688,77312700416,0
1787749237458242083,77382430720,77309411328,73019392,77310078976,0
1787749237485830122,77378498560,77309411328,69087232,77310865408,0
1787749237513386381,77379022848,77309411328,69611520,77310865408,0
1787749237541682953,77378498560,77309411328,69087232,77311389696,0
1787749237570026016,77380333568,77309411328,70922240,77313486848,0
1787749237597707926,77382168576,77309411328,72757248,77309816832,0
1787749237625285755,77378236416,77309411328,68825088,77310603264,0
1787749237652997046,77378236416,77309411328,68825088,77310865408,0
1787749237681670816,77381644288,77309411328,72232960,77314535424,0
1787749237709949977,77383217152,77309411328,73805824,77310865408,0
1787749237737634928,77379284992,77309411328,69873664,77311913984,0
1787749237765587554,77380595712,77309411328,71184384,77313748992,0
1787749237793838535,77381644288,77309411328,72232960,77314535424,0
1787749237822469854,77384790016,77309411328,75378688,77312700416,0
1787749237850786426,77377187840,77309411328,67776512,77310078976,0
1787749237878802253,77377187840,77309411328,67776512,77310078976,0
1787749237906650367,77378498560,77309411328,69087232,77311389696,0
1787749237934936409,77380333568,77309411328,70922240,77313224704,0
1787749237963918523,77384527872,77309411328,75116544,77312700416,0
1787749237992287577,77382692864,77309411328,73281536,77310603264,0
1787749238020530518,77380333568,77309411328,70922240,77312962560,0
1787749238048963393,77382955008,77309411328,73543680,77311127552,0
1787749238077685402,77381382144,77309411328,71970816,77314535424,0
1787749238106420013,77386100736,77309411328,76689408,77313748992,0
1787749238134704745,77383479296,77309411328,74067968,77311913984,0
1787749238162630910,77378498560,77309411328,69087232,77311913984,0
1787749238191352780,77380857856,77309411328,71446528,77314273280,0
1787749238220637740,77376925696,77309411328,67514368,77310603264,0
1787749238249063205,77375614976,77309411328,66203648,77313748992,0
1787749238277786805,77383741440,77309411328,74330112,77312438272,0
1787749238305994445,77377187840,77309411328,67776512,77311127552,0
1787749238334644404,77380071424,77309411328,70660096,77313748992,0
1787749238363658169,77385052160,77309411328,75640832,77313748992,0
1787749238392241306,77384003584,77309411328,74592256,77312438272,0
1787749238420326565,77381120000,77309411328,71708672,77314011136,0
1787749238448424733,77379809280,77309411328,70397952,77312700416,0
1787749238477404278,77383217152,77309411328,73805824,77311389696,0
1787749238505088979,77380595712,77309411328,71184384,77313224704,0
1787749238532724278,77381644288,77309411328,72232960,77314273280,0
1787749238560422269,77382430720,77309411328,73019392,77310341120,0
1787749238588612210,77378760704,77309411328,69349376,77311651840,0
1787749238617041124,77382692864,77309411328,73281536,77310078976,0
1787749238644583172,77378498560,77309411328,69087232,77311127552,0
1787749238672035529,77379284992,77309411328,69873664,77311651840,0
1787749238699506316,77380071424,77309411328,70660096,77312700416,0
1787749238728080363,77381382144,77309411328,71970816,77314535424,0
1787749238756571109,77385576448,77309411328,76165120,77313224704,0
1787749238784222939,77382168576,77309411328,72757248,77309816832,0
1787749238814353685,77377449984,77309411328,68038656,77316894720,0
1787749238846586119,77385838592,77309411328,76427264,77323186176,0
1787749238879283853,77394489344,77309411328,85078016,77322924032,0
1787749238911224422,77391343616,77309411328,81932288,77325021184,0
1787749238943114531,77393178624,77309411328,83767296,77321351168,0
1787749238975432277,77387411456,77309411328,78000128,77321089024,0
1787749239008492077,77389508608,77309411328,80097280,77324234752,0
1787749239045531770,77402877952,77309411328,93466624,77320564736,0
1787749239077316157,77385314304,77309411328,75902976,77323186176,0
1787749239109989940,77389508608,77309411328,80097280,77323448320,0
1787749239144068158,77395013632,77309411328,85602304,77325807616,0
1787749239177384183,77396062208,77309411328,86650880,77325545472,0
1787749239209381933,77387673600,77309411328,78262272,77319778304,0
1787749239242339882,77388722176,77309411328,79310848,77322661888,0
1787749239276158876,77393440768,77309411328,84029440,77323972608,0
1787749239309300007,77393440768,77309411328,84029440,77323710464,0
1787749239341247627,77391343616,77309411328,81932288,77324234752,0
1787749239374189434,77392916480,77309411328,83505152,77322919936,0
1787749239407849305,77392650240,77309411328,83238912,77322395648,0
1787749239439547610,77391077376,77309411328,81666048,77320560640,0
1787749239470936979,77386883072,77309411328,77471744,77324492800,0
1787749239503919178,77393436672,77309411328,84025344,77322133504,0
1787749239536361637,77391077376,77309411328,81666048,77322133504,0
1787749239567983390,77390553088,77309411328,81141760,77321609216,0
1787749239599758296,77389504512,77309411328,80093184,77322919936,0
1787749239632141734,77390815232,77309411328,81403904,77324230656,0
1787749239665506559,77394747392,77309411328,85336064,77324754944,0
1787749239697832256,77393174528,77309411328,83763200,77322657792,0
1787749239729473360,77391339520,77309411328,81928192,77324230656,0
1787749239762114342,77392912384,77309411328,83501056,77322133504,0
1787749239795070060,77390553088,77309411328,81141760,77324230656,0
1787749239828095749,77395009536,77309411328,85598208,77325017088,0
1787749239860617939,77394747392,77309411328,85336064,77323706368,0
1787749239892576119,77392125952,77309411328,82714624,77325279232,0
1787749239926111548,77395533824,77309411328,86122496,77325017088,0
1787749239958991214,77395533824,77309411328,86122496,77325017088,0
1787749239991586676,77392650240,77309411328,83238912,77321609216,0
1787749240027581200,77388455936,77309411328,79044608,77331001344,0
1787749240062690768,77404925952,77309411328,95514624,77325271040,0
1787749240099128850,77395001344,77309411328,85590016,77332303872,0
1787749240135760456,77400461312,77309411328,91049984,77334966272,0
1787749240173282338,77403648000,77309411328,94236672,77334593536,0
1787749240211884261,77403799552,77309411328,94388224,77329813504,0
1787749240249779320,77399019520,77309411328,89608192,77336612864,0
1787749240287082608,77405294592,77309411328,95883264,77336395776,0
1787749240324694362,77404028928,77309411328,94617600,77335183360,0
1787749240362762055,77404913664,77309411328,95502336,77336870912,0
1787749240400146784,77406863360,77309411328,97452032,77337903104,0
1787749240433672333,77406584832,77309411328,97173504,77326888960,0
1787749240467662000,77398716416,77309411328,89305088,77322936320,0
1787749240497270476,77392928768,77309411328,83517440,77314138112,0
1787749240525108600,77383344128,77309411328,73932800,77310468096,0
1787749240552981974,77377576960,77309411328,68165632,77309681664,0
1787749240581531541,77380198400,77309411328,70787072,77312827392,0
1787749240609818043,77383081984,77309411328,73670656,77310730240,0
1787749240641150351,77380198400,77309411328,70787072,77320843264,0
1787749240673593360,77388476416,77309411328,79065088,77321830400,0
1787749240707383483,77392609280,77309411328,83197952,77322354688,0
1787749240740496524,77393657856,77309411328,84246528,77323403264,0
1787749240773377131,77392871424,77309411328,83460096,77322616832,0
1787749240805529804,77391298560,77309411328,81887232,77325238272,0
1787749240839437080,77393395712,77309411328,83984384,77324189696,0
1787749240872582271,77393920000,77309411328,84508672,77324189696,0
1787749240905268184,77393920000,77309411328,84508672,77323403264,0
1787749240937508249,77391298560,77309411328,81887232,77324976128,0
1787749240971225871,77395230720,77309411328,85819392,77326548992,0
1787749241005490733,77397065728,77309411328,87654400,77328384000,0
1787749241039028312,77394968576,77309411328,85557248,77325762560,0
1787749241072521100,77395755008,77309411328,86343680,77326024704,0
1787749241106504307,77396803584,77309411328,87392256,77327859712,0
1787749241140071247,77397590016,77309411328,88178688,77323927552,0
1787749241172639638,77393395712,77309411328,83984384,77322878976,0
1787749241204291512,77391298560,77309411328,81887232,77313789952,0
1787749241235954876,77383258112,77309411328,73846784,77320015872,0
1787749241267478947,77388435456,77309411328,79024128,77321326592,0
1787749241298785875,77389746176,77309411328,80334848,77320540160,0
1787749241330567342,77388173312,77309411328,78761984,77320617984,0
1787749241362892248,77391659008,77309411328,82247680,77323583488,0
1787749241394544352,77393051648,77309411328,83640320,77319340032,0
1787749241426490001,77387235328,77309411328,77824000,77320388608,0
1787749241461997566,77388808192,77309411328,79396864,77331083264,0
1787749241498468009,77401600000,77309411328,92188672,77333495808,0
1787749241535549324,77401915392,77309411328,92504064,77337952256,0
1787749241572862932,77406633984,77309411328,97222656,77338738688,0
1787749241608607892,77407682560,77309411328,98271232,77334282240,0
1787749241639085064,77405323264,77309411328,95911936,77316456448,0
1787749241667899086,77384613888,77309411328,75202560,77314097152,0
1787749241696377061,77383565312,77309411328,74153984,77312000000,0
1787749241724284676,77381730304,77309411328,72318976,77313835008,0
1787749241752707330,77383303168,77309411328,73891840,77310951424,0
1787749241780649256,77381468160,77309411328,72056832,77313835008,0
1787749241808690233,77383303168,77309411328,73891840,77310689280,0
1787749241836364864,77380419584,77309411328,71008256,77312786432,0
1787749241864431562,77381468160,77309411328,72056832,77313835008,0
1787749241893108101,77384876032,77309411328,75464704,77312262144,0
1787749241920901974,77381730304,77309411328,72318976,77314097152,0
1787749241949165685,77383041024,77309411328,73629696,77312000000,0
1787749241977038009,77379895296,77309411328,70483968,77313310720,0
1787749242005923982,77380157440,77309411328,70746112,77314359296,0
1787749242035156392,77385400320,77309411328,75988992,77314097152,0
1787749242063639587,77380943872,77309411328,71532544,77314621440,0
1787749242091896819,77384089600,77309411328,74678272,77312524288,0
1787749242119741793,77379371008,77309411328,69959680,77313048576,0
1787749242148216808,77381730304,77309411328,72318976,77315407872,0
1787749242177209593,77386186752,77309411328,76775424,77314883584,0
1787749242205730119,77376749568,77309411328,67338240,77309902848,0
1787749242233746076,77378846720,77309411328,69435392,77312000000,0
1787749242261989647,77380943872,77309411328,71532544,77313835008,0
1787749242290769408,77383827456,77309411328,74416128,77312262144,0
1787749242319205133,77382254592,77309411328,72843264,77310689280,0
1787749242347430974,77379895296,77309411328,70483968,77312786432,0
1787749242375461571,77381992448,77309411328,72581120,77310164992,0
1787749242403772063,77378322432,77309411328,68911104,77311213568,0
1787749242432649076,77382254592,77309411328,72843264,77310689280,0
1787749242460457389,77379895296,77309411328,70483968,77312786432,0
1787749242488204551,77380943872,77309411328,71532544,77313835008,0
1787749242516634916,77382254592,77309411328,72843264,77310427136,0
1787749242545734642,77379371008,77309411328,69959680,77312524288,0
1787749242573732979,77381992448,77309411328,72581120,77310427136,0
1787749242601438730,77378322432,77309411328,68911104,77311475712,0
1787749242629110021,77379371008,77309411328,69959680,77312262144,0
1787749242657668708,77380943872,77309411328,71532544,77314097152,0
1787749242685931659,77379633152,77309411328,70221824,77312524288,0
1787749242713612690,77380943872,77309411328,71532544,77313835008,0
1787749242741331981,77382254592,77309411328,72843264,77310164992,0
1787749242768831019,77378060288,77309411328,68648960,77310689280,0
1787749242797193652,77378322432,77309411328,68911104,77311475712,0
1787749242826034334,77379108864,77309411328,69697536,77312262144,0
1787749242854303246,77382516736,77309411328,73105408,77310427136,0
1787749242882189860,77379108864,77309411328,69697536,77312262144,0
1787749242909865491,77378060288,77309411328,68648960,77310951424,0
1787749242938775354,77380419584,77309411328,71008256,77313572864,0
1787749242967636147,77385138176,77309411328,75726848,77313310720,0
1787749242995865628,77383041024,77309411328,73629696,77310951424,0
1787749243024166340,77380157440,77309411328,70746112,77313048576,0
1787749243053105474,77383565312,77309411328,74153984,77312000000,0
1787749243082155100,77383303168,77309411328,73891840,77311737856,0
1787749243110370530,77381206016,77309411328,71794688,77314359296,0
1787749243138728864,77383565312,77309411328,74153984,77311737856,0
1787749243166424725,77380157440,77309411328,70746112,77312786432,0
1787749243195096824,77381468160,77309411328,72056832,77315145728,0
1787749243223780403,77377798144,77309411328,68386816,77311213568,0
1787749243252059535,77380943872,77309411328,71532544,77314097152,0
1787749243280153913,77383303168,77309411328,73891840,77311475712,0
1787749243308029328,77379108864,77309411328,69697536,77312000000,0
1787749243336845849,77382254592,77309411328,72843264,77310689280,0
1787749243365101361,77380681728,77309411328,71270400,77313835008,0
1787749243393356162,77383041024,77309411328,73629696,77310951424,0
1787749243421643094,77380681728,77309411328,71270400,77313835008,0
1787749243450399854,77383565312,77309411328,74153984,77312000000,0
1787749243479200536,77381992448,77309411328,72581120,77310427136,0
1787749243507120221,77379108864,77309411328,69697536,77312000000,0
1787749243534824922,77378322432,77309411328,68911104,77311475712,0
1787749243562464282,77378584576,77309411328,69173248,77311213568,0
1787749243590568231,77378584576,77309411328,69173248,77310951424,0
1787749243619216809,77381206016,77309411328,71794688,77314359296,0
1787749243647222736,77383041024,77309411328,73629696,77310951424,0
1787749243674765464,77375176704,77309411328,65765376,77312000000,0
1787749243702674109,77378846720,77309411328,69435392,77312262144,0
1787749243731182525,77380681728,77309411328,71270400,77313835008,0
1787749243759711301,77381992448,77309411328,72581120,77309640704,0
1787749243787623326,77377273856,77309411328,67862528,77309902848,0
1787749243815509011,77378846720,77309411328,69435392,77311737856,0
1787749243843449786,77379895296,77309411328,70483968,77312786432,0
1787749243872427881,77382778880,77309411328,73367552,77311213568,0
1787749243900519969,77381468160,77309411328,72056832,77314097152,0
1787749243928350753,77382254592,77309411328,72843264,77309902848,0
1787749243956138436,77377798144,77309411328,68386816,77310951424,0
1787749243984404567,77379108864,77309411328,69697536,77312000000,0
1787749244013680007,77383827456,77309411328,74416128,77312262144,0
1787749244042378747,77382254592,77309411328,72843264,77310164992,0
1787749244070253591,77380157440,77309411328,70746112,77312786432,0
1787749244097822000,77380681728,77309411328,71270400,77313310720,0
1787749244126121532,77381468160,77309411328,72056832,77314359296,0
1787749244154614008,77384876032,77309411328,75464704,77313048576,0
1787749244182288148,77381730304,77309411328,72318976,77314621440,0
1787749244209777826,77373079552,77309411328,63668224,77310689280,0
1787749244237496307,77378584576,77309411328,69173248,77311475712,0
1787749244265570415,77379633152,77309411328,70221824,77312262144,0
1787749244294123942,77382254592,77309411328,72843264,77310689280,0
1787749244321689141,77378846720,77309411328,69435392,77310689280,0
1787749244349318860,77377794048,77309411328,68382720,77310685184,0
1787749244377291956,77379104768,77309411328,69693440,77311995904,0
1787749244405594289,77381201920,77309411328,71790592,77314093056,0
1787749244434027123,77384085504,77309411328,74674176,77311995904,0
1787749244461668783,77380677632,77309411328,71266304,77313306624,0
1787749244489269482,77381464064,77309411328,72052736,77314093056,0
1787749244517776438,77382774784,77309411328,73363456,77310423040,0
1787749244546259594,77380677632,77309411328,71266304,77313306624,0
1787749244574443174,77383299072,77309411328,73887744,77310947328,0
1787749244602425710,77380153344,77309411328,70742016,77312520192,0
1787749244630202803,77381464064,77309411328,72052736,77313830912,0
1787749244658325882,77379629056,77309411328,70217728,77312520192,0
1787749244687066392,77384085504,77309411328,74674176,77311995904,0
1787749244715142830,77381464064,77309411328,72052736,77314355200,0
1787749244743504433,77383299072,77309411328,73887744,77310947328,0
1787749244771246045,77378318336,77309411328,68907008,77310685184,0
1787749244799771422,77379629056,77309411328,70217728,77312520192,0
1787749244828702535,77383823360,77309411328,74412032,77311733760,0
1787749244856923046,77381726208,77309411328,72314880,77314355200,0
1787749244885032515,77383823360,77309411328,74412032,77311733760,0
1787749244913102503,77380415488,77309411328,71004160,77313044480,0
1787749244942024566,77383299072,77309411328,73887744,77311209472,0
1787749244970200066,77379629056,77309411328,70217728,77312258048,0
1787749244998050010,77381464064,77309411328,72052736,77314093056,0
1787749245026278921,77381988352,77309411328,72577024,77309636608,0
1787749245054901569,77379891200,77309411328,70479872,77312520192,0
1787749245083692060,77383823360,77309411328,74412032,77311471616,0
1787749245111842879,77381726208,77309411328,72314880,77314355200,0
1787749245139811366,77383561216,77309411328,74149888,77311209472,0
1787749245167931784,77379629056,77309411328,70217728,77312258048,0
1787749245196511442,77382250496,77309411328,72839168,77309898752,0
1787749245224384406,77370716160,77309411328,61304832,77311995904,0
1787749245252713789,77381464064,77309411328,72052736,77314355200,0
1787749245280433150,77383561216,77309411328,74149888,77311209472,0
1787749245308511478,77379629056,77309411328,70217728,77312258048,0
1787749245337401711,77383561216,77309411328,74149888,77311733760,0
1787749245365644492,77381726208,77309411328,72314880,77314617344,0
1787749245394253510,77384347648,77309411328,74936320,77312520192,0
1787749245422330148,77381193728,77309411328,71782400,77314084864,0
1787749245451376124,77385125888,77309411328,75714560,77313036288,0
1787749245479889730,77383548928,77309411328,74137600,77311459328,0
1787749245507781375,77379616768,77309411328,70205440,77312770048,0
1787749245535593408,77380661248,77309411328,71249920,77313814528,0
1787749245564138885,77382492160,77309411328,73080832,77310402560,0
1787749245592403146,77380132864,77309411328,70721536,77313286144,0
1787749245620192529,77381705728,77309411328,72294400,77314334720,0
1787749245647790748,77382230016,77309411328,72818688,77309616128,0
1787749245675358477,77377773568,77309411328,68362240,77309878272,0
1787749245703583638,77379084288,77309411328,69672960,77311975424,0
1787749245731724437,77381443584,77309411328,72032256,77312499712,0
1787749245759297856,77380657152,77309411328,71245824,77313024000,0
1787749245786885185,77381181440,77309411328,71770112,77313810432,0
1787749245814470094,77381705728,77309411328,72294400,77314334720,0
1787749245842859337,77383016448,77309411328,73605120,77310664704,0
1787749245871429664,77381705728,77309411328,72294400,77314596864,0
1787749245899024514,77383802880,77309411328,74391552,77310926848,0
1787749245926546531,77379084288,77309411328,69672960,77311188992,0
1787749245954032129,77379346432,77309411328,69935104,77311713280,0
1787749245982598326,77380395008,77309411328,70983680,77313024000,0
1787749246013843622,77384327168,77309411328,74915840,77318266880,0
1787749246046226530,77388259328,77309411328,78848000,77321322496,0
1787749246078264361,77391052800,77309411328,81641472,77323681792,0
1787749246111757619,77392887808,77309411328,83476480,77322371072,0
1787749246144840749,77393936384,77309411328,84525056,77322895360,0
1787749246176634196,77391314944,77309411328,81903616,77324468224,0
1787749246207717189,77385809920,77309411328,76398592,77319487488,0
1787749246240799430,77387907072,77309411328,78495744,77321846784,0
1787749246273748548,77393412096,77309411328,84000768,77322371072,0
1787749246305748458,77391052800,77309411328,81641472,77324730368,0
1787749246337877451,77392887808,77309411328,83476480,77321846784,0
1787749246370732717,77391314944,77309411328,81903616,77324730368,0
1787749246403487671,77395509248,77309411328,86097920,77323943936,0
1787749246435742927,77392625664,77309411328,83214336,77322108928,0
1787749246468171795,77389479936,77309411328,80068608,77323943936,0
1787749246500711925,77392625664,77309411328,83214336,77319749632,0
1787749246533155614,77391052800,77309411328,81641472,77323943936,0
1787749246565364268,77392887808,77309411328,83476480,77321584640,0
1787749246597370229,77390004224,77309411328,80592896,77323419648,0
1787749246629514512,77391839232,77309411328,82427904,77325254656,0
1787749246662188255,77394984960,77309411328,85573632,77323681792,0
1787749246693990261,77391839232,77309411328,82427904,77325254656,0
1787749246726354819,77393412096,77309411328,84000768,77322371072,0
1787749246758998411,77391314944,77309411328,81903616,77325254656,0
1787749246792278405,77395771392,77309411328,86360064,77325254656,0
1787749246824841706,77394460672,77309411328,85049344,77323943936,0
1787749246857073940,77392101376,77309411328,82690048,77325516800,0
1787749246889768054,77394722816,77309411328,85311488,77323943936,0
1787749246922956936,77394198528,77309411328,84787200,77324206080,0
1787749246955125680,77392625664,77309411328,83214336,77321584640,0
1787749246986922556,77389742080,77309411328,80330752,77322633216,0
1787749247020827422,77392388096,77309411328,82976768,77322395648,0
1787749247054327650,77394485248,77309411328,85073920,77323968512,0
1787749247086879761,77393698816,77309411328,84287488,77322657792,0
1787749247119085605,77391601664,77309411328,82190336,77324754944,0
1787749247151970881,77393436672,77309411328,84025344,77322395648,0
1787749247184811918,77393436672,77309411328,84025344,77321842688,0
1787749247216072464,77381349376,77309411328,71938048,77323415552,0
1787749247248196437,77391572992,77309411328,82161664,77325512704,0
1787749247285631578,77393145856,77309411328,83734528,77334425600,0
1787749247319937691,77405204480,77309411328,95793152,77327036416,0
1787749247356891992,77397291008,77309411328,87879680,77337108480,0
1787749247394628979,77406314496,77309411328,96903168,77338542080,0
1787749247432308414,77407748096,77309411328,98336768,77338525696,0
1787749247471359014,77410353152,77309411328,100941824,77340794880,0
1787749247509181732,77409738752,77309411328,100327424,77337440256,0
1787749247545941431,77406121984,77309411328,96710656,77336326144,0
1787749247583703487,77406056448,77309411328,96645120,77337419776,0
1787749247621113018,77406625792,77309411328,97214464,77337698304,0
1787749247650639212,77407428608,77309411328,98017280,77318037504,0
1787749247678727761,77386981376,77309411328,77570048,77314367488,0
1787749247707194596,77384622080,77309411328,75210752,77312532480,0
1787749247735328775,77381476352,77309411328,72065024,77314367488,0
1787749247763418573,77383835648,77309411328,74424320,77311746048,0
1787749247791062363,77380427776,77309411328,71016448,77312794624,0
1787749247819532779,77381214208,77309411328,71802880,77314105344,0
1787749247851881875,77385932800,77309411328,76521472,77322936320,0
1787749247884483467,77392666624,77309411328,83255296,77321494528,0
1787749247916343975,77391224832,77309411328,81813504,77323726848,0
1787749247949234782,77392670720,77309411328,83259392,77321142272,0
1787749247982439994,77392969728,77309411328,83558400,77322194944,0
1787749248016004694,77392187392,77309411328,82776064,77328224256,0
1787749248049060283,77396643840,77309411328,87232512,77326127104,0
1787749248082379468,77396643840,77309411328,87232512,77326127104,0
1787749248116860564,77398216704,77309411328,88805376,77324210176,0
1787749248149710011,77394202624,77309411328,84791296,77323685888,0
1787749248181843213,77392367616,77309411328,82956288,77320802304,0
1787749248213857674,77380833280,77309411328,71421952,77323161600,0
1787749248246625029,77393940480,77309411328,84529152,77322899456,0
1787749248278604449,77391581184,77309411328,82169856,77325258752,0
1787749248311101228,77393678336,77309411328,84267008,77323423744,0
1787749248344324081,77392629760,77309411328,83218432,77321850880,0
1787749248377521124,77392891904,77309411328,83480576,77322637312,0
1787749248409054186,77391319040,77309411328,81907712,77323841536,0
1787749248441199619,77391474688,77309411328,82063360,77325824000,0
1787749248473663968,77394767872,77309411328,85356544,77322412032,0
1787749248506317890,77393453056,77309411328,84041728,77321838592,0
1787749248537632978,77390782464,77309411328,81371136,77322633216,0
1787749248569305692,77390528512,77309411328,81117184,77322813440,0
1787749248601338223,77390970880,77309411328,81559552,77323599872,0
1787749248633927385,77393854464,77309411328,84443136,77322141696,0
1787749248665609599,77390561280,77309411328,81149952,77323452416,0
1787749248700053265,77391872000,77309411328,82460672,77331656704,0
1787749248734342707,77399552000,77309411328,90140672,77328429056,0
1787749248772524782,77398421504,77309411328,89010176,77336031232,0
1787749248811542122,77404450816,77309411328,95039488,77339406336,0
1787749248842537204,77408612352,77309411328,99201024,77318881280,0
1787749248871515888,77387825152,77309411328,78413824,77312589824,0
1787749248900718537,77382582272,77309411328,73170944,77312065536,0
1787749248929872365,77382057984,77309411328,72646656,77311541248,0
1787749248957947063,77381533696,77309411328,72122368,77314424832,0
1787749248985938120,77383630848,77309411328,74219520,77311279104,0
1787749249014680750,77379436544,77309411328,70025216,77312851968,0
1787749249043637264,77384679424,77309411328,75268096,77312065536,0
1787749249072072009,77382582272,77309411328,73170944,77310230528,0
1787749249099932703,77379698688,77309411328,70287360,77312327680,0
1787749249127743196,77380222976,77309411328,70811648,77312851968,0
1787749249156688830,77383106560,77309411328,73695232,77311016960,0
1787749249186800226,77386776576,77309411328,77365248,77314162688,0
1787749249214991886,77374980096,77309411328,65568768,77313114112,0
1787749249242964072,77382320128,77309411328,72908800,77309968384,0
1787749249271019330,77378650112,77309411328,69238784,77311279104,0
1787749249299838651,77381271552,77309411328,71860224,77313900544,0
1787749249328091803,77384417280,77309411328,75005952,77312065536,0
1787749249356095719,77381271552,77309411328,71860224,77313900544,0
1787749249383880042,77383106560,77309411328,73695232,77310230528,0
1787749249412007631,77378912256,77309411328,69500928,77311016960,0
1787749249441038257,77383368704,77309411328,73957376,77310754816,0
1787749249469584223,77380747264,77309411328,71335936,77314686976,0
1787749249497965227,77383892992,77309411328,74481664,77312589824,0
1787749249526650636,77381009408,77309411328,71598080,77314162688,0
1787749249555572840,77385203712,77309411328,75792384,77313638400,0
1787749249584572635,77383630848,77309411328,74219520,77312065536,0
1787749249612869227,77381795840,77309411328,72384512,77309968384,0
1787749249640930555,77378387968,77309411328,68976640,77311541248,0
1787749249669545403,77381271552,77309411328,71860224,77314424832,0
1787749249698675710,77385728000,77309411328,76316672,77314162688,0
1787749249727146435,77384155136,77309411328,74743808,77312589824,0
1787749249755792094,77382057984,77309411328,72646656,77310492672,0
1787749249783832951,77379698688,77309411328,70287360,77312589824,0
1787749249812227485,77381271552,77309411328,71860224,77314424832,0
1787749249840809023,77385203712,77309411328,75792384,77313114112,0
1787749249869088914,77381795840,77309411328,72384512,77310754816,0
1787749249897186263,77378912256,77309411328,69500928,77312851968,0
1787749249925894832,77381533696,77309411328,72122368,77315473408,0
1787749249955038090,77386776576,77309411328,77365248,77315473408,0
1787749249983176979,77384155136,77309411328,74743808,77312851968,0
1787749250011893049,77380747264,77309411328,71335936,77315211264,0
1787749250040745762,77385728000,77309411328,76316672,77314686976,0
1787749250069717786,77384417280,77309411328,75005952,77313114112,0
1787749250098816623,77384155136,77309411328,74743808,77312851968,0
1787749250127565403,77382320128,77309411328,72908800,77311279104,0
1787749250156245443,77380747264,77309411328,71335936,77314949120,0
1787749250185118925,77384941568,77309411328,75530240,77312589824,0
1787749250213602031,77374980096,77309411328,65568768,77312851968,0
1787749250242136237,77383368704,77309411328,73957376,77310754816,0
1787749250269801748,77379698688,77309411328,70287360,77312589824,0
1787749250297752144,77380485120,77309411328,71073792,77313900544,0
1787749250326318041,77383368704,77309411328,73957376,77311016960,0
1787749250354763535,77379698688,77309411328,70287360,77312851968,0
1787749250383456655,77383368704,77309411328,73957376,77311279104,0
1787749250411645785,77380485120,77309411328,71073792,77313376256,0
1787749250439976368,77382582272,77309411328,73170944,77310754816,0
1787749250468225949,77380222976,77309411328,70811648,77313114112,0
1787749250496959939,77382844416,77309411328,73433088,77311016960,0
1787749250524889054,77380747264,77309411328,71335936,77313638400,0
1787749250552621646,77381795840,77309411328,72384512,77309444096,0
1787749250580266466,77377601536,77309411328,68190208,77310230528,0
1787749250608690631,77378912256,77309411328,69500928,77311803392,0
1787749250637389530,77383106560,77309411328,73695232,77311279104,0
1787749250665110552,77379960832,77309411328,70549504,77312589824,0
1787749250692817343,77381271552,77309411328,71860224,77313900544,0
1787749250720847660,77382057984,77309411328,72646656,77310230528,0
1787749250749076101,77378912256,77309411328,69500928,77311541248,0
1787749250778090976,77382057984,77309411328,72646656,77310492672,0
1787749250806128073,77380485120,77309411328,71073792,77313114112,0
1787749250833892256,77381533696,77309411328,72122368,77314162688,0
1787749250861888262,77382320128,77309411328,72908800,77310230528,0
1787749250891217993,77381009408,77309411328,71598080,77314162688,0
1787749250919972404,77386252288,77309411328,76840960,77314162688,0
1787749250948030902,77383892992,77309411328,74481664,77311541248,0
1787749250975746243,77379960832,77309411328,70549504,77312589824,0
1787749251004503174,77381271552,77309411328,71860224,77314424832,0
1787749251033368176,77384417280,77309411328,75005952,77312327680,0
1787749251061720769,77382582272,77309411328,73170944,77310492672,0
1787749251089976271,77379960832,77309411328,70549504,77312327680,0
1787749251118001048,77379960832,77309411328,70549504,77312851968,0
1787749251146370391,77381795840,77309411328,72384512,77309706240,0
1787749251175102701,77380747264,77309411328,71335936,77313900544,0
1787749251203131698,77379698688,77309411328,70287360,77308919808,0
1787749251231264408,77376815104,77309411328,67403776,77309706240,0
1787749251258943168,77377863680,77309411328,68452352,77310754816,0
1787749251287736719,77380747264,77309411328,71335936,77313900544,0
1787749251316657733,77385203712,77309411328,75792384,77313638400,0
1787749251345033317,77383106560,77309411328,73695232,77311279104,0
1787749251372984832,77380485120,77309411328,71073792,77313376256,0
1787749251401614841,77381009408,77309411328,71598080,77313900544,0
1787749251430384981,77385990144,77309411328,76578816,77313638400,0
1787749251458385388,77382844416,77309411328,73433088,77310754816,0
1787749251486186061,77379174400,77309411328,69763072,77311541248,0
1787749251513852011,77379698688,77309411328,70287360,77312589824,0
1787749251542193604,77381533696,77309411328,72122368,77314424832,0
1787749251570634939,77384941568,77309411328,75530240,77312851968,0
1787749251598427322,77381533696,77309411328,72122368,77314424832,0
1787749251626418038,77382844416,77309411328,73433088,77310754816,0
1787749251654059298,77378912256,77309411328,69500928,77311541248,0
1787749251682757138,77381533696,77309411328,72122368,77314686976,0
1787749251711287494,77385203712,77309411328,75792384,77313114112,0
1787749251738959645,77381533696,77309411328,72122368,77314424832,0
1787749251766777688,77382582272,77309411328,73170944,77310492672,0
1787749251795179612,77379436544,77309411328,70025216,77312327680,0
1787749251824084455,77384155136,77309411328,74743808,77311803392,0
1787749251851856418,77381271552,77309411328,71860224,77313900544,0
1787749251879491638,77380222976,77309411328,70811648,77312851968,0
1787749251907124337,77380485120,77309411328,71073792,77313376256,0
1787749251935717835,77382057984,77309411328,72646656,77310230528,0
1787749251964530727,77381795840,77309411328,72384512,77309968384,0
1787749251992699357,77379436544,77309411328,70025216,77312327680,0
1787749252021108241,77382320128,77309411328,72908800,77310230528,0
1787749252049592916,77379436544,77309411328,70025216,77312589824,0
1787749252078619322,77384417280,77309411328,75005952,77312327680,0
1787749252107416193,77383368704,77309411328,73957376,77311541248,0
1787749252135584853,77381533696,77309411328,72122368,77314424832,0
1787749252163706852,77383892992,77309411328,74481664,77311541248,0
1787749252192102226,77381271552,77309411328,71860224,77313900544,0
1787749252220336466,77375242240,77309411328,65830912,77312851968,0
1787749252248681960,77382844416,77309411328,73433088,77310754816,0
1787749252276920911,77380222976,77309411328,70811648,77313114112,0
1787749252304992778,77382582272,77309411328,73170944,77310230528,0
1787749252333282410,77379174400,77309411328,69763072,77312065536,0
1787749252362069622,77383368704,77309411328,73957376,77311279104,0
1787749252390322033,77381271552,77309411328,71860224,77314162688,0
1787749252418780328,77383630848,77309411328,74219520,77312065536,0
1787749252446486509,77380485120,77309411328,71073792,77313114112,0
1787749252475432573,77382057984,77309411328,72646656,77309968384,0
1787749252504046191,77381533696,77309411328,72122368,77314162688,0
1787749252531900505,77382582272,77309411328,73170944,77310492672,0
1787749252559569756,77378387968,77309411328,68976640,77311016960,0
1787749252587897798,77377863680,77309411328,68452352,77310754816,0
1787749252616733260,77381533696,77309411328,72122368,77314162688,0
1787749252644509593,77383892992,77309411328,74481664,77311541248,0
1787749252672146153,77379436544,77309411328,70025216,77312065536,0
1787749252699735402,77380222976,77309411328,70811648,77312851968,0
1787749252728233738,77381533696,77309411328,72122368,77314424832,0
1787749252756734853,77385203712,77309411328,75792384,77313114112,0
1787749252784422034,77381533696,77309411328,72122368,77314162688,0
1787749252812113855,77382320128,77309411328,72908800,77309706240,0
1787749252839748035,77377339392,77309411328,67928064,77309968384,0
1787749252868039707,77378650112,77309411328,69238784,77311541248,0
1787749252896781067,77381267456,77309411328,71856128,77314945024,0
1787749252924759484,77383626752,77309411328,74215424,77312061440,0
1787749252952608727,77380214784,77309411328,70803456,77313368064,0
1787749252980753767,77381525504,77309411328,72114176,77314416640,0
1787749253011095096,77385453568,77309411328,76042240,77314674688,0
1787749253040464978,77388075008,77309411328,78663680,77311791104,0
1787749253068775371,77381517312,77309411328,72105984,77314932736,0
1787749253096672906,77382823936,77309411328,73412608,77310734336,0
1787749253125106150,77379416064,77309411328,70004736,77312307200,0
1787749253153596096,77382819840,77309411328,73408512,77310468096,0
1787749253181331317,77379149824,77309411328,69738496,77312016384,0
1787749253211406822,77371523072,77309411328,62111744,77320085504,0
1787749253243546435,77387980800,77309411328,78569472,77321658368,0
1787749253277080824,77392437248,77309411328,83025920,77322182656,0
1787749253309559593,77391388672,77309411328,81977344,77326114816,0
1787749253341501013,77394534400,77309411328,85123072,77320871936,0
1787749253372973193,77389029376,77309411328,79618048,77321584640,0
1787749253405656156,77390528512,77309411328,81117184,77324206080,0
1787749253439159815,77395247104,77309411328,85835776,77325254656,0
1787749253471160855,77394198528,77309411328,84787200,77322711040,0
1787749253503562523,77390344192,77309411328,80932864,77324808192,0
1787749253536747155,77393752064,77309411328,84340736,77323497472,0
1787749253569873526,77394014208,77309411328,84602880,77323235328,0
1787749253602330025,77392441344,77309411328,83030016,77321924608,0
1787749253634189083,77390344192,77309411328,80932864,77323759616,0
1787749253668247421,77392703488,77309411328,83292160,77323759616,0
1787749253700975845,77395062784,77309411328,85651456,77323759616,0
1787749253733318092,77392703488,77309411328,83292160,77321924608,0
1787749253765209030,77390082048,77309411328,80670720,77323759616,0
1787749253798797670,77393227776,77309411328,83816448,77323235328,0
1787749253832163736,77394014208,77309411328,84602880,77323759616,0
1787749253864631575,77393227776,77309411328,83816448,77322973184,0
1787749253896620775,77391392768,77309411328,81981440,77324546048,0
1787749253930190474,77394014208,77309411328,84602880,77324234752,0
1787749253963352556,77395800064,77309411328,86388736,77325283328,0
1787749253995801235,77393965056,77309411328,84553728,77323710464,0
1787749254029242512,77392654336,77309411328,83243008,77322924032,0
1787749254062746710,77394227200,77309411328,84815872,77323288576,0
1787749254096252298,77395902464,77309411328,86491136,77325123584,0
1787749254127785130,77392232448,77309411328,82821120,77324861440,0
1787749254160320360,77393805312,77309411328,84393984,77322764288,0
1787749254192866541,77391970304,77309411328,82558976,77325385728,0
1787749254225461002,77387251712,77309411328,77840384,77320142848,0
1787749254257403392,77388300288,77309411328,78888960,77321715712,0
1787749254289426642,77390135296,77309411328,80723968,77323550720,0
1787749254322287979,77392494592,77309411328,83083264,77321977856,0
1787749254355696435,77392494592,77309411328,83083264,77322240000,0
1787749254389070971,77392494592,77309411328,83083264,77322502144,0
1787749254421314106,77392232448,77309411328,82821120,77325647872,0
1787749254454544779,77395116032,77309411328,85704704,77324599296,0
1787749254488501235,77396951040,77309411328,87539712,77326434304,0
1787749254525382166,77396688896,77309411328,87277568,77337075712,0
1787749254558017448,77405495296,77309411328,96083968,77325484032,0
1787749254596231803,77394165760,77309411328,84754432,77337018368,0
1787749254635372005,77408583680,77309411328,99172352,77337382912,0
1787749254672333017,77406851072,77309411328,97439744,77337088000,0
1787749254709672836,77404983296,77309411328,95571968,77336023040,0
1787749254747344041,77406277632,77309411328,96866304,77337206784,0
1787749254784942815,77407199232,77309411328,97787904,77338406912,0
1787749254821244785,77407350784,77309411328,97939456,77335126016,0
1787749254851014364,77403807744,77309411328,94396416,77314416640,0
1787749254880426617,77383360512,77309411328,73949184,77312843776,0
1787749254908687158,77382836224,77309411328,73424896,77310484480,0
1787749254936784727,77379166208,77309411328,69754880,77312057344,0
1787749254964586460,77380739072,77309411328,71327744,77313105920,0
1787749254993294819,77383622656,77309411328,74211328,77311270912,0
1787749255022007359,77381263360,77309411328,71852032,77313630208,0
1787749255052664775,77384146944,77309411328,74735616,77317865472,0
1787749255084229517,77387857920,77309411328,78446592,77319970816,0
1787749255116850389,77388914688,77309411328,79503360,77322592256,0
1787749255149815117,77393108992,77309411328,83697664,77321887744,0
1787749255182471460,77391355904,77309411328,81944576,77325557760,0
1787749255213936460,77385064448,77309411328,75653120,77322412032,0
1787749255247543710,77391355904,77309411328,81944576,77327130624,0
1787749255280381906,77397123072,77309411328,87711744,77326606336,0
1787749255313293513,77396074496,77309411328,86663168,77325557760,0
1787749255345794093,77394763776,77309411328,85352448,77323984896,0
1787749255379091357,77393977344,77309411328,84566016,77323198464,0
1787749255412062056,77393190912,77309411328,83779584,77323198464,0
1787749255445014504,77392404480,77309411328,82993152,77322412032,0
1787749255477226608,77391618048,77309411328,82206720,77324509184,0
1787749255510724716,77393715200,77309411328,84303872,77323984896,0
1787749255543837747,77394501632,77309411328,85090304,77324509184,0
1787749255577085661,77393977344,77309411328,84566016,77324509184,0
1787749255609719583,77393715200,77309411328,84303872,77321678848,0
1787749255642508158,77391409152,77309411328,81997824,77324521472,0
1787749255675047468,77394251776,77309411328,84840448,77323227136,0
1787749255707075549,77392957440,77309411328,83546112,77320966144,0
1787749255739326924,77389910016,77309411328,80498688,77322833920,0
1787749255772215491,77393088512,77309411328,83677184,77321773056,0
1787749255804573838,77392027648,77309411328,82616320,77325180928,0
1787749255836489647,77394386944,77309411328,84975616,77321650176,0
1787749255868277023,77390594048,77309411328,81182720,77322493952,0
1787749255900889325,77392748544,77309411328,83337216,77321203712,0
1787749255932895095,77390671872,77309411328,81260544,77323530240,0
1787749255965172891,77392474112,77309411328,83062784,77321170944,0
1787749255997310004,77389852672,77309411328,80441344,77322481664,0
1787749256030358624,77392998400,77309411328,83587072,77321347072,0
1787749256060653073,77392650240,77309411328,83238912,77314404352,0
1787749256088787112,77384134656,77309411328,74723328,77311520768,0
1787749256116765528,77380726784,77309411328,71315456,77313355776,0
1787749256145506898,77382561792,77309411328,73150464,77310472192,0
1787749256173840531,77381513216,77309411328,72101888,77313617920,0
1787749256201741286,77381775360,77309411328,72364032,77305491456,0
1787749256229128081,77369978880,77309411328,60567552,77311520768,0
1787749256256711270,77379416064,77309411328,70004736,77312307200,0
1787749256284982542,77380988928,77309411328,71577600,77313880064,0
1787749256313526788,77384396800,77309411328,74985472,77312045056,0
1787749256341663067,77381513216,77309411328,72101888,77314404352,0
1787749256369727715,77384396800,77309411328,74985472,77311520768,0
1787749256398022517,77380988928,77309411328,71577600,77313880064,0
1787749256426361290,77381251072,77309411328,71839744,77313355776,0
1787749256455679611,77385183232,77309411328,75771904,77313617920,0
1787749256484057525,77383348224,77309411328,73936896,77312307200,0
1787749256512241725,77380464640,77309411328,71053312,77314404352,0
1787749256541268080,77382823936,77309411328,73412608,77312307200,0
1787749256570614922,77382823936,77309411328,73412608,77312569344,0
1787749256599420003,77382823936,77309411328,73412608,77312045056,0
1787749256627947639,77381513216,77309411328,72101888,77315452928,0
1787749256656373824,77383872512,77309411328,74461184,77313093632,0
1787749256684384021,77381775360,77309411328,72364032,77309423616,0
1787749256712947368,77379153920,77309411328,69742592,77311782912,0
1787749256741087037,77381775360,77309411328,72364032,77309161472,0
1787749256768798938,77377843200,77309411328,68431872,77310210048,0
1787749256796350897,77378367488,77309411328,68956160,77310472192,0
1787749256824640989,77379678208,77309411328,70266880,77311782912,0
1787749256853175905,77382299648,77309411328,72888320,77309685760,0
1787749256881090450,77379416064,77309411328,70004736,77311520768,0
1787749256908981385,77380464640,77309411328,71053312,77312831488,0
1787749256937606303,77382037504,77309411328,72626176,77310734336,0
1787749256966745870,77380988928,77309411328,71577600,77314666496,0
1787749256995645744,77385969664,77309411328,76558336,77314142208,0
1787749257023996757,77383348224,77309411328,73936896,77311520768,0
1787749257052700676,77381775360,77309411328,72364032,77309947904,0
1787749257082150870,77379940352,77309411328,70529024,77313355776,0
1787749257111339398,77385445376,77309411328,76034048,77313880064,0
1787749257139564199,77383348224,77309411328,73936896,77311520768,0
1787749257167283531,77379940352,77309411328,70529024,77310734336,0
1787749257195163915,77378629632,77309411328,69218304,77311782912,0
1787749257223519138,77371027456,77309411328,61616128,77312569344,0
1787749257252729167,77384396800,77309411328,74985472,77312569344,0
1787749257280999319,77382561792,77309411328,73150464,77310472192,0
1787749257308703220,77378629632,77309411328,69218304,77311520768,0
1787749257336341080,77379416064,77309411328,70004736,77312045056,0
1787749257364923407,77381513216,77309411328,72101888,77314404352,0
1787749257393510945,77385183232,77309411328,75771904,77313093632,0
1787749257421247036,77381513216,77309411328,72101888,77314404352,0
1787749257449446357,77382299648,77309411328,72888320,77310443520,0
1787749257477509474,77378863104,77309411328,69451776,77312016384,0
1787749257506477609,77383057408,77309411328,73646080,77311229952,0
1787749257534565057,77381484544,77309411328,72073216,77314113536,0
1787749257562195077,77381746688,77309411328,72335360,77314637824,0
1787749257589981140,77382533120,77309411328,73121792,77310705664,0
1787749257618274541,77379125248,77309411328,69713920,77312016384,0
1787749257646993781,77382270976,77309411328,72859648,77310443520,0
1787749257675207732,77380173824,77309411328,70762496,77313327104,0
1787749257702836402,77381484544,77309411328,72073216,77313851392,0
1787749257730594784,77381746688,77309411328,72335360,77314899968,0
1787749257759121540,77383057408,77309411328,73646080,77310967808,0
1787749257788013423,77382533120,77309411328,73121792,77310705664,0
1787749257816226134,77380698112,77309411328,71286784,77313589248,0
1787749257844327722,77382795264,77309411328,73383936,77310705664,0
1787749257872277208,77378338816,77309411328,68927488,77311492096,0
1787749257901243592,77381222400,77309411328,71811072,77314375680,0
1787749257930332169,77385940992,77309411328,76529664,77314113536,0
1787749257958717853,77382008832,77309411328,72597504,77310443520,0
1787749257986517126,77378600960,77309411328,69189632,77311492096,0
1787749258015430579,77379649536,77309411328,70238208,77313327104,0
1787749258044669769,77384892416,77309411328,75481088,77313064960,0
1787749258073144344,77383581696,77309411328,74170368,77311754240,0
1787749258101366265,77381222400,77309411328,71811072,77313851392,0
1787749258130050744,77382795264,77309411328,73383936,77311492096,0
1787749258158436758,77381222400,77309411328,71811072,77313851392,0
1787749258187679557,77385154560,77309411328,75743232,77313327104,0
1787749258215802436,77373358080,77309411328,63946752,77311229952,0
1787749258244010987,77380173824,77309411328,70762496,77313327104,0
1787749258272080724,77382270976,77309411328,72859648,77310443520,0
1787749258300939017,77379911680,77309411328,70500352,77313327104,0
1787749258329686917,77384105984,77309411328,74694656,77312278528,0
1787749258357878038,77381484544,77309411328,72073216,77314375680,0
1787749258386230091,77383843840,77309411328,74432512,77312016384,0
1787749258415122604,77381484544,77309411328,72073216,77314637824,0
1787749258443746102,77385416704,77309411328,76005376,77313327104,0
1787749258471532805,77382795264,77309411328,73383936,77310443520,0
1787749258499087933,77378338816,77309411328,68927488,77310967808,0
1787749258526701242,77378076672,77309411328,68665344,77310967808,0
1787749258554969934,77379649536,77309411328,70238208,77312540672,0
1787749258584033390,77382270976,77309411328,72859648,77312016384,0
1787749258612111588,77380169728,77309411328,70758400,77313847296,0
1787749258640256317,77381742592,77309411328,72331264,77315944448,0
1787749258668426657,77383835648,77309411328,74424320,77312532480,0
1787749258697276530,77380423680,77309411328,71012352,77314625536,0
1787749258727043679,77383307264,77309411328,73895936,77314363392,0
1787749258755423762,77383036928,77309411328,73625600,77311995904,0
1787749258783563202,77380677632,77309411328,71266304,77314355200,0
1787749258812450855,77382246400,77309411328,72835072,77311729664,0
1787749258841247666,77381984256,77309411328,72572928,77310156800,0
1787749258869861574,77380149248,77309411328,70737920,77314351104,0
1787749258898658725,77383290880,77309411328,73879552,77312512000,0
1787749258926979548,77380665344,77309411328,71254016,77314342912,0
1787749258955751729,77383286784,77309411328,73875456,77311721472,0
1787749258985548868,77382234112,77309411328,72822784,77311979520,0
1787749259014586384,77381971968,77309411328,72560640,77311713280,0
1787749259043420006,77381181440,77309411328,71770112,77315112960,0
1787749259071954613,77384581120,77309411328,75169792,77313540096,0
1787749259101478427,77382746112,77309411328,73334784,77311967232,0
1787749259131126454,77383528448,77309411328,74117120,77313536000,0
1787749259159887165,77383258112,77309411328,73846784,77311954944,0
1787749259188294119,77381423104,77309411328,72011776,77315362816,0
1787749259216944618,77374341120,77309411328,64929792,77313261568,0
1787749259246030284,77383516160,77309411328,74104832,77311946752,0
1787749259274826606,77381939200,77309411328,72527872,77311422464,0
1787749259303987414,77380890624,77309411328,71479296,77315878912,0
1787749259332449569,77385080832,77309411328,75669504,77313777664,0
1787749259361363422,77382459392,77309411328,73048064,77311156224,0
1787749259390937308,77382713344,77309411328,73302016,77311934464,0
1787749259419638168,77381664768,77309411328,72253440,77315604480,0
1787749259448155894,77384544256,77309411328,75132928,77313503232,0
1787749259476704900,77380345856,77309411328,70934528,77314285568,0
1787749259506617882,77384802304,77309411328,75390976,77314809856,0
1787749259535661028,77385322496,77309411328,75911168,77314281472,0
1787749259564059342,77382696960,77309411328,73285632,77311655936,0
1787749259592433286,77379813376,77309411328,70402048,77314277376,0
1787749259621138055,77382692864,77309411328,73281536,77311651840,0
1787749259649579030,77380853760,77309411328,71442432,77313482752,0
1787749259678123717,77382950912,77309411328,73539584,77311647744,0
1787749259706354338,77380591616,77309411328,71180288,77314269184,0
1787749259734703371,77382160384,77309411328,72749056,77311119360,0
1787749259763399880,77379272704,77309411328,69861376,77313736704,0
1787749259792677470,77383467008,77309411328,74055680,77313474560,0
1787749259821546663,77382938624,77309411328,73527296,77312421888,0
1787749259850076509,77380837376,77309411328,71426048,77315301376,0
1787749259878397282,77382668288,77309411328,73256960,77311365120,0
1787749259907223484,77381357568,77309411328,71946240,77315035136,0
1787749259935882542,77385023488,77309411328,75612160,77313720320,0
1787749259964438199,77382139904,77309411328,72728576,77311098880,0
1787749259992745382,77380300800,77309411328,70889472,77314240512,0
1787749260021741677,77382660096,77309411328,73248768,77311614976,0
1787749260050856424,77383176192,77309411328,73764864,77311610880,0
1787749260079187726,77381074944,77309411328,71663616,77314490368,0
1787749260107660562,77383434240,77309411328,74022912,77312131072,0
1787749260135673539,77379760128,77309411328,70348800,77313175552,0
1787749260164652693,77382119424,77309411328,72708096,77311336448,0
1787749260194323871,77382115328,77309411328,72704000,77311860736,0
1787749260222494100,77372145664,77309411328,62734336,77314473984,0
1787749260250655120,77381582848,77309411328,72171520,77315260416,0
1787749260279249598,77383413760,77309411328,74002432,77312110592,0
1787749260308383595,77382365184,77309411328,72953856,77310799872,0
1787749260336871631,77380788224,77309411328,71376896,77314203648,0
1787749260365554410,77383671808,77309411328,74260480,77312368640,0
1787749260393996315,77381308416,77309411328,71897088,77314723840,0
1787749260424918035,77383401472,77309411328,73990144,77318070272,0
1787749260458039666,77389373440,77309411328,79962112,77322788864,0
1787749260490446104,77392515072,77309411328,83103744,77321158656,0
1787749260523323731,77390364672,77309411328,80953344,77325090816,0
1787749260556084065,77393244160,77309411328,83832832,77322465280,0
1787749260589697386,77393240064,77309411328,83828736,77323751424,0
1787749260622536602,77392957440,77309411328,83546112,77322702848,0
1787749260655112062,77390594048,77309411328,81182720,77326106624,0
1787749260688213453,77393735680,77309411328,84324352,77324529664,0
1787749260721956916,77393473536,77309411328,84062208,77324529664,0
1787749260755555686,77394518016,77309411328,85106688,77326098432,0
1787749260788285030,77394513920,77309411328,85102592,77324259328,0
1787749260821099575,77392154624,77309411328,82743296,77327142912,0
1787749260855081422,77396611072,77309411328,87199744,77328191488,0
1787749260889383605,77397917696,77309411328,88506368,77326090240,0
1787749260922574767,77395030016,77309411328,85618688,77325824000,0
1787749260956080685,77393453056,77309411328,84041728,77324509184,0
1787749260989992271,77395021824,77309411328,85610496,77326077952,0
1787749261023102832,77391872000,77309411328,82460672,77326471168,0
1787749261057058359,77396197376,77309411328,86786048,77328302080,0
1787749261091440033,77398290432,77309411328,88879104,77325414400,0
1787749261126146033,77395927040,77309411328,86515712,77328818176,0
1787749261160259563,77398810624,77309411328,89399296,77326307328,0
1787749261193952264,77395775488,77309411328,86364160,77327482880,0
1787749261227491613,77388296192,77309411328,78884864,77323546624,0
1787749261261364868,77395374080,77309411328,85962752,77325643776,0
1787749261294673073,77394583552,77309411328,85172224,77325901824,0
1787749261327504978,77394845696,77309411328,85434368,77325307904,0
1787749261360923205,77393985536,77309411328,84574208,77324156928,0
1787749261394706538,77395193856,77309411328,85782528,77325463552,0
1787749261427895841,77393879040,77309411328,84467712,77324935168,0
1787749261460600364,77393350656,77309411328,83939328,77323341824,0
1787749261493836207,77392019456,77309411328,82608128,77325959168,0
1787749261528046638,77397520384,77309411328,88109056,77323857920,0
1787749261560535078,77392273408,77309411328,82862080,77321756672,0
1787749261592875635,77389647872,77309411328,80236544,77324374016,0
1787749261626258531,77393051648,77309411328,83640320,77323321344,0
1787749261659137827,77393571840,77309411328,84160512,77322510336,0
1787749261691014295,77390663680,77309411328,81252352,77323771904,0
1787749261723580426,77391925248,77309411328,82513920,77326389248,0
1787749261761573047,77394546688,77309411328,85135360,77337395200,0
1787749261796133075,77405548544,77309411328,96137216,77328285696,0
1787749261833784749,77398274048,77309411328,88862720,77335486464,0
1787749261872841480,77403901952,77309411328,94490624,77339328512,0
1787749261911050585,77408006144,77309411328,98594816,77340688384,0
1787749261949865011,77411463168,77309411328,102051840,77340889088,0
1787749261988779719,77410086912,77309411328,100675584,77340782592,0
1787749262027657627,77409460224,77309411328,100048896,77339451392,0
1787749262066142107,77411274752,77309411328,101863424,77338992640,0
1787749262096505847,77408198656,77309411328,98787328,77315923968,0
1787749262125393700,77385392128,77309411328,75980800,77315661824,0
1787749262154124870,77384077312,77309411328,74665984,77312774144,0
1787749262183237587,77382766592,77309411328,73355264,77311725568,0
1787749262211331515,77372014592,77309411328,62603264,77314080768,0
1787749262240175707,77384331264,77309411328,74919936,77312765952,0
1787749262268395428,77381971968,77309411328,72560640,77310406656,0
1787749262297047147,77378560000,77309411328,69148672,77312499712,0
1787749262326172584,77383278592,77309411328,73867264,77311975424,0
1787749262354701691,77381963776,77309411328,72552448,77310398464,0
1787749262383215297,77379866624,77309411328,70455296,77313544192,0
1787749262411729823,77382483968,77309411328,73072640,77310656512,0
1787749262440317250,77379862528,77309411328,70451200,77313015808,0
1787749262469211043,77385105408,77309411328,75694080,77313011712,0
1787749262497267831,77381955584,77309411328,72544256,77310128128,0
1787749262525180616,77377757184,77309411328,68345856,77310910464,0
1787749262553172702,77378019328,77309411328,68608000,77310910464,0
1787749262582167757,77381423104,77309411328,72011776,77314314240,0
1787749262610716074,77384568832,77309411328,75157504,77313265664,0
1787749262640439862,77381156864,77309411328,71745536,77318520832,0
1787749262672145177,77386940416,77309411328,77529088,77320265728,0
1787749262704654647,77388419072,77309411328,79007744,77322096640,0
1787749262737943181,77392347136,77309411328,82935808,77322354688,0
1787749262768422304,77391298560,77309411328,81887232,77321125888,0
1787749262800156149,77389283328,77309411328,79872000,77322436608,0
1787749262832583458,77391380480,77309411328,81969152,77324787712,0
1787749262865412943,77394255872,77309411328,84844544,77323243520,0
1787749262898261069,77392711680,77309411328,83300352,77322981376,0
1787749262930317201,77391663104,77309411328,82251776,77325336576,0
1787749262963607455,77393756160,77309411328,84344832,77323812864,0
1787749262996920570,77394591744,77309411328,85180416,77323800576,0
1787749263030235364,77393793024,77309411328,84381696,77324226560,0
1787749263063817164,77394739200,77309411328,85327872,77325533184,0
1787749263097368583,77394210816,77309411328,84799488,77323874304,0
1787749263131251508,77395435520,77309411328,86024192,77326041088,0
1787749263164515422,77395767296,77309411328,86355968,77327085568,0
1787749263197391899,77395501056,77309411328,86089728,77325574144,0
1787749263230239425,77384552448,77309411328,75141120,77323218944,0
1787749263263314455,77393993728,77309411328,84582400,77323599872,0
1787749263295409727,77392015360,77309411328,82604032,77326057472,0
1787749263328163461,77392642048,77309411328,83230720,77322911744,0
1787749263360752653,77392113664,77309411328,82702336,77324316672,0
1787749263393402365,77395357696,77309411328,85946368,77323718656,0
1787749263425063109,77392138240,77309411328,82726912,77324685312,0
1787749263457702031,77392838656,77309411328,83427328,77322584064,0
1787749263489732452,77391261696,77309411328,81850368,77323538432,0
1787749263522352274,77394051072,77309411328,84639744,77322227712,0
1787749263554559978,77390381056,77309411328,80969728,77324210176,0
1787749263587105399,77392625664,77309411328,83214336,77322108928,0
1787749263619887454,77390786560,77309411328,81375232,77324304384,0
1787749263652628428,77395079168,77309411328,85667840,77323427840,0
1787749263689265034,77391843328,77309411328,82432000,77337026560,0
1787749263727258025,77405179904,77309411328,95768576,77338624000,0
1787749263767344154,77407825920,77309411328,98414592,77345435648,0
1787749263799155431,77416206336,77309411328,106795008,77321302016,0
1787749263828707676,77389975552,77309411328,80564224,77316050944,0
1787749263857944246,77384732672,77309411328,75321344,77315788800,0
1787749263887176955,77384466432,77309411328,75055104,77314998272,0
1787749263916891724,77384462336,77309411328,75051008,77314732032,0
1787749263945482061,77384462336,77309411328,75051008,77313159168,0
1787749263973983007,77382361088,77309411328,72949760,77311057920,0
1787749264002024754,77380263936,77309411328,70852608,77313155072,0
1787749264030963938,77380526080,77309411328,71114752,77313679360,0
1787749264060543164,77384720384,77309411328,75309056,77313675264,0
1787749264089160342,77383663616,77309411328,74252288,77312098304,0
1787749264118005274,77382090752,77309411328,72679424,77310525440,0
1787749264146872057,77380513792,77309411328,71102464,77313404928,0
1787749264175879612,77384708096,77309411328,75296768,77312880640,0
1787749264204003261,77378154496,77309411328,68743168,77307375616,0
1787749264231834434,77374222336,77309411328,64811008,77312094208,0
1787749264260097306,77380509696,77309411328,71098368,77314621440,0
1787749264288884137,77383303168,77309411328,73891840,77311475712,0
1787749264318324640,77383036928,77309411328,73625600,77312782336,0
1787749264347032700,77382508544,77309411328,73097216,77311205376,0
1787749264375506065,77380407296,77309411328,70995968,77313822720,0
1787749264404110893,77382766592,77309411328,73355264,77311725568,0
1787749264433099178,77380403200,77309411328,70991872,77314867200,0
1787749264462318257,77385383936,77309411328,75972608,77314867200,0
1787749264490702330,77383020544,77309411328,73609216,77312241664,0
1787749264518896651,77379608576,77309411328,70197248,77313810432,0
1787749264547873415,77382488064,77309411328,73076736,77311184896,0
1787749264576918721,77381963776,77309411328,72552448,77310922752,0
1787749264605122532,77380390912,77309411328,70979584,77314330624,0
1787749264633377893,77382221824,77309411328,72810496,77311442944,0
1787749264661328769,77378551808,77309411328,69140480,77312491520,0
1787749264690325684,77381431296,77309411328,72019968,77315895296,0
1787749264719622324,77386670080,77309411328,77258752,77316153344,0
1787749264748007828,77382995968,77309411328,73584640,77311954944,0
1787749264776539294,77380112384,77309411328,70701056,77314048000,0
1787749264805382436,77382467584,77309411328,73056256,77311426560,0
1787749264834638986,77384036352,77309411328,74625024,77312471040,0
1787749264862599312,77380366336,77309411328,70955008,77314043904,0
1787749264890559938,77381677056,77309411328,72265728,77315616768,0
1787749264918833190,77384298496,77309411328,74887168,77313253376,0
1787749264947645851,77381668864,77309411328,72257536,77315870720,0
1787749264977091964,77386649600,77309411328,77238272,77316395008,0
1787749265005955097,77384548352,77309411328,75137024,77314293760,0
1787749265035735996,77384286208,77309411328,74874880,77313503232,0
1787749265064875684,77383491584,77309411328,74080256,77312188416,0
1787749265093730806,77383229440,77309411328,73818112,77311401984,0
1787749265122261573,77380345856,77309411328,70934528,77314023424,0
1787749265150666247,77382438912,77309411328,73027584,77311135744,0
1787749265178829967,77380079616,77309411328,70668288,77313757184,0
1787749265207458465,77373259776,77309411328,63848448,77311918080,0
1787749265237089282,77383221248,77309411328,73809920,77312704512,0
1787749265266132377,77382426624,77309411328,73015296,77312172032,0
1787749265295075421,77382160384,77309411328,72749056,77310595072,0
1787749265323472335,77379801088,77309411328,70389760,77313216512,0
1787749265352969560,77383467008,77309411328,74055680,77312688128,0
1787749265381897863,77383729152,77309411328,74317824,77312425984,0
1787749265410825537,77381890048,77309411328,72478720,77310586880,0
1787749265439477886,77380313088,77309411328,70901760,77313990656,0
1787749265468130874,77381885952,77309411328,72474624,77310582784,0
1787749265496709962,77380833280,77309411328,71421952,77313724416,0
1787749265525373160,77383454720,77309411328,74043392,77312675840,0
1787749265553529650,77381619712,77309411328,72208384,77315035136,0
1787749265581662659,77383188480,77309411328,73777152,77311885312,0
1787749265610560132,77380562944,77309411328,71151616,77314240512,0
1787749265639567197,77385015296,77309411328,75603968,77313712128,0
1787749265667748307,77382651904,77309411328,73240576,77311348736,0
1787749265696068650,77380030464,77309411328,70619136,77313708032,0
1787749265725174977,77382647808,77309411328,73236480,77311868928,0
1787749265753897807,77382905856,77309411328,73494528,77311078400,0
1787749265781928624,77379760128,77309411328,70348800,77313437696,0
1787749265810148214,77381857280,77309411328,72445952,77310816256,0
1787749265838420086,77378707456,77309411328,69296128,77312647168,0
1787749265867488532,77381853184,77309411328,72441856,77310550016,0
1787749265896811433,77382111232,77309411328,72699904,77311856640,0
1787749265924841591,77380534272,77309411328,71122944,77314211840,0
1787749265953140233,77382103040,77309411328,72691712,77311062016,0
1787749265981882523,77380005888,77309411328,70594560,77313683456,0
1787749266011079802,77384458240,77309411328,75046912,77313155072,0
1787749266040074487,77383933952,77309411328,74522624,77313155072,0
1787749266068723615,77382885376,77309411328,73474048,77311844352,0
1787749266097374164,77380259840,77309411328,70848512,77315510272,0
1787749266126948330,77383401472,77309411328,73990144,77314457600,0
1787749266154881035,77323522048,77309411328,14110720,77307793408,0
1787749266317186620,77319340032,77309411328,9928704,77309636608,0
1787749266343953983,77321146368,77309411328,11735040,77306204160,0
1787749266370669126,77316689920,77309411328,7278592,77306728448,0
1787749266397548532,77316165632,77309411328,6754304,77306204160,0
1787749266424612832,77314592768,77309411328,5181440,77309349888,0
1787749266451291114,77319049216,77309411328,9637888,77308825600,0
1787749266477926645,77317210112,77309411328,7798784,77306724352,0
1787749266504493385,77315375104,77309411328,5963776,77305151488,0
1787749266531186878,77314064384,77309411328,4653056,77308821504,0
1787749266558381220,77317210112,77309411328,7798784,77306724352,0
1787749266585108673,77315108864,77309411328,5697536,77304885248,0
1787749266611533100,77313536000,77309411328,4124672,77308555264,0
1787749266638143331,77316943872,77309411328,7532544,77306458112,0
1787749266664884835,77315371008,77309411328,5959680,77305147392,0
1787749266691724730,77313798144,77309411328,4386816,77308555264,0
1787749266718365531,77316939776,77309411328,7528448,77306978304,0
1787749266744944282,77315629056,77309411328,6217728,77305143296,0
1787749266771316948,77313531904,77309411328,4120576,77308289024,0
1787749266798094052,77316939776,77309411328,7528448,77306454016,0
1787749266825304264,77315891200,77309411328,6479872,77305405440,0
1787749266851680941,77313527808,77309411328,4116480,77308284928,0
1787749266878288302,77316935680,77309411328,7524352,77306712064,0
1787749266904757380,77315362816,77309411328,5951488,77305139200,0
1787749266931417972,77313789952,77309411328,4378624,77308547072,0
1787749266958405280,77316935680,77309411328,7524352,77306449920,0
1787749266984815557,77314572288,77309411328,5160960,77309329408,0
1787749267011375768,77317718016,77309411328,8306688,77307494400,0
1787749267038079140,77316931584,77309411328,7520256,77306445824,0
1787749267064736062,77314568192,77309411328,5156864,77309325312,0
1787749267091933124,77318754304,77309411328,9342976,77308268544,0
1787749267118433173,77316657152,77309411328,7245824,77306171392,0
1787749267144796299,77314560000,77309411328,5148672,77309317120,0
1787749267171415320,77317967872,77309411328,8556544,77308006400,0
1787749267198209635,77316390912,77309411328,6979584,77305905152,0
1787749267225230643,77314293760,77309411328,4882432,77309050880,0
1787749267251939166,77317963776,77309411328,8552448,77307740160,0
1787749267278597748,77316124672,77309411328,6713344,77305638912,0
1787749267305484304,77314551808,77309411328,5140480,77309571072,0
1787749267332669475,77320577024,77309411328,11165696,77305372672,0
1787749267359740985,77316382720,77309411328,6971392,77305896960,0
1787749267386432507,77316382720,77309411328,6971392,77305896960,0
1787749267412936536,77316382720,77309411328,6971392,77305896960,0
1787749267439518037,77315067904,77309411328,5656576,77304582144,0
1787749267466559126,77315067904,77309411328,5656576,77304582144,0
1787749267493825359,77317427200,77309411328,8015872,77306941440,0
1787749267520460870,77317156864,77309411328,7745536,77306671104,0
1787749267547096552,77318205440,77309411328,8794112,77307719680,0
1787749267573617661,77318201344,77309411328,8790016,77307715584,0
1787749267600503637,77319774208,77309411328,10362880,77309812736,0
1787749267628042205,77322395648,77309411328,12984320,77307715584,0
1787749267654817759,77320298496,77309411328,10887168,77304569856,0
1787749267681452761,77317668864,77309411328,8257536,77307183104,0
1787749267708004920,77319766016,77309411328,10354688,77309280256,0
1787749267735290584,77322911744,77309411328,13500416,77307183104,0
1787749267762622618,77320814592,77309411328,11403264,77306134528,0
1787749267789370872,77319766016,77309411328,10354688,77309014016,0
1787749267815940532,77322379264,77309411328,12967936,77306650624,0
1787749267842630124,77320282112,77309411328,10870784,77304553472,0
1787749267869918298,77318184960,77309411328,8773632,77307699200,0
1787749267897105699,77321330688,77309411328,11919360,77305602048,0
1787749267923709540,77318967296,77309411328,9555968,77308481536,0
1787749267950296601,77322113024,77309411328,12701696,77306384384,0
1787749267977369390,77320015872,77309411328,10604544,77304287232,0
1787749268004841037,77317918720,77309411328,8507392,77308481536,0
1787749268032028699,77321584640,77309411328,12173312,77306118144,0
1787749268058746642,77319483392,77309411328,10072064,77309259776,0
1787749268085449164,77322366976,77309411328,12955648,77307162624,0
1787749268112501023,77320531968,77309411328,11120640,77305065472,0
1787749268139867808,77318696960,77309411328,9285632,77308211200,0
1787749268166552671,77322104832,77309411328,12693504,77306376192,0
1787749268193627040,77319741440,77309411328,10330112,77309255680,0
1787749268220268122,77322887168,77309411328,13475840,77307158528,0
1787749268247447363,77320523776,77309411328,11112448,77305319424,0
1787749268274841739,77319213056,77309411328,9801728,77308989440,0
1787749268301699684,77321834496,77309411328,12423168,77306892288,0
1787749268328609361,77320519680,77309411328,11108352,77304791040,0
1787749268355214132,77318156288,77309411328,8744960,77307670528,0
1787749268382202260,77321302016,77309411328,11890688,77305573376,0
1787749268409606055,77319991296,77309411328,10579968,77304524800,0
1787749268436217296,77318144000,77309411328,8732672,77307658240,0
1787749268463208144,77321285632,77309411328,11874304,77305556992,0
1787749268490090140,77318926336,77309411328,9515008,77308702720,0
1787749268517328113,77322031104,77309411328,12619776,77306564608,0
1787749268544614656,77320196096,77309411328,10784768,77304729600,0
1787749268571248227,77317046272,77309411328,7634944,77307346944,0
1787749268597810207,77320187904,77309411328,10776576,77304459264,0
1787749268624818116,77318090752,77309411328,8679424,77307604992,0
1787749268652262212,77321498624,77309411328,12087296,77305769984,0
1787749268679299121,77319663616,77309411328,10252288,77309964288,0
1787749268705950943,77323591680,77309411328,14180352,77307863040,0
1787749268732537463,77321486336,77309411328,12075008,77305757696,0
1787749268759493461,77319389184,77309411328,9977856,77308903424,0
1787749268787067879,77323321344,77309411328,13910016,77307854848,0
1787749268813672590,77321482240,77309411328,12070912,77305753600,0
1787749268840230590,77319385088,77309411328,9973760,77309161472,0
1787749268866866512,77323317248,77309411328,13905920,77308112896,0
1787749268893840819,77322006528,77309411328,12595200,77306277888,0
1787749268921499420,77320171520,77309411328,10760192,77305491456,0
1787749268948069470,77319122944,77309411328,9711616,77308637184,0
1787749268974874834,77321736192,77309411328,12324864,77306007552,0
1787749269001465585,77319639040,77309411328,10227712,77309153280,0
1787749269028534934,77323046912,77309411328,13635584,77307318272,0
1787749269056018142,77320945664,77309411328,11534336,77305479168,0
1787749269082699954,77318844416,77309411328,9433088,77308882944,0
1787749269109474398,77321457664,77309411328,12046336,77305991168,0
1787749269136010007,77319360512,77309411328,9949184,77308874752,0
1787749269163019116,77322768384,77309411328,13357056,77307039744,0
1787749269190583714,77320671232,77309411328,11259904,77305991168,0
1787749269217277127,77318828032,77309411328,9416704,77308604416,0
1787749269243834887,77322235904,77309411328,12824576,77306507264,0
1787749269270529719,77320138752,77309411328,10727424,77304410112,0
1787749269297447406,77318041600,77309411328,8630272,77307555840,0
1787749269325075476,77321187328,77309411328,11776000,77306507264,0
1787749269351578645,77319872512,77309411328,10461184,77309386752,0
1787749269378315768,77323280384,77309411328,13869056,77307813888,0
1787749269404973120,77322227712,77309411328,12816384,77306499072,0
1787749269432258483,77320392704,77309411328,10981376,77304926208,0
1787749269459486016,77319335936,77309411328,9924608,77308850176,0
1787749269486376442,77323001856,77309411328,13590528,77307535360,0
1787749269512985103,77321166848,77309411328,11755520,77305438208,0
1787749269540313707,77320118272,77309411328,10706944,77304389632,0
1787749269567554489,77318008832,77309411328,8597504,77308047360,0
1787749269594726481,77321400320,77309411328,11988992,77306195968,0
1787749269621239080,77319553024,77309411328,10141696,77309067264,0
1787749269647940873,77321641984,77309411328,12230656,77306175488,0
1787749269674799628,77319274496,77309411328,9863168,77309050880,0
1787749269702376057,77321633792,77309411328,12222464,77305905152,0
1787749269729070319,77317955584,77309411328,8544256,77307469824,0
1787749269755721291,77320314880,77309411328,10903552,77304586240,0
1787749269782407883,77317160960,77309411328,7749632,77307199488,0
1787749269809360571,77319258112,77309411328,9846784,77308772352,0
1787749269836925089,77321355264,77309411328,11943936,77305888768,0
1787749269863692263,77317943296,77309411328,8531968,77307457536,0
1787749269890436537,77320040448,77309411328,10629120,77304311808,0
1787749269916992437,77316366336,77309411328,6955008,77306404864,0
1787749269943987225,77319249920,77309411328,9838592,77308764160,0
1787749269971322039,77321846784,77309411328,12435456,77307166720,0
1787749269998014941,77318963200,77309411328,9551872,77309001728,0
1787749270024961769,77320531968,77309411328,11120640,77305327616,0
1787749270051657181,77317898240,77309411328,8486912,77308198912,0
1787749270078761301,77320781824,77309411328,11370496,77305053184,0
1787749270106187117,77317632000,77309411328,8220672,77307408384,0
1787749270133004102,77320511488,77309411328,11100160,77304782848,0
1787749270159485751,77317623808,77309411328,8212480,77307662336,0
1787749270186099842,77320765440,77309411328,11354112,77305036800,0
1787749270213064259,77318668288,77309411328,9256960,77308182528,0
1787749270240792131,77321814016,77309411328,12402688,77307133952,0
1787749270267547824,77320765440,77309411328,11354112,77305036800,0
1787749270294160395,77318402048,77309411328,8990720,77307916288,0
1787749270320999531,77321547776,77309411328,12136448,77305819136,0
1787749270348070050,77319184384,77309411328,9773056,77308698624,0
1787749270375360133,77322854400,77309411328,13443072,77307650048,0
1787749270402086117,77320228864,77309411328,10817536,77305286656,0
1787749270428575875,77318131712,77309411328,8720384,77307645952,0
1787749270455197997,77321535488,77309411328,12124160,77305806848,0
1787749270482530421,77318381568,77309411328,8970240,77307895808,0
1787749270509845725,77321519104,77309411328,12107776,77305790464,0
1787749270536441705,77318103040,77309411328,8691712,77307617280,0
1787749270563048326,77320200192,77309411328,10788864,77304471552,0
1787749270589824020,77317054464,77309411328,7643136,77306568704,0
1787749270617371229,77319143424,77309411328,9732096,77308919808,0
1787749270644192684,77320974336,77309411328,11563008,77306032128,0
1787749270670778464,77317820416,77309411328,8409088,77307858944,0
1787749270697375835,77319917568,77309411328,10506240,77304188928,0
1787749270724344172,77316771840,77309411328,7360512,77306286080,0
1787749270751684037,77318602752,77309411328,9191424,77308116992,0
1787749270778441310,77320433664,77309411328,11022336,77304705024,0
1787749270805004241,77317287936,77309411328,7876608,77306802176,0
1787749270831522920,77319385088,77309411328,9973760,77308899328,0
1787749270858560039,77321482240,77309411328,12070912,77305753600,0
1787749270885787491,77318336512,77309411328,8925184,77307850752,0
1787749270912533604,77320691712,77309411328,11280384,77305487360,0
1787749270938983722,77317804032,77309411328,8392704,77307318272,0
1787749270965582933,77319901184,77309411328,10489856,77304172544,0
1787749270992539881,77316755456,77309411328,7344128,77306793984,0
1787749271020070369,77320163328,77309411328,10752000,77304434688,0
1787749271046841402,77316751360,77309411328,7340032,77306265600,0
1787749271073546365,77320159232,77309411328,10747904,77304430592,0
1787749271100084625,77317267456,77309411328,7856128,77306781696,0
1787749271127034492,77319356416,77309411328,9945088,77308870656,0
1787749271154476318,77321973760,77309411328,12562432,77306507264,0
1787749271181029048,77318823936,77309411328,9412608,77308338176,0
1787749271207669630,77320921088,77309411328,11509760,77305454592,0
1787749271234254150,77318561792,77309411328,9150464,77308600320,0
1787749271261377181,77320921088,77309411328,11509760,77305454592,0
1787749271288712325,77318299648,77309411328,8888320,77307813888,0
1787749271315630442,77320916992,77309411328,11505664,77305450496,0
1787749271342233492,77317767168,77309411328,8355840,77307281408,0
1787749271368824013,77320650752,77309411328,11239424,77305446400,0
1787749271395743690,77318029312,77309411328,8617984,77308329984,0
1787749271423208356,77320912896,77309411328,11501568,77309378560,0
1787749271449988830,77321961472,77309411328,12550144,77309378560,0
1787749271476687353,77321695232,77309411328,12283904,77309112320,0
1787749271503400006,77321695232,77309411328,12283904,77309898752,0
1787749271530987665,77322743808,77309411328,13332480,77306490880,0
1787749271558518193,77319593984,77309411328,10182656,77307797504,0
1787749271585156634,77320638464,77309411328,11227136,77308055552,0
1787749271611848397,77320634368,77309411328,11223040,77308837888,0
1787749271638539119,77321932800,77309411328,12521472,77309349888,0
1787749271666145309,77322190848,77309411328,12779520,77306200064,0
1787749271693478553,77318516736,77309411328,9105408,77305933824,0
1787749271720085614,77318250496,77309411328,8839168,77305667584,0
1787749271746817277,77318512640,77309411328,9101312,77305929728,0
1787749271773814195,77318504448,77309411328,9093120,77306445824,0
1787749271801328913,77319548928,77309411328,10137600,77306966016,0
1787749271827923343,77319282688,77309411328,9871360,77306699776,0
1787749271854457603,77319540736,77309411328,10129408,77306957824,0
1787749271881120605,77319016448,77309411328,9605120,77306957824,0
1787749271908110513,77319016448,77309411328,9605120,77307219968,0
1787749271935595070,77319802880,77309411328,10391552,77307482112,0
1787749271962292143,77319008256,77309411328,9596928,77306949632,0
1787749271988815362,77318483968,77309411328,9072640,77306425344,0
1787749272015486194,77318483968,77309411328,9072640,77305896960,0
1787749272042529593,77318479872,77309411328,9068544,77305896960,0
1787749272069965569,77318479872,77309411328,9068544,77305896960,0
1787749272096534639,77317685248,77309411328,8273920,77309296640,0
1787749272123136140,77320822784,77309411328,11411456,77308239872,0
1787749272149748011,77321076736,77309411328,11665408,77308493824,0
1787749272176784000,77320007680,77309411328,10596352,77308211200,0
1787749272204146605,77319733248,77309411328,10321920,77307936768,0
1787749272230791326,77319725056,77309411328,10313728,77307142144,0
1787749272257338456,77319725056,77309411328,10313728,77307142144,0
1787749272284003358,77319725056,77309411328,10313728,77307404288,0
1787749272311577867,77319987200,77309411328,10575872,77307404288,0
1787749272338647906,77320769536,77309411328,11358208,77308186624,0
1787749272365415980,77321293824,77309411328,11882496,77309235200,0
1787749272392000641,77321551872,77309411328,12140544,77308968960,0
1787749272418921847,77322076160,77309411328,12664832,77305823232,0
1787749272446202271,77318406144,77309411328,8994816,77305823232,0
1787749272473559445,77318668288,77309411328,9256960,77306871808,0
1787749272500416531,77319450624,77309411328,10039296,77306867712,0
1787749272527077473,77319446528,77309411328,10035200,77306863616,0
1787749272553998290,77319446528,77309411328,10035200,77306863616,0
1787749272581504297,77319442432,77309411328,10031104,77307908096,0
1787749272608268101,77320224768,77309411328,10813440,77307641856,0
1787749272634822581,77320744960,77309411328,11333632,77308686336,0
1787749272661423202,77321265152,77309411328,11853824,77308682240,0
1787749272688416170,77321265152,77309411328,11853824,77309468672,0
1787749272715646312,77322313728,77309411328,12902400,77305536512,0
1787749272742991057,77318381568,77309411328,8970240,77306585088,0
1787749272769853402,77318643712,77309411328,9232384,77306847232,0
1787749272796411372,77318897664,77309411328,9486336,77306576896,0
1787749272823418280,77319155712,77309411328,9744384,77306572800,0
1787749272851062250,77319417856,77309411328,10006528,77306834944,0
1787749272877795984,77319413760,77309411328,10002432,77306830848,0
1787749272904581608,77318098944,77309411328,8687616,77305516032,0
1787749272931083057,77317308416,77309411328,7897088,77309444096,0
1787749272958017844,77321236480,77309411328,11825152,77308653568,0
1787749272985480730,77320183808,77309411328,10772480,77308649472,0
1787749273012641822,77319917568,77309411328,10506240,77307334656,0
1787749273039441646,77319131136,77309411328,9719808,77306548224,0
1787749273066148109,77319393280,77309411328,9981952,77307596800,0
1787749273093237929,77320437760,77309411328,11026432,77307854848,0
1787749273120698725,77320699904,77309411328,11288576,77308112896,0
1787749273147295406,77320425472,77309411328,11014144,77307842560,0
1787749273174105951,77320421376,77309411328,11010048,77307838464,0
1787749273200645640,77320155136,77309411328,10743808,77307572224,0
1787749273227582857,77320417280,77309411328,11005952,77307834368,0
1787749273255043614,77320417280,77309411328,11005952,77307834368,0
1787749273281724056,77320151040,77309411328,10739712,77307568128,0
1787749273308499250,77320151040,77309411328,10739712,77307568128,0
1787749273335100481,77320146944,77309411328,10735616,77307564032,0
1787749273362192071,77320146944,77309411328,10735616,77307564032,0
1787749273389510195,77321191424,77309411328,11780096,77309132800,0
1787749273416438572,77321969664,77309411328,12558336,77309648896,0
1787749273443072543,77323526144,77309411328,14114816,77306748928,0
1787749273469701474,77320642560,77309411328,11231232,77308059648,0
1787749273497161881,77321949184,77309411328,12537856,77309628416,0
1787749273524680499,77324046336,77309411328,14635008,77307269120,0
1787749273551287940,77320368128,77309411328,10956800,77307785216,0
1787749273577812749,77321678848,77309411328,12267520,77309095936,0
1787749273604930289,77322727424,77309411328,13316096,77306212352,0
1787749273632317735,77320888320,77309411328,11476992,77308305408,0
1787749273659365904,77321936896,77309411328,12525568,77309353984,0
1787749273685979065,77322719232,77309411328,13307904,77305942016,0
1787749273712536615,77319573504,77309411328,10162176,77306990592,0
1787749273739449881,77320355840,77309411328,10944512,77307772928,0
1787749273766860177,77321404416,77309411328,11993088,77308821504,0
1787749273793404907,77321662464,77309411328,12251136,77309603840,0
1787749273820124090,77322186752,77309411328,12775424,77305409536,0
1787749273846638149,77318254592,77309411328,8843264,77306458112,0
1787749273873676528,77319041024,77309411328,9629696,77306458112,0
1787749273901149705,77319041024,77309411328,9629696,77306458112,0
1787749273927741605,77318508544,77309411328,9097216,77305925632,0
1787749273954435208,77317459968,77309411328,8048640,77309857792,0
1787749273980993448,77321654272,77309411328,12242944,77309071360,0
1787749274007899054,77321392128,77309411328,11980800,77309071360,0
1787749274035492173,77320605696,77309411328,11194368,77309071360,0
1787749274062319788,77320339456,77309411328,10928128,77307756544,0
1787749274088864278,77320339456,77309411328,10928128,77307756544,0
1787749274115426948,77319290880,77309411328,9879552,77306707968,0
1787749274142469257,77319290880,77309411328,9879552,77306707968,0
1787749274169981735,77318238208,77309411328,8826880,77306441728,0
1787749274196504704,77318758400,77309411328,9347072,77306175488,0
1787749274223143855,77319020544,77309411328,9609216,77306437632,0
1787749274249661135,77319282688,77309411328,9871360,77307224064,0
1787749274276684063,77320323072,77309411328,10911744,77307740160,0
1787749274304148350,77320056832,77309411328,10645504,77307473920,0
1787749274330753321,77320564736,77309411328,11153408,77308506112,0
1787749274357405782,77321347072,77309411328,11935744,77308764160,0
1787749274383985043,77321871360,77309411328,12460032,77309288448,0
1787749274411015912,77321871360,77309411328,12460032,77309812736,0
1787749274438652551,77322919936,77309411328,13508608,77306142720,0
1787749274465219742,77319245824,77309411328,9834496,77307187200,0
1787749274491757441,77319770112,77309411328,10358784,77307187200,0
1787749274518514955,77320818688,77309411328,11407360,77308235776,0
1787749274545823999,77321601024,77309411328,12189696,77309018112,0
1787749274573498969,77323436032,77309411328,14024704,77306920960,0
1787749274600052029,77320286208,77309411328,10874880,77307703296,0
1787749274626561908,77321334784,77309411328,11923456,77308751872,0
1787749274653420354,77322383360,77309411328,12972032,77305606144,0
1787749274680681767,77319233536,77309411328,9822208,77306650624,0
1787749274708079882,77320282112,77309411328,10870784,77308485632,0
1787749274734643403,77321584640,77309411328,12173312,77309001728,0
1787749274761491408,77322633216,77309411328,13221888,77305856000,0
1787749274788470326,77318701056,77309411328,9289728,77306904576,0
1787749274816181187,77320011776,77309411328,10600448,77307953152,0
1787749274842730747,77321056256,77309411328,11644928,77308735488,0
1787749274869370058,77321318400,77309411328,11907072,77309521920,0
1787749274895980629,77322100736,77309411328,12689408,77305585664,0
1787749274923105540,77318955008,77309411328,9543680,77306372096,0
1787749274950555796,77321052160,77309411328,11640832,77308469248,0
1787749274977408552,77322096640,77309411328,12685312,77305319424,0
1787749275003982592,77318164480,77309411328,8753152,77306105856,0
1787749275030702335,77319213056,77309411328,9801728,77306630144,0
1787749275057982238,77319208960,77309411328,9797632,77306626048,0
1787749275085882613,77320253440,77309411328,10842112,77308194816,0
1787749275113001153,77321035776,77309411328,11624448,77308452864,0
1787749275140344528,77322080256,77309411328,12668928,77305303040,0
1787749275167431447,77318672384,77309411328,9261056,77306351616,0
1787749275194799262,77319192576,77309411328,9781248,77307396096,0
1787749275222819519,77319974912,77309411328,10563584,77308440576,0
1787749275250007201,77320749056,77309411328,11337728,77309214720,0
1787749275277449017,77322059776,77309411328,12648448,77306068992,0
1787749275304472346,77318914048,77309411328,9502720,77306593280,0
1787749275332685206,77320224768,77309411328,10813440,77307637760,0
1787749275360146113,77320998912,77309411328,11587584,77308940288,0
1787749275387531438,77322047488,77309411328,12636160,77306318848,0
1787749275414611598,77319684096,77309411328,10272768,77307101184,0
1787749275442038544,77320994816,77309411328,11583488,77309460480,0
1787749275470252674,77323091968,77309411328,13680640,77307363328,0
1787749275497339974,77320994816,77309411328,11583488,77308936192,0
1787749275524618448,77322825728,77309411328,13414400,77306048512,0
1787749275551735178,77319933952,77309411328,10522624,77308399616,0
1787749275579121293,77321764864,77309411328,12353536,77309181952,0
1787749275607425525,77323599872,77309411328,14188544,77307346944,0
1787749275634428504,77320974336,77309411328,11563008,77308915712,0
1787749275661262339,77322547200,77309411328,13135872,77305769984,0
1787749275688273967,77319401472,77309411328,9990144,77307277312,0
1787749275715824885,77320384512,77309411328,10973184,77308583936,0
1787749275744153558,77322215424,77309411328,12804096,77306224640,0
1787749275771313959,77319069696,77309411328,9658368,77307269120,0
1787749275798324077,77320114176,77309411328,10702848,77308579840,0
1787749275825380087,77321158656,77309411328,11747328,77309624320,0
1787749275853246931,77322207232,77309411328,12795904,77306216448,0
1787749275881162136,77319053312,77309411328,9641984,77307256832,0
1787749275908156054,77319565312,77309411328,10153984,77307506688,0
1787749275935080360,77320085504,77309411328,10674176,77307502592,0
1787749275962685870,77320085504,77309411328,10674176,77308551168,0
1787749275990495203,77321396224,77309411328,11984896,77308813312,0
1787749276017651434,77321125888,77309411328,11714560,77309591552,0
1787749276045105191,77322174464,77309411328,12763136,77305659392,0
1787749276072119979,77319028736,77309411328,9617408,77306445824,0
1787749276099608496,77319024640,77309411328,9613312,77307228160,0
1787749276127529441,77319811072,77309411328,10399744,77308276736,0
1787749276154467278,77320855552,77309411328,11444224,77308796928,0
1787749276181534418,77321904128,77309411328,12492800,77309321216,0
1787749276208902453,77322424320,77309411328,13012992,77306695680,0
1787749276236422540,77319004160,77309411328,9592832,77306945536,0
1787749276264228273,77318995968,77309411328,9584640,77307461632,0
1787749276291436485,77318991872,77309411328,9580544,77307457536,0
1787749276318577466,77320032256,77309411328,10620928,77307449344,0
1787749276345516543,77319766016,77309411328,10354688,77308231680,0
1787749276373409368,77321072640,77309411328,11661312,77309173760,0
1787749276400922665,77322010624,77309411328,12599296,77310455808,0
1787749276428128467,77323034624,77309411328,13623296,77305982976,0
1787749276455463582,77319340032,77309411328,9928704,77306732544,0
1787749276482821656,77319573504,77309411328,10162176,77307482112,0
1787749276510665140,77320065024,77309411328,10653696,77308620800,0
1787749276537549466,77321203712,77309411328,11792384,77308768256,0
1787749276564570915,77321089024,77309411328,11677696,77308768256,0
1787749276591643544,77320822784,77309411328,11411456,77308502016,0
1787749276619109451,77320560640,77309411328,11149312,77308502016,0
1787749276647016486,77321084928,77309411328,11673600,77309550592,0
1787749276674116456,77321080832,77309411328,11669504,77309284352,0
1787749276701027332,77321867264,77309411328,12455936,77309284352,0
1787749276728056581,77321867264,77309411328,12455936,77309284352,0
1787749276755787593,77322129408,77309411328,12718080,77305872384,0
1787749276783692887,77318709248,77309411328,9297920,77306126336,0
1787749276810980641,77318971392,77309411328,9560064,77307437056,0
1787749276837874697,77319753728,77309411328,10342400,77307695104,0
1787749276865012418,77320802304,77309411328,11390976,77308219392,0
1787749276892421303,77320536064,77309411328,11124736,77309001728,0
1787749276920250197,77321584640,77309411328,12173312,77310050304,0
1787749276947663823,77322633216,77309411328,13221888,77307056128,0
1787749276974591459,77319634944,77309411328,10223616,77307052032,0
1787749277001944864,77320159232,77309411328,10747904,77308362752,0
1787749277029614455,77321912320,77309411328,12500992,77309329408,0
1787749277057637142,77323747328,77309411328,14336000,77307232256,0
1787749277084782522,77320597504,77309411328,11186176,77308276736,0
1787749277111670729,77321646080,77309411328,12234752,77309587456,0
1787749277139534523,77322952704,77309411328,13541376,77307486208,0
1787749277167549789,77320830976,77309411328,11419648,77308248064,0
1787749277194593089,77321605120,77309411328,12193792,77309284352,0
1787749277221733319,77322915840,77309411328,13504512,77306925056,0
1787749277248625035,77319753728,77309411328,10342400,77307170816,0
1787749277276138453,77320794112,77309411328,11382784,77308473344,0
1787749277304078108,77321318400,77309411328,11907072,77309521920,0
1787749277331499774,77322358784,77309411328,12947456,77305843712,0
1787749277358392351,77319737344,77309411328,10326016,77307154432,0
1787749277385238536,77320781824,77309411328,11370496,77308461056,0
1787749277413048149,77322080256,77309411328,12668928,77306351616,0
1787749277441007495,77319979008,77309411328,10567680,77308444672,0
1787749277468418031,77322067968,77309411328,12656640,77306077184,0
1787749277495472200,77319442432,77309411328,10031104,77307121664,0
1787749277522688452,77320753152,77309411328,11341824,77308170240,0
1787749277550281681,77322063872,77309411328,12652544,77305548800,0
1787749277578370299,77319700480,77309411328,10289152,77308166144,0
1787749277605433008,77321531392,77309411328,12120064,77308682240,0
1787749277632573709,77322309632,77309411328,12898304,77305794560,0
1787749277659658709,77319688192,77309411328,10276864,77307367424,0
1787749277687229618,77320990720,77309411328,11579392,77308407808,0
1787749277715199814,77321510912,77309411328,12099584,77309452288,0
1787749277742399406,77322289152,77309411328,12877824,77306036224,0
1787749277769279241,77318352896,77309411328,8941568,77306294272,0
1787749277796722738,77319401472,77309411328,9990144,77306818560,0
1787749277824600752,77320450048,77309411328,11038720,77307867136,0
1787749277851752803,77321232384,77309411328,11821056,77309698048,0
1787749277878857743,77323063296,77309411328,13651968,77306548224,0
1787749277905780060,77320704000,77309411328,11292672,77308121088,0
1787749277933223216,77321744384,77309411328,12333056,77310210048,0
1787749277961482848,77323575296,77309411328,14163968,77307322368,0
1787749277988524716,77320953856,77309411328,11542528,77308370944,0
1787749278015721828,77321474048,77309411328,12062720,77309153280,0
1787749278043234416,77322784768,77309411328,13373440,77306269696,0
1787749278070691732,77319634944,77309411328,10223616,77307052032,0
1787749278098556236,77320683520,77309411328,11272192,77308100608,0
1787749278125630096,77321465856,77309411328,12054528,77309145088,0
1787749278152673985,77321728000,77309411328,12316672,77309931520,0
1787749278180129991,77322510336,77309411328,13099008,77305733120,0
1787749278207948765,77319364608,77309411328,9953280,77307568128,0
1787749278235929771,77321461760,77309411328,12050432,77309403136,0
1787749278263217624,77322764288,77309411328,13352960,77306773504,0
1787749278290206412,77320404992,77309411328,10993664,77307555840,0
1787749278318025276,77321187328,77309411328,11776000,77309652992,0
1787749278345835529,77323280384,77309411328,13869056,77306503168,0
1787749278372918978,77320122368,77309411328,10711040,77307539456,0
1787749278399943717,77320118272,77309411328,10706944,77308583936,0
1787749278426875214,77321162752,77309411328,11751424,77308579840,0
1787749278454471003,77321162752,77309411328,11751424,77309628416,0
1787749278482693234,77322211328,77309411328,12800000,77306482688,0
1787749278509898096,77318533120,77309411328,9121792,77305950208,0
1787749278536824342,77318533120,77309411328,9121792,77306998784,0
1787749278563902452,77318533120,77309411328,9121792,77306998784,0
1787749278591350759,77318533120,77309411328,9121792,77306998784,0
1787749278619194912,77319843840,77309411328,10432512,77307260928,0
1787749278646370254,77319577600,77309411328,10166272,77306994688,0
1787749278673287770,77319311360,77309411328,9900032,77306728448,0
1787749278700430691,77319311360,77309411328,9900032,77306728448,0
1787749278728267565,77319311360,77309411328,9900032,77307777024,0
1787749278756138079,77320359936,77309411328,10948608,77307777024,0
1787749278783238909,77319827456,77309411328,10416128,77307244544,0
1787749278810443081,77319827456,77309411328,10416128,77307506688,0
1787749278838056150,77319827456,77309411328,10416128,77308215296,0
1787749278865714361,77320531968,77309411328,11120640,77308801024,0
1787749278892649197,77321117696,77309411328,11706368,77308911616,0
1787749278919828399,77321232384,77309411328,11821056,77308997632,0
1787749278947074542,77321314304,77309411328,11902976,77308731392,0
1787749278974571509,77321314304,77309411328,11902976,77308870656,0
1787749279002160168,77321453568,77309411328,12042240,77309657088,0
1787749279029661835,77321445376,77309411328,12034048,77309906944,0
1787749279057350596,77322489856,77309411328,13078528,77305446400,0
1787749279084637310,77319077888,77309411328,9666560,77306494976,0
1787749279112194128,77319856128,77309411328,10444800,77307273216,0
1787749279139814298,77320638464,77309411328,11227136,77308579840,0
1787749279167276984,77322211328,77309411328,12800000,77305434112,0
1787749279194457926,77319323648,77309411328,9912320,77307002880,0
1787749279221731699,77320368128,77309411328,10956800,77308571648,0
1787749279249203586,77321150464,77309411328,11739136,77309616128,0
1787749279277400786,77322723328,77309411328,13312000,77306470400,0
1787749279304453585,77319053312,77309411328,9641984,77307518976,0
1787749279331385862,77319835648,77309411328,10424320,77307252736,0
1787749279359020692,77320097792,77309411328,10686464,77308563456,0
1787749279386817505,77321146368,77309411328,11735040,77308563456,0
1787749279414013796,77320880128,77309411328,11468800,77309345792,0
1787749279441065236,77320880128,77309411328,11468800,77309345792,0
1787749279468008433,77321928704,77309411328,12517376,77309345792,0
1787749279495674183,77321928704,77309411328,12517376,77310394368,0
1787749279523782652,77323763712,77309411328,14352384,77307248640,0
1787749279550855101,77320609792,77309411328,11198464,77308026880,0
1787749279577895130,77320871936,77309411328,11460608,77309075456,0
1787749279604780746,77321920512,77309411328,12509184,77309337600,0
1787749279632275363,77321920512,77309411328,12509184,77309599744,0
1787749279660446683,77323227136,77309411328,13815808,77307498496,0
1787749279687615344,77319815168,77309411328,10403840,77307453440,0
1787749279714496300,77320822784,77309411328,11411456,77308911616,0
1787749279741520569,77321494528,77309411328,12083200,77309435904,0
1787749279769207100,77322543104,77309411328,13131776,77305634816,0
1787749279796893611,77319266304,77309411328,9854976,77306888192,0
1787749279823995121,77319725056,77309411328,10313728,77307928576,0
1787749279851124601,77320511488,77309411328,11100160,77308452864,0
1787749279878093669,77321560064,77309411328,12148736,77308977152,0
1787749279909276334,77323657216,77309411328,14245888,77307142144,0
1787749279937162999,77320511488,77309411328,11100160,77308452864,0
1787749279964104266,77321027584,77309411328,11616256,77308444672,0
1787749279991184375,77321289728,77309411328,11878400,77309755392,0
1787749280018941357,77322600448,77309411328,13189120,77305556992,0
1787749280046971394,77319450624,77309411328,10039296,77307916288,0
1787749280074173786,77321019392,77309411328,11608064,77309222912,0
1787749280101168374,77321793536,77309411328,12382208,77310259200,0
1787749280128431627,77323104256,77309411328,13692928,77307375616,0
1787749280155722611,77319954432,77309411328,10543104,77307633664,0
1787749280183742988,77321003008,77309411328,11591680,77308682240,0
1787749280210700115,77321261056,77309411328,11849728,77309726720,0
1787749280237951208,77322309632,77309411328,12898304,77308678144,0
1787749280265067718,77320732672,77309411328,11321344,77309198336,0
1787749280292362452,77321781248,77309411328,12369920,77309198336,0
1787749280320597093,77322301440,77309411328,12890112,77307359232,0
1787749280347616971,77319938048,77309411328,10526720,77308403712,0
1787749280374943005,77320720384,77309411328,11309056,77309186048,0
1787749280401872082,77321768960,77309411328,12357632,77310234624,0
1787749280430056792,77322551296,77309411328,13139968,77307871232,0
1787749280457794974,77321756672,77309411328,12345344,77310222336,0
1787749280484957615,77322539008,77309411328,13127680,77307826176,0
1787749280512036845,77320929280,77309411328,11517952,77309095936,0
1787749280539471591,77322461184,77309411328,13049856,77306691584,0
1787749280567601140,77320581120,77309411328,11169792,77309046784,0
1787749280594700210,77321887744,77309411328,12476416,77310025728,0
1787749280622167647,77322342400,77309411328,12931072,77307297792,0
1787749280649242646,77319094272,77309411328,9682944,77307297792,0
1787749280676743444,77320130560,77309411328,10719232,77307809792,0
1787749280704581787,77320912896,77309411328,11501568,77308854272,0
1787749280732010483,77320642560,77309411328,11231232,77308841984,0
1787749280758958380,77320630272,77309411328,11218944,77308309504,0
1787749280786120312,77320888320,77309411328,11476992,77308305408,0
1787749280813464186,77320351744,77309411328,10940416,77308030976,0
1787749280841150477,77320609792,77309411328,11198464,77308551168,0
1787749280868235807,77320605696,77309411328,11194368,77309067264,0
1787749280895320076,77320589312,77309411328,11177984,77308792832,0
1787749280922291314,77320577024,77309411328,11165696,77307994112,0
1787749280949793671,77320572928,77309411328,11161600,77309038592,0
1787749280977598524,77321613312,77309411328,12201984,77309816832,0
1787749281005020090,77323182080,77309411328,13770752,77307191296,0
1787749281032195202,77320822784,77309411328,11411456,77308764160,0
1787749281059620088,77322125312,77309411328,12713984,77307445248,0
1787749281087470072,77321076736,77309411328,11665408,77308493824,0
1787749281115460448,77322375168,77309411328,12963840,77307428864,0
1787749281142546128,77319745536,77309411328,10334208,77308211200,0
1787749281169579966,77320790016,77309411328,11378688,77309255680,0
1787749281197127015,77321826304,77309411328,12414976,77310291968,0
1787749281225475818,77323661312,77309411328,14249984,77308194816,0
1787749281252519357,77321822208,77309411328,12410880,77309239296,0
1787749281279610287,77321555968,77309411328,12144640,77310021632,0
1787749281306927690,77322604544,77309411328,13193216,77307400192,0
1787749281334718033,77320507392,77309411328,11096064,77308973056,0
1787749281362303412,77321543680,77309411328,12132352,77309747200,0
1787749281389692757,77322850304,77309411328,13438976,77307908096,0
1787749281416704426,77321003008,77309411328,11591680,77308682240,0
1787749281443778735,77321527296,77309411328,12115968,77309992960,0
1787749281471544618,77322575872,77309411328,13164544,77307650048,0
1787749281499491923,77320232960,77309411328,10821632,77308698624,0
1787749281526704155,77321281536,77309411328,11870208,77308993536,0
1787749281554027259,77322088448,77309411328,12677120,77306269696,0
1787749281580842694,77318852608,77309411328,9441280,77309571072,0
1787749281608406323,77321891840,77309411328,12480512,77310255104,0
1787749281636570712,77322838016,77309411328,13426688,77307371520,0
1787749281663548750,77319159808,77309411328,9748480,77307625472,0
1787749281690779872,77320208384,77309411328,10797056,77307625472,0
1787749281717940434,77320208384,77309411328,10797056,77307887616,0
1787749281745726696,77321256960,77309411328,11845632,77308936192,0
1787749281773572420,77322305536,77309411328,12894208,77307363328,0
1787749281800600399,77319675904,77309411328,10264576,77307092992,0
1787749281827770450,77319675904,77309411328,10264576,77307617280,0
1787749281855175026,77319675904,77309411328,10264576,77308141568,0
1787749281883225473,77320724480,77309411328,11313152,77308665856,0
1787749281910271502,77321506816,77309411328,12095488,77308923904,0
1787749281937409643,77321506816,77309411328,12095488,77309972480,0
1787749281964882290,77322289152,77309411328,12877824,77306560512,0
1787749281992563500,77319929856,77309411328,10518528,77307609088,0
1787749282020879213,77321498624,77309411328,12087296,77309964288,0
1787749282048255548,77323329536,77309411328,13918208,77307863040,0
1787749282075599622,77322014720,77309411328,12603392,77307072512,0
1787749282102868155,77320437760,77309411328,11026432,77308116992,0
1787749282130636228,77322534912,77309411328,13123584,77306462208,0
1787749282158777217,77320617984,77309411328,11206656,77308358656,0
1787749282186355696,77321990144,77309411328,12578816,77310455808,0
1787749282213811312,77324083200,77309411328,14671872,77308796928,0
1787749282241033154,77321900032,77309411328,12488704,77309927424,0
1787749282268974420,77323558912,77309411328,14147584,77308772352,0
1787749282297306333,77322665984,77309411328,13254656,77307928576,0
1787749282324462274,77321285632,77309411328,11874304,77308645376,0
1787749282351852209,77322268672,77309411328,12857344,77307375616,0
1787749282379361737,77321003008,77309411328,11591680,77308608512,0
1787749282407244061,77322764288,77309411328,13352960,77307187200,0
1787749282435016643,77320818688,77309411328,11407360,77308203008,0
1787749282462118243,77321568256,77309411328,12156928,77309042688,0
1787749282489410637,77322145792,77309411328,12734464,77309304832,0
1787749282517158529,77322674176,77309411328,13262848,77307052032,0
1787749282544778379,77319892992,77309411328,10481664,77307535360,0
1787749282571778817,77320380416,77309411328,10969088,77308395520,0
1787749282598982769,77320966144,77309411328,11554816,77308440576,0
1787749282625964996,77320499200,77309411328,11087872,77308186624,0
1787749282653334031,77319450624,77309411328,10039296,77307916288,0
1787749282681363849,77319712768,77309411328,10301440,77307977728,0
1787749282708433828,77319245824,77309411328,9834496,77307400192,0
1787749282735182641,77318934528,77309411328,9523200,77309165568,0
1787749282762373543,77321748480,77309411328,12337152,77309005824,0
1787749282789659457,77320540160,77309411328,11128832,77308964864,0
1787749282817504380,77320761344,77309411328,11350016,77308178432,0
1787749282844657851,77319966720,77309411328,10555392,77307572224,0
1787749282871664369,77319106560,77309411328,9695232,77306474496,0
1787749282898406853,77318795264,77309411328,9383936,77309165568,0
1787749282925880870,77320962048,77309411328,11550720,77309165568,0
1787749282953929807,77320962048,77309411328,11550720,77308555264,0
1787749282980779853,77320343552,77309411328,10932224,77307760640,0
1787749283007996135,77319553024,77309411328,10141696,77307920384,0
1787749283035149286,77319454720,77309411328,10043392,77306716160,0
1787749283063270355,77319299072,77309411328,9887744,77307592704,0
1787749283090430396,77319909376,77309411328,10498048,77307850752,0
1787749283117306872,77319909376,77309411328,10498048,77307518976,0
1787749283144328870,77319053312,77309411328,9641984,77307412480,0
1787749283171785767,77319729152,77309411328,10317824,77307297792,0
1787749283199643421,77320400896,77309411328,10989568,77308547072,0
1787749283226794232,77321388032,77309411328,11976704,77309034496,0
1787749283253672707,77321879552,77309411328,12468224,77310058496,0
1787749283280920530,77322641408,77309411328,13230080,77307645952,0
1787749283308705683,77320749056,77309411328,11337728,77308948480,0
1787749283336203710,77322309632,77309411328,12898304,77306433536,0
1787749283363094146,77319798784,77309411328,10387456,77307154432,0
1787749283390119615,77320781824,77309411328,11370496,77307904000,0
1787749283417124683,77321535488,77309411328,12124160,77309259776,0
1787749283444601640,77322625024,77309411328,13213696,77306892288,0
1787749283472510135,77320523776,77309411328,11112448,77307879424,0
1787749283499393171,77320978432,77309411328,11567104,77308219392,0
1787749283526328968,77320802304,77309411328,11390976,77309095936,0
1787749283553383647,77321940992,77309411328,12529664,77309698048,0
1787749283580898405,77322805248,77309411328,13393920,77306966016,0
1787749283608817400,77320597504,77309411328,11186176,77307834368,0
1787749283635779107,77320151040,77309411328,10739712,77308026880,0
1787749283662473220,77320343552,77309411328,10932224,77308219392,0
1787749283689367946,77320536064,77309411328,11124736,77307953152,0
1787749283716541087,77320011776,77309411328,10600448,77307953152,0
1787749283743691318,77320007680,77309411328,10596352,77307686912,0
1787749283770185207,77320003584,77309411328,10592256,77307420672,0
1787749283796647945,77319999488,77309411328,10588160,77307416576,0
1787749283823521301,77320261632,77309411328,10850304,77307678720,0
1787749283850697622,77320261632,77309411328,10850304,77307678720,0
1787749283877900914,77320519680,77309411328,11108352,77307936768,0
1787749283904371563,77320253440,77309411328,10842112,77307670528,0
1787749283930789990,77320253440,77309411328,10842112,77307670528,0
1787749283957660266,77319729152,77309411328,10317824,77307670528,0
1787749283985082732,77319204864,77309411328,9793536,77306519552,0
1787749284011551870,77318832128,77309411328,9420800,77309394944,0
1787749284038205342,77321965568,77309411328,12554240,77309382656,0
1787749284065000096,77323005952,77309411328,13594624,77307277312,0
1787749284091865042,77320101888,77309411328,10690560,77308043264,0
1787749284119223757,77320876032,77309411328,11464704,77308293120,0
1787749284145803397,77320871936,77309411328,11460608,77309075456,0
1787749284172289796,77321654272,77309411328,12242944,77309071360,0
1787749284198707453,77321654272,77309411328,12242944,77309071360,0
1787749284225553088,77321916416,77309411328,12505088,77309333504,0
1787749284252950134,77321916416,77309411328,12505088,77310119936,0
1787749284279413922,77321646080,77309411328,12234752,77309063168,0
1787749284306076294,77321646080,77309411328,12234752,77309063168,0
1787749284332698845,77321646080,77309411328,12234752,77309063168,0
1787749284359569591,77321375744,77309411328,11964416,77308792832,0
1787749284386811144,77321633792,77309411328,12222464,77309837312,0
1787749284413490986,77322420224,77309411328,13008896,77306691584,0
1787749284439930224,77319000064,77309411328,9588736,77306417152,0
1787749284466370401,77319262208,77309411328,9850880,77306679296,0
1787749284493191786,77319524352,77309411328,10113024,77307727872,0
1787749284520661423,77320310784,77309411328,10899456,77307727872,0
1787749284547157742,77320044544,77309411328,10633216,77307723776,0
1787749284573589190,77320044544,77309411328,10633216,77307461632,0
1787749284600056228,77320044544,77309411328,10633216,77307461632,0
1787749284626880413,77320044544,77309411328,10633216,77307461632,0
1787749284654213357,77320044544,77309411328,10633216,77307461632,0
1787749284680761437,77319778304,77309411328,10366976,77307195392,0
1787749284707277806,77319774208,77309411328,10362880,77307191296,0
1787749284733733884,77319774208,77309411328,10362880,77307191296,0
1787749284760638261,77319774208,77309411328,10362880,77307191296,0
1787749284788035656,77319774208,77309411328,10362880,77308239872,0
1787749284814603586,77320556544,77309411328,11145216,77307973632,0
1787749284841046814,77320556544,77309411328,11145216,77307973632,0
1787749284867452061,77321076736,77309411328,11665408,77309280256,0
1787749284894494410,77321863168,77309411328,12451840,77309280256,0
1787749284921892876,77321863168,77309411328,12451840,77309542400,0
1787749284948395515,77321596928,77309411328,12185600,77309538304,0
1787749284975091327,77321596928,77309411328,12185600,77310062592,0
1787749285002077855,77321859072,77309411328,12447744,77309276160,0
1787749285029518181,77321854976,77309411328,12443648,77309272064,0
1787749285056318486,77321850880,77309411328,12439552,77309267968,0
1787749285082889436,77321850880,77309411328,12439552,77309792256,0
1787749285109420895,77321846784,77309411328,12435456,77309526016,0
1787749285136383493,77321846784,77309411328,12435456,77309788160,0
1787749285163933911,77322108928,77309411328,12697600,77308215296,0
1787749285190616654,77321580544,77309411328,12169216,77308997632,0
1787749285217509850,77321048064,77309411328,11636736,77308465152,0
1787749285244097340,77321310208,77309411328,11898880,77309251584,0
1787749285271156760,77322096640,77309411328,12685312,77307416576,0
1787749285298658047,77320261632,77309411328,10850304,77308465152,0
1787749285325395460,77321043968,77309411328,11632640,77308461056,0
1787749285352084763,77321814016,77309411328,12402688,77310017536,0
1787749285378644433,77322862592,77309411328,13451264,77308182528,0
1787749285405613820,77321814016,77309411328,12402688,77309231104,0
1787749285433273890,77322862592,77309411328,13451264,77308182528,0
1787749285459889822,77320761344,77309411328,11350016,77308702720,0
1787749285486440181,77321547776,77309411328,12136448,77308964864,0
1787749285512894049,77322330112,77309411328,12918784,77307650048,0
1787749285539874367,77321019392,77309411328,11608064,77308698624,0
1787749285567405595,77322067968,77309411328,12656640,77307650048,0
1787749285593982446,77320491008,77309411328,11079680,77308432384,0
1787749285620440474,77321015296,77309411328,11603968,77308432384,0
1787749285646822460,77321015296,77309411328,11603968,77309218816,0
1787749285673747287,77322055680,77309411328,12644352,77307637760,0
1787749285701099942,77320216576,77309411328,10805248,77307633664,0
1787749285727820295,77320478720,77309411328,11067392,77308157952,0
1787749285754405875,77320200192,77309411328,10788864,77308665856,0
1787749285780853833,77320200192,77309411328,10788864,77307617280,0
1787749285808164077,77320986624,77309411328,11575296,77308928000,0
1787749285835455431,77321773056,77309411328,12361728,77309190144,0
1787749285861928369,77321506816,77309411328,12095488,77308923904,0
1787749285888414858,77321506816,77309411328,12095488,77308923904,0
1787749285915306264,77321768960,77309411328,12357632,77309186048,0
1787749285942435804,77321768960,77309411328,12357632,77309186048,0
1787749285969517264,77321760768,77309411328,12349440,77309702144,0
1787749285995940962,77321494528,77309411328,12083200,77308911616,0
1787749286022477911,77321494528,77309411328,12083200,77308911616,0
1787749286049752934,77322805248,77309411328,13393920,77308387328,0
1787749286076932966,77322805248,77309411328,13393920,77308125184,0
1787749286104279740,77321756672,77309411328,12345344,77310222336,0
1787749286130815820,77323321344,77309411328,13910016,77308903424,0
1787749286157558353,77322530816,77309411328,13119488,77307850752,0
1787749286184499030,77321482240,77309411328,12070912,77308899328,0
1787749286211744243,77323579392,77309411328,14168064,77308899328,0
1787749286239075197,77322530816,77309411328,13119488,77307850752,0
1787749286265560256,77321216000,77309411328,11804672,77308633088,0
1787749286292221468,77321216000,77309411328,11804672,77309157376,0
1787749286319487401,77321998336,77309411328,12587008,77307056128,0
1787749286346623091,77319892992,77309411328,10481664,77307834368,0
1787749286373319044,77321719808,77309411328,12308480,77309923328,0
1787749286399931875,77322760192,77309411328,13348864,77308866560,0
1787749286426458114,77321707520,77309411328,12296192,77309386752,0
1787749286453553404,77322756096,77309411328,13344768,77308076032,0
1787749286481220505,77321707520,77309411328,12296192,77310173184,0
1787749286507896437,77322485760,77309411328,13074432,77308592128,0
1787749286534425676,77321175040,77309411328,11763712,77309116416,0
1787749286561039827,77322481664,77309411328,13070336,77307801600,0
1787749286588099307,77321424896,77309411328,12013568,77308841984,0
1787749286615549313,77322473472,77309411328,13062144,77308841984,0
1787749286642223035,77321150464,77309411328,11739136,77308567552,0
1787749286668746655,77321932800,77309411328,12521472,77309349888,0
1787749286695360546,77322194944,77309411328,12783616,77308301312,0
1787749286722354314,77321146368,77309411328,11735040,77308825600,0
1787749286749628437,77322194944,77309411328,12783616,77307514880,0
1787749286776292919,77321138176,77309411328,11726848,77308555264,0
1787749286802791728,77321396224,77309411328,11984896,77309599744,0
1787749286829511231,77322444800,77309411328,13033472,77307764736,0
1787749286856450198,77320867840,77309411328,11456512,77308547072,0
1787749286884110538,77321650176,77309411328,12238848,77310115840,0
1787749286910690418,77322432512,77309411328,13021184,77307752448,0
1787749286937265789,77320335360,77309411328,10924032,77307752448,0
1787749286963956271,77320859648,77309411328,11448320,77308276736,0
1787749286990888818,77320859648,77309411328,11448320,77308276736,0
1787749287018439346,77320859648,77309411328,11448320,77308801024,0
1787749287045226050,77321641984,77309411328,12230656,77309059072,0
1787749287072084936,77322424320,77309411328,13012992,77307744256,0
1787749287098723178,77320327168,77309411328,10915840,77307744256,0
1787749287125826498,77320327168,77309411328,10915840,77308006400,0
1787749287153370986,77320589312,77309411328,11177984,77308792832,0
1787749287180045608,77320585216,77309411328,11173888,77308526592,0
1787749287206625768,77319794688,77309411328,10383360,77307473920,0
1787749287233616696,77319794688,77309411328,10383360,77307211776,0
1787749287261342048,77320056832,77309411328,10645504,77308260352,0
1787749287287931928,77320839168,77309411328,11427840,77308256256,0
1787749287314687822,77320839168,77309411328,11427840,77308256256,0
1787749287341358404,77320839168,77309411328,11427840,77308256256,0
1787749287368550036,77320835072,77309411328,11423744,77308776448,0
1787749287395767938,77321617408,77309411328,12206080,77309034496,0
1787749287422407029,77321867264,77309411328,12455936,77310070784,0
1787749287449109322,77322125312,77309411328,12713984,77307445248,0
1787749287475692782,77319761920,77309411328,10350592,77307179008,0
1787749287502682320,77320015872,77309411328,10604544,77308219392,0
1787749287530304210,77320802304,77309411328,11390976,77308219392,0
1787749287556876600,77320536064,77309411328,11124736,77308215296,0
1787749287583507452,77320798208,77309411328,11386880,77309001728,0
1787749287610120983,77321584640,77309411328,12173312,77309263872,0
1787749287637050239,77321580544,77309411328,12169216,77308997632,0
1787749287664523886,77323153408,77309411328,13742080,77308473344,0
1787749287691197018,77320790016,77309411328,11378688,77308731392,0
1787749287717850240,77322096640,77309411328,12685312,77307416576,0
1787749287744571583,77319987200,77309411328,10575872,77307928576,0
1787749287771582761,77320511488,77309411328,11100160,77308452864,0
1787749287799127380,77321035776,77309411328,11624448,77308452864,0
1787749287825837293,77321031680,77309411328,11620352,77308973056,0
1787749287852450813,77321814016,77309411328,12402688,77309231104,0
1787749287879111445,77321814016,77309411328,12402688,77309231104,0
1787749287906776236,77322858496,77309411328,13447168,77308178432,0
1787749287935062398,77322067968,77309411328,12656640,77307387904,0
1787749287962147917,77320228864,77309411328,10817536,77308116992,0
1787749287989273988,77320699904,77309411328,11288576,77308821504,0
1787749288016592732,77320876032,77309411328,11464704,77309382656,0
1787749288044400045,77322227712,77309411328,12816384,77307555840,0
1787749288072180517,77320396800,77309411328,10985472,77307707392,0
1787749288099093134,77319761920,77309411328,10350592,77307940864,0
1787749288125955389,77319475200,77309411328,10063872,77307494400,0
1787749288153305054,77319815168,77309411328,10403840,77307424768,0
1787749288181208749,77320003584,77309411328,10592256,77307498496,0
1787749288208306959,77319815168,77309411328,10403840,77307387904,0
1787749288235123804,77319184384,77309411328,9773056,77307068416,0
1787749288262215834,77319389184,77309411328,9977856,77306724352,0
1787749288289593749,77318258688,77309411328,8847360,77309149184,0
1787749288317672697,77321732096,77309411328,12320768,77308309504,0
1787749288344642604,77321412608,77309411328,12001280,77309280256,0
1787749288371788645,77322125312,77309411328,12713984,77308407808,0
1787749288398689201,77320990720,77309411328,11579392,77309865984,0
1787749288425863223,77322448896,77309411328,13037568,77308932096,0
1787749288453362290,77321510912,77309411328,12099584,77309976576,0
1787749288480246856,77322817536,77309411328,13406208,77308645376,0
1787749288507304775,77321228288,77309411328,11816960,77309874176,0
1787749288534441376,77322457088,77309411328,13045760,77308547072,0
1787749288561781180,77321654272,77309411328,12242944,77307445248,0
1787749288589883839,77321076736,77309411328,11665408,77309640704,0
1787749288616985059,77321957376,77309411328,12546048,77306593280,0
1787749288644015608,77320224768,77309411328,10813440,77307842560,0
1787749288670875423,77321474048,77309411328,12062720,77309218816,0
1787749288698797278,77322850304,77309411328,13438976,77308502016,0
1787749288726563851,77321342976,77309411328,11931648,77310025728,0
1787749288753619460,77322604544,77309411328,13193216,77309153280,0
1787749288780689089,77322260480,77309411328,12849152,77309112320,0
1787749288808159646,77321957376,77309411328,12546048,77307101184,0
1787749288836135332,77319159808,77309411328,9748480,77307650048,0
1787749288863114790,77319180288,77309411328,9768960,77307764736,0
1787749288890257841,77319294976,77309411328,9883648,77307842560,0
1787749288917191987,77319376896,77309411328,9965568,77307392000,0
1787749288944664254,77319450624,77309411328,10039296,77307215872,0
1787749288972734502,77319536640,77309411328,10125312,77307830272,0
1787749288999737930,77319098368,77309411328,9687040,77307248640,0
1787749289026809860,77319307264,77309411328,9895936,77306793984,0
1787749289054051272,77319376896,77309411328,9965568,77306744832,0
1787749289081479529,77319327744,77309411328,9916416,77307953152,0
1787749289109277241,77320536064,77309411328,11124736,77309378560,0
1787749289136314490,77321428992,77309411328,12017664,77307502592,0
1787749289163434371,77320085504,77309411328,10674176,77308973056,0
1787749289190403658,77321293824,77309411328,11882496,77307797504,0
1787749289217883175,77320380416,77309411328,10969088,77308129280,0
1787749289245985544,77320450048,77309411328,11038720,77308653568,0
1787749289273190526,77320970240,77309411328,11558912,77308063744,0
1787749289300171643,77320642560,77309411328,11231232,77307998208,0
1787749289327996957,77321629696,77309411328,12218368,77309526016,0
1787749289355784119,77323157504,77309411328,13746176,77308452864,0
1787749289383261286,77322346496,77309411328,12935168,77308686336,0
1787749289410208623,77322047488,77309411328,12636160,77308919808,0
1787749289437362474,77322551296,77309411328,13139968,77308715008,0
1787749289464846262,77322346496,77309411328,12935168,77307555840,0
1787749289492952670,77321187328,77309411328,11776000,77309575168,0
1787749289519812346,77321621504,77309411328,12210176,77308870656,0
1787749289546945226,77321453568,77309411328,12042240,77309730816,0
1787749289573899574,77322313728,77309411328,12902400,77307633664,0
1787749289601313309,77320474624,77309411328,11063296,77308321792,0
1787749289629240884,77320380416,77309411328,10969088,77308719104,0
1787749289656238883,77320249344,77309411328,10838016,77308260352,0
1787749289682929325,77319528448,77309411328,10117120,77309394944,0
1787749289709989334,77321965568,77309411328,12554240,77308948480,0
1787749289737379320,77321527296,77309411328,12115968,77308481536,0
1787749289765213463,77320536064,77309411328,11124736,77308313600,0
1787749289792186851,77319581696,77309411328,10170368,77308899328,0
1787749289819316091,77320953856,77309411328,11542528,77307797504,0
1787749289846530473,77319331840,77309411328,9920512,77309702144,0
1787749289874538040,77321498624,77309411328,12087296,77309652992,0
1787749289901867724,77322493952,77309411328,13082624,77307240448,0
1787749289928882373,77320601600,77309411328,11190272,77307826176,0
1787749289955995583,77320388608,77309411328,10977280,77307392000,0
1787749289983423859,77319966720,77309411328,10555392,77309308928,0
1787749290011521547,77322412032,77309411328,13000704,77308362752,0
1787749290038749970,77321994240,77309411328,12582912,77309231104,0
1787749290066320758,77322854400,77309411328,13443072,77309104128,0
1787749290093433809,77322735616,77309411328,13324288,77307928576,0
1787749290124048113,77321797632,77309411328,12386304,77309677568,0
1787749290152246364,77324603392,77309411328,15192064,77308624896,0
1787749290179297623,77321457664,77309411328,12046336,77309132800,0
1787749290206956533,77322764288,77309411328,13352960,77308178432,0
1787749290233879780,77321273344,77309411328,11862016,77309059072,0
1787749290261747344,77321904128,77309411328,12492800,77310066688,0
1787749290289975565,77322641408,77309411328,13230080,77308841984,0
1787749290317057504,77320884224,77309411328,11472896,77309304832,0
1787749290344175695,77322674176,77309411328,13262848,77307973632,0
1787749290371847045,77321605120,77309411328,12193792,77308813312,0
1787749290399797091,77322444800,77309411328,13033472,77308776448,0
1787749290427119815,77321093120,77309411328,11681792,77309296640,0
1787749290454094513,77322141696,77309411328,12730368,77309902848,0
1787749290481191253,77322485760,77309411328,13074432,77308686336,0
1787749290508785682,77321269248,77309411328,11857920,77309792256,0
1787749290536818569,77322637312,77309411328,13225984,77308604416,0
1787749290563866458,77320654848,77309411328,11243520,77308928000,0
1787749290591120281,77322035200,77309411328,12623872,77309288448,0
1787749290618188640,77321871360,77309411328,12460032,77308993536,0
1787749290645634567,77322092544,77309411328,12681216,77309853696,0
1787749290673837437,77322698752,77309411328,13287424,77308256256,0
1787749290700874786,77320839168,77309411328,11427840,77308616704,0
1787749290727962375,77321195520,77309411328,11784192,77308944384,0
1787749290755112746,77321527296,77309411328,12115968,77308403712,0
1787749290782563903,77320986624,77309411328,11575296,77308600320,0
1787749290810519139,77321965568,77309411328,12554240,77309190144,0
1787749290837609718,77321506816,77309411328,12095488,77309034496,0
1787749290864734539,77321089024,77309411328,11677696,77309378560,0
1787749290892017952,77320912896,77309411328,11501568,77309063168,0
1787749290919836765,77321383936,77309411328,11972608,77308784640,0
1787749290947361363,77321367552,77309411328,11956224,77308469248,0
1787749290974305710,77320785920,77309411328,11374592,77308026880,0
1787749291001423381,77320609792,77309411328,11198464,77307944960,0
1787749291028867347,77320261632,77309411328,10850304,77308469248,0
1787749291056626359,77321052160,77309411328,11640832,77309452288,0
1787749291083794430,77322035200,77309411328,12623872,77309030400,0
1787749291110852530,77321613312,77309411328,12201984,77309648896,0
1787749291137918149,77322489856,77309411328,13078528,77307523072,0
1787749291165451747,77320101888,77309411328,10690560,77308272640,0
1787749291193287460,77320855552,77309411328,11444224,77308366848,0
1787749291220440971,77320937472,77309411328,11526144,77308960768,0
1787749291247411509,77321797632,77309411328,12386304,77308915712,0
1787749291274408007,77322018816,77309411328,12607488,77309767680,0
1787749291302116148,77322350592,77309411328,12939264,77308452864,0
1787749291329987073,77322084352,77309411328,12673024,77307334656,0
1787749291357022711,77320425472,77309411328,11014144,77307564032,0
1787749291384016169,77321187328,77309411328,11776000,77308530688,0
1787749291411060218,77321113600,77309411328,11702272,77309317120,0
1787749291438555816,77321900032,77309411328,12488704,77309911040,0
1787749291466596933,77323014144,77309411328,13602816,77309153280,0
1787749291493637262,77321203712,77309411328,11792384,77308387328,0
1787749291520544298,77321232384,77309411328,11821056,77309022208,0
1787749291547613228,77321605120,77309411328,12193792,77309022208,0
1787749291574892471,77322129408,77309411328,12718080,77309812736,0
1787749291602791426,77322919936,77309411328,13508608,77308612608,0
1787749291629991358,77322244096,77309411328,12832768,77309362176,0
1787749291657121528,77322461184,77309411328,13049856,77307600896,0
1787749291683983054,77321232384,77309411328,11821056,77308612608,0
1787749291711665814,77322244096,77309411328,12832768,77307396096,0
1787749291739405176,77321289728,77309411328,11878400,77308641280,0
1787749291766363193,77320957952,77309411328,11546624,77308313600,0
1787749291793358342,77320630272,77309411328,11218944,77308444672,0
1787749291820209587,77320503296,77309411328,11091968,77308510208,0
1787749291848189013,77320568832,77309411328,11157504,77308997632,0
1787749291875817793,77321568256,77309411328,12156928,77308825600,0
1787749291902886172,77321408512,77309411328,11997184,77308616704,0
1787749291929875940,77321199616,77309411328,11788288,77308444672,0
1787749291957063592,77321027584,77309411328,11616256,77308444672,0
1787749291984800163,77320761344,77309411328,11350016,77308116992,0
1787749292012796090,77320175616,77309411328,10764288,77308051456,0
1787749292040353938,77320368128,77309411328,10956800,77307621376,0
1787749292067529060,77320200192,77309411328,10788864,77307453440,0
1787749292095008337,77320032256,77309411328,10620928,77307756544,0
1787749292122959842,77320073216,77309411328,10661888,77310091264,0
1787749292150188465,77322670080,77309411328,13258752,77307916288,0
1787749292177184173,77320232960,77309411328,10821632,77307523072,0
1787749292204268413,77320105984,77309411328,10694656,77307478016,0
1787749292231757790,77320060928,77309411328,10649600,77307957248,0
1787749292259617934,77320278016,77309411328,10866688,77308407808,0
1787749292286854096,77320724480,77309411328,11313152,77307867136,0
1787749292314253432,77320450048,77309411328,11038720,77308035072,0
1787749292341365082,77320085504,77309411328,10674176,77307330560,0
1787749292368789618,77319913472,77309411328,10502144,77309251584,0
1787749292396630402,77321834496,77309411328,12423168,77310410752,0
1787749292423684531,77321678848,77309411328,12267520,77310087168,0
1787749292450656588,77321621504,77309411328,12210176,77309378560,0
1787749292477851080,77321437184,77309411328,12025856,77308784640,0
1787749292505264306,77320839168,77309411328,11427840,77308211200,0
1787749292533660650,77321580544,77309411328,12169216,77309108224,0
1787749292560877592,77321682944,77309411328,12271616,77309784064,0
1787749292588143765,77322366976,77309411328,12955648,77308186624,0
1787749292615161513,77321031680,77309411328,11620352,77308841984,0
1787749292643078658,77321687040,77309411328,12275712,77309952000,0
1787749292671670886,77323583488,77309411328,14172160,77309923328,0
1787749292698764866,77323288576,77309411328,13877248,77308841984,0
1787749292726244953,77322727424,77309411328,13316096,77307994112,0
1787749292753392294,77321625600,77309411328,12214272,77309243392,0
1787749292781264138,77322874880,77309411328,13463552,77308329984,0
1787749292809547910,77321699328,77309411328,12288000,77309992960,0
1787749292836706891,77321777152,77309411328,12365824,77309894656,0
1787749292863787800,77323001856,77309411328,13590528,77308432384,0
1787749292891473561,77321801728,77309411328,12390400,77309702144,0
1787749292919762463,77322268672,77309411328,12857344,77308706816,0
1787749292947110208,77321551872,77309411328,12140544,77309095936,0
1787749292974252098,77321678848,77309411328,12267520,77309947904,0
1787749293001323598,77321482240,77309411328,12070912,77309755392,0
1787749293028819065,77321814016,77309411328,12402688,77309755392,0
1787749293057381052,77322334208,77309411328,12922880,77308485632,0
1787749293084274288,77319749632,77309411328,10338304,77310042112,0
1787749293111314797,77321576448,77309411328,12165120,77310111744,0
1787749293138404447,77322170368,77309411328,12759040,77307985920,0
1787749293165667740,77320044544,77309411328,10633216,77309775872,0
1787749293194299318,77322358784,77309411328,12947456,77308129280,0
1787749293221350487,77319651328,77309411328,10240000,77310144512,0
1787749293248315455,77321412608,77309411328,12001280,77309751296,0
1787749293275367544,77321285632,77309411328,11874304,77309583360,0
1787749293303980992,77321379840,77309411328,11968512,77309538304,0
1787749293331702033,77322121216,77309411328,12709888,77309992960,0
1787749293358709741,77321261056,77309411328,11849728,77309689856,0
1787749293385875343,77321224192,77309411328,11812864,77309624320,0
1787749293413391690,77321940992,77309411328,12529664,77309313024,0
1787749293441540090,77322158080,77309411328,12746752,77308383232,0
1787749293468685130,77319909376,77309411328,10498048,77307793408,0
1787749293495769620,77320376320,77309411328,10964992,77307588608,0
1787749293522748178,77320429568,77309411328,11018240,77307924480,0
1787749293550276176,77320495104,77309411328,11083776,77307973632,0
1787749293578446386,77320552448,77309411328,11141120,77308899328,0
1787749293605659188,77320949760,77309411328,11538432,77308891136,0
1787749293632626265,77320941568,77309411328,11530240,77308616704,0
1787749293659613223,77320937472,77309411328,11526144,77308878848,0
1787749293686927857,77321195520,77309411328,11784192,77309046784,0
1787749293715045996,77321629696,77309411328,12218368,77309014016,0
1787749293742052324,77320798208,77309411328,11386880,77309337600,0
1787749293769192725,77321134080,77309411328,11722752,77308518400,0
1787749293796124751,77320839168,77309411328,11427840,77309366272,0
1787749293823757811,77321949184,77309411328,12537856,77308153856,0
1787749293851965122,77320732672,77309411328,11321344,77310058496,0
1787749293879242385,77321060352,77309411328,11649024,77310427136,0
1787749293906345435,77321695232,77309411328,12283904,77308936192,0
1787749293933581697,77320470528,77309411328,11059200,77308936192,0
1787749293961295239,77321519104,77309411328,12107776,77307547648,0
1787749293989849756,77320130560,77309411328,10719232,77309579264,0
1787749294016710701,77320314880,77309411328,10903552,77308932096,0
1787749294043963794,77322301440,77309411328,12890112,77308547072,0
1787749294071431481,77322178560,77309411328,12767232,77308280832,0
1787749294099793344,77321912320,77309411328,12500992,77308772352,0
1787749294126839023,77321613312,77309411328,12201984,77308342272,0
1787749294153978114,77321179136,77309411328,11767808,77309583360,0
1787749294181115084,77322952704,77309411328,13541376,77310193664,0
1787749294208398958,77323554816,77309411328,14143488,77309132800,0
1787749294236853763,77323288576,77309411328,13877248,77309726720,0
1787749294264065445,77324406784,77309411328,14995456,77307564032,0
1787749294291252716,77321711616,77309411328,12300288,77308092416,0
1787749294318936567,77322752000,77309411328,13340672,77309181952,0
1787749294346290662,77323591680,77309411328,14180352,77308878848,0
1787749294374395240,77323804672,77309411328,14393344,77310013440,0
1787749294401387758,77323112448,77309411328,13701120,77310255104,0
1787749294428455398,77323886592,77309411328,14475264,77309792256,0
1787749294455500667,77323939840,77309411328,14528512,77309612032,0
1787749294483019474,77323759616,77309411328,14348288,77309079552,0
1787749294511408278,77323759616,77309411328,14348288,77310070784,0
1787749294538560819,77323427840,77309411328,14016512,77309153280,0
1787749294565539327,77322784768,77309411328,13373440,77310128128,0
1787749294592724808,77323759616,77309411328,14348288,77308686336,0
1787749294620140424,77322313728,77309411328,12902400,77309427712,0
1787749294648543218,77323059200,77309411328,13647872,77310054400,0
1787749294675664739,77323153408,77309411328,13742080,77309243392,0
1787749294702673177,77322874880,77309411328,13463552,77308149760,0
1787749294729877689,77321781248,77309411328,12369920,77307981824,0
1787749294757616520,77322133504,77309411328,12722176,77308764160,0
1787749294786095646,77322395648,77309411328,12984320,77309595648,0
1787749294813250147,77322952704,77309411328,13541376,77309706240,0
1787749294840395048,77323337728,77309411328,13926400,77309009920,0
1787749294868049338,77323165696,77309411328,13754368,77308846080,0
1787749294896450762,77322211328,77309411328,12800000,77309845504,0
1787749294923580992,77323739136,77309411328,14327808,77308338176,0
1787749294950320756,77322231808,77309411328,12820480,77308600320,0
1787749294976936887,77322231808,77309411328,12820480,77308600320,0
1787749295003933515,77322231808,77309411328,12820480,77308600320,0
1787749295032117505,77322485760,77309411328,13074432,77309640704,0
1787749295058878979,77322739712,77309411328,13328384,77309370368,0
1787749295085666933,77323788288,77309411328,14376960,77309108224,0
1787749295112280184,77322473472,77309411328,13062144,77308841984,0
1787749295139357653,77322469376,77309411328,13058048,77308837888,0
1787749295167373750,77322461184,77309411328,13049856,77309878272,0
1787749295194081383,77322977280,77309411328,13565952,77309345792,0
1787749295220621013,77322973184,77309411328,13561856,77309341696,0
1787749295247310515,77322973184,77309411328,13561856,77309599744,0
1787749295274185141,77322178560,77309411328,12767232,77308547072,0
1787749295302324780,77322174464,77309411328,12763136,77308805120,0
1787749295329145635,77323476992,77309411328,14065664,77308796928,0
1787749295355952469,77322674176,77309411328,13262848,77309042688,0
1787749295382640142,77322932224,77309411328,13520896,77309562880,0
1787749295410039027,77323980800,77309411328,14569472,77309300736,0
1787749295437992173,77323718656,77309411328,14307328,77309300736,0
1787749295464561333,77322395648,77309411328,12984320,77309550592,0
1787749295491286886,77323182080,77309411328,13770752,77308502016,0
1787749295517811746,77322133504,77309411328,12722176,77308502016,0
1787749295544933976,77322395648,77309411328,12984320,77309550592,0
1787749295572937723,77323182080,77309411328,13770752,77309288448,0
1787749295599653786,77321596928,77309411328,12185600,77308751872,0
1787749295626279487,77321859072,77309411328,12447744,77308751872,0
1787749295652901028,77321859072,77309411328,12447744,77308751872,0
1787749295679812734,77321859072,77309411328,12447744,77308751872,0
1787749295707835151,77322121216,77309411328,12709888,77308751872,0
1787749295734320190,77321584640,77309411328,12173312,77307953152,0
1787749295760741748,77321584640,77309411328,12173312,77307953152,0
1787749295787361109,77320536064,77309411328,11124736,77309788160,0
1787749295814277235,77322633216,77309411328,13221888,77309001728,0
1787749295842314052,77322633216,77309411328,13221888,77310050304,0
1787749295868746010,77321834496,77309411328,12423168,77308203008,0
1787749295895224599,77321048064,77309411328,11636736,77307416576,0
1787749295921803419,77319999488,77309411328,10588160,77308465152,0
1787749295949007621,77321048064,77309411328,11636736,77307416576,0
1787749295977081689,77320261632,77309411328,10850304,77309251584,0
1787749296003706940,77320777728,77309411328,11366400,77309243392,0
1787749296030615497,77322350592,77309411328,12939264,77309243392,0
1787749296057495782,77321826304,77309411328,12414976,77308194816,0
1787749296084730355,77320773632,77309411328,11362304,77310025728,0
1787749296112849474,77322608640,77309411328,13197312,77309763584,0
1787749296139564967,77322076160,77309411328,12664832,77308444672,0
1787749296166164477,77321027584,77309411328,11616256,77307396096,0
1787749296192980312,77319979008,77309411328,10567680,77308968960,0
1787749296220945448,77322076160,77309411328,12664832,77308444672,0
1787749296247493508,77320495104,77309411328,11083776,77309747200,0
1787749296274193240,77322330112,77309411328,12918784,77308960768,0
1787749296301446813,77321277440,77309411328,11866112,77307645952,0
1787749296328394130,77319962624,77309411328,10551296,77308428288,0
1787749296355757245,77322059776,77309411328,12648448,77309476864,0
1787749296382537049,77323108352,77309411328,13697024,77308162048,0
1787749296409212271,77321793536,77309411328,12382208,77308162048,0
1787749296435799982,77321527296,77309411328,12115968,77308420096,0
1787749296462946083,77321527296,77309411328,12115968,77308944384,0
1787749296490784416,77322575872,77309411328,13164544,77308944384,0
1787749296517433098,77322043392,77309411328,12632064,77308411904,0
1787749296544040099,77322043392,77309411328,12632064,77308411904,0
1787749296570571228,77322043392,77309411328,12632064,77308411904,0
1787749296597597477,77322043392,77309411328,12632064,77308411904,0
1787749296625449171,77322043392,77309411328,12632064,77308411904,0
1787749296652105523,77321244672,77309411328,11833344,77307613184,0
1787749296678643552,77321506816,77309411328,12095488,77308661760,0
1787749296705313254,77322031104,77309411328,12619776,77308923904,0
1787749296732230731,77322547200,77309411328,13135872,77308915712,0
1787749296760315719,77323595776,77309411328,14184448,77309964288,0
1787749296786920550,77322797056,77309411328,13385728,77309165568,0
1787749296813477320,77323845632,77309411328,14434304,77309165568,0
1787749296840183473,77322797056,77309411328,13385728,77309427712,0
1787749296867055798,77323583488,77309411328,14172160,77309165568,0
1787749296894994254,77322797056,77309411328,13385728,77310214144,0
1787749296921628025,77323313152,77309411328,13901824,77308633088,0
1787749296948291207,77322526720,77309411328,13115392,77309681664,0
1787749296974872848,77323309056,77309411328,13897728,77308628992,0
1787749297002124090,77322256384,77309411328,12845056,77309149184,0
1787749297029944004,77323304960,77309411328,13893632,77309673472,0
1787749297056596465,77322772480,77309411328,13361152,77309927424,0
1787749297083186406,77323821056,77309411328,14409728,77309140992,0
1787749297109789387,77323554816,77309411328,14143488,77308874752,0
1787749297136965408,77323554816,77309411328,14143488,77308874752,0
1787749297164781351,77323554816,77309411328,14143488,77308874752,0
1787749297191290670,77323014144,77309411328,13602816,77309382656,0
1787749297217886701,77323005952,77309411328,13594624,77310423040,0
1787749297244865999,77324054528,77309411328,14643200,77309636608,0
1787749297272576440,77324054528,77309411328,14643200,77310423040,0
1787749297299030108,77317226496,77309411328,7815168,77308837888,0
