ts_ns,current_before,target_current,requested,current_after,rc
1787749357490655998,77361164288,77309411328,51752960,77313847296,0
1787749357520137672,77385674752,77309411328,76263424,77315158016,0
1787749357548923933,77383577600,77309411328,74166272,77312798720,0
1787749357577529400,77382529024,77309411328,73117696,77311488000,0
1787749357606421573,77380956160,77309411328,71544832,77315158016,0
1787749357635797615,77385936896,77309411328,76525568,77314895872,0
1787749357664520775,77385412608,77309411328,76001280,77314371584,0
1787749357693118263,77383839744,77309411328,74428416,77313060864,0
1787749357721300073,77381742592,77309411328,72331264,77315420160,0
1787749357750304318,77384101888,77309411328,74690560,77313585152,0
1787749357779769461,77384888320,77309411328,75476992,77314371584,0
1787749357808709905,77384364032,77309411328,74952704,77313585152,0
1787749357837274072,77383315456,77309411328,73904128,77312274432,0
1787749357865998302,77381218304,77309411328,71806976,77315420160,0
1787749357895195111,77385412608,77309411328,76001280,77314895872,0
1787749357923994812,77385150464,77309411328,75739136,77314371584,0
1787749357952542429,77384101888,77309411328,74690560,77313060864,0
1787749357980619217,77381480448,77309411328,72069120,77315420160,0
1787749358010367865,77384101888,77309411328,74690560,77314109440,0
1787749358039942041,77386461184,77309411328,77049856,77315682304,0
1787749358068738592,77386199040,77309411328,76787712,77315158016,0
1787749358097218598,77384888320,77309411328,75476992,77313585152,0
1787749358125367867,77381480448,77309411328,72069120,77315158016,0
1787749358155441582,77385936896,77309411328,76525568,77315420160,0
1787749358183688683,77385412608,77309411328,76001280,77314371584,0
1787749358211545007,77372829696,77309411328,63418368,77311225856,0
1787749358239605514,77379121152,77309411328,69709824,77313060864,0
1787749358268809783,77382004736,77309411328,72593408,77310963712,0
1787749358297835759,77382004736,77309411328,72593408,77309652992,0
1787749358326040829,77376237568,77309411328,66826240,77315158016,0
1787749358354236509,77383315456,77309411328,73904128,77312274432,0
1787749358382831956,77378859008,77309411328,69447680,77313060864,0
1787749358411975604,77382529024,77309411328,73117696,77309915136,0
1787749358441530459,77382004736,77309411328,72593408,77310963712,0
1787749358469951564,77378859008,77309411328,69447680,77312798720,0
1787749358498348717,77381742592,77309411328,72331264,77315682304,0
1787749358527486345,77381218304,77309411328,71806976,77315420160,0
1787749358557141832,77384888320,77309411328,75476992,77314371584,0
1787749358585993064,77385150464,77309411328,75739136,77314371584,0
1787749358614831056,77384101888,77309411328,74690560,77313060864,0
1787749358643475475,77382529024,77309411328,73117696,77312012288,0
1787749358672352577,77380694016,77309411328,71282688,77314895872,0
1787749358702442583,77387771904,77309411328,78360576,77312012288,0
1787749358731378166,77381742592,77309411328,72331264,77316993024,0
1787749358759941463,77384888320,77309411328,75476992,77314109440,0
1787749358788386588,77382529024,77309411328,73117696,77312012288,0
1787749358818182648,77382004736,77309411328,72593408,77311225856,0
1787749358846601622,77381742592,77309411328,72331264,77315682304,0
1787749358874874664,77384101888,77309411328,74690560,77313060864,0
1787749358902958642,77381480448,77309411328,72069120,77314633728,0
1787749358932217991,77382266880,77309411328,72855552,77312012288,0
1787749358961365379,77382496256,77309411328,73084928,77311979520,0
1787749358989953867,77381971968,77309411328,72560640,77311193088,0
1787749359018473203,77379805184,77309411328,70393856,77314007040,0
1787749359047423797,77381902336,77309411328,72491008,77310337024,0
1787749359076468253,77376397312,77309411328,66985984,77315055616,0
1787749359105611560,77385572352,77309411328,76161024,77314269184,0
1787749359134409461,77383737344,77309411328,74326016,77312696320,0
1787749359162523550,77381378048,77309411328,71966720,77315317760,0
1787749359190754111,77383737344,77309411328,74326016,77312172032,0
1787749359219679394,77374300160,77309411328,64888832,77312434176,0
1787749359248339383,77382950912,77309411328,73539584,77310861312,0
1787749359276686286,77380591616,77309411328,71180288,77313744896,0
1787749359304846075,77382950912,77309411328,73539584,77311123456,0
1787749359333150657,77378494464,77309411328,69083136,77311385600,0
1787749359362248194,77382688768,77309411328,73277440,77310861312,0
1787749359390686389,77380591616,77309411328,71180288,77313482752,0
1787749359418772167,77383213056,77309411328,73801728,77310861312,0
1787749359446505509,77379280896,77309411328,69869568,77311909888,0
1787749359475007884,77380853760,77309411328,71442432,77313744896,0
1787749359503946518,77384261632,77309411328,74850304,77312696320,0
1787749359532313501,77382426624,77309411328,73015296,77310599168,0
1787749359560245517,77380067328,77309411328,70656000,77312958464,0
1787749359588106141,77381115904,77309411328,71704576,77313482752,0
1787749359617328600,77384261632,77309411328,74850304,77312172032,0
1787749359645983708,77383737344,77309411328,74326016,77311385600,0
1787749359673933974,77380853760,77309411328,71442432,77313482752,0
1787749359701609705,77375610880,77309411328,66199552,77313220608,0
1787749359729650852,77380591616,77309411328,71180288,77313220608,0
1787749359758393482,77381902336,77309411328,72491008,77309812736,0
1787749359786558022,77380067328,77309411328,70656000,77312958464,0
1787749359814710611,77382164480,77309411328,72753152,77309812736,0
1787749359842202938,77377970176,77309411328,68558848,77310337024,0
1787749359870320047,77378756608,77309411328,69345280,77311123456,0
1787749359899398353,77382688768,77309411328,73277440,77310599168,0
1787749359927645764,77380329472,77309411328,70918144,77313744896,0
1787749359955756323,77383213056,77309411328,73801728,77311385600,0
1787749359983674158,77379280896,77309411328,69869568,77312172032,0
1787749360012697143,77382426624,77309411328,73015296,77310337024,0
1787749360041387153,77381378048,77309411328,71966720,77314269184,0
1787749360069619443,77383475200,77309411328,74063872,77310074880,0
1787749360097359955,77377183744,77309411328,67772416,77309812736,0
1787749360125599216,77377708032,77309411328,68296704,77310337024,0
1787749360154382557,77379543040,77309411328,70131712,77312434176,0
1787749360182661559,77382950912,77309411328,73539584,77310861312,0
1787749360210683996,77370630144,77309411328,61218816,77312696320,0
1787749360238873306,77382164480,77309411328,72753152,77310074880,0
1787749360267028225,77377183744,77309411328,67772416,77310074880,0
1787749360295549621,77379805184,77309411328,70393856,77312958464,0
1787749360324012997,77382426624,77309411328,73015296,77310337024,0
1787749360351625726,77376135168,77309411328,66723840,77312958464,0
1787749360379139623,77375086592,77309411328,65675264,77312696320,0
1787749360407645229,77382164480,77309411328,72753152,77309550592,0
1787749360436520012,77378215936,77309411328,68804608,77310844928,0
1787749360464595210,77380837376,77309411328,71426048,77313466368,0
1787749360492490095,77382148096,77309411328,72736768,77310058496,0
1787749360519985552,77375856640,77309411328,66445312,77313466368,0
1787749360549024117,77383458816,77309411328,74047488,77311369216,0
1787749360576902392,77381361664,77309411328,71950336,77313466368,0
1787749360604526361,77381885952,77309411328,72474624,77309272064,0
1787749360631984258,77375594496,77309411328,66183168,77312942080,0
1787749360660213419,77379264512,77309411328,69853184,77312155648,0
1787749360688511681,77381623808,77309411328,72212480,77314514944,0
1787749360717002866,77384245248,77309411328,74833920,77312417792,0
1787749360744957872,77382148096,77309411328,72736768,77309534208,0
1787749360772589892,77376905216,77309411328,67493888,77309534208,0
1787749360801071177,77379002368,77309411328,69591040,77312155648,0
1787749360829717226,77381885952,77309411328,72474624,77309534208,0
1787749360857876165,77379526656,77309411328,70115328,77312417792,0
1787749360885622017,77381099520,77309411328,71688192,77313466368,0
1787749360913481911,77381623808,77309411328,72212480,77313990656,0
1787749360942120109,77384507392,77309411328,75096064,77312155648,0
1787749360970166157,77375332352,77309411328,65921024,77312679936,0
1787749360998403017,77382148096,77309411328,72736768,77310058496,0
1787749361026660559,77377953792,77309411328,68542464,77310582784,0
1787749361055241796,77381099520,77309411328,71688192,77313990656,0
1787749361084041167,77385555968,77309411328,76144640,77313466368,0
1787749361112200697,77383196672,77309411328,73785344,77310844928,0
1787749361139995670,77379788800,77309411328,70377472,77312417792,0
1787749361167500847,77381099520,77309411328,71688192,77313466368,0
1787749361195692797,77381885952,77309411328,72474624,77309272064,0
1787749361223821486,77370351616,77309411328,60940288,77311893504,0
1787749361251336364,77380837376,77309411328,71426048,77313204224,0
1787749361278859701,77379264512,77309411328,69853184,77311369216,0
1787749361306464370,77380050944,77309411328,70639616,77312417792,0
1787749361335705470,77383196672,77309411328,73785344,77311107072,0
1787749361364270417,77376118784,77309411328,66707456,77313728512,0
1787749361392525928,77383196672,77309411328,73785344,77309796352,0
1787749361420590006,77376905216,77309411328,67493888,77309009920,0
1787749361448677794,77378740224,77309411328,69328896,77311107072,0
1787749361477086388,77381869568,77309411328,72458240,77309517824,0
1787749361504869141,77378723840,77309411328,69312512,77311090688,0
1787749361532399679,77378985984,77309411328,69574656,77311090688,0
1787749361559808874,77375578112,77309411328,66166784,77312925696,0
1787749361588097736,77382131712,77309411328,72720384,77309517824,0
1787749361616469879,77380296704,77309411328,70885376,77312401408,0
1787749361644077329,77381083136,77309411328,71671808,77313712128,0
1787749361671721289,77382131712,77309411328,72720384,77309517824,0
1787749361699291557,77377675264,77309411328,68263936,77310304256,0
1787749361727681211,77378985984,77309411328,69574656,77311614976,0
1787749361756342490,77382656000,77309411328,73244672,77310566400,0
1787749361784060251,77379510272,77309411328,70098944,77312401408,0
1787749361811505577,77379510272,77309411328,70098944,77311614976,0
1787749361839379022,77380034560,77309411328,70623232,77312401408,0
1787749361868259074,77383180288,77309411328,73768960,77311090688,0
1787749361895849973,77380296704,77309411328,70885376,77312925696,0
1787749361923676147,77380820992,77309411328,71409664,77313449984,0
1787749361951433489,77381869568,77309411328,72458240,77309517824,0
1787749361979551047,77378461696,77309411328,69050368,77310828544,0
1787749362008449261,77381869568,77309411328,72458240,77309255680,0
1787749362036409536,77378985984,77309411328,69574656,77311877120,0
1787749362064604146,77381345280,77309411328,71933952,77313712128,0
1787749362092691325,77381869568,77309411328,72458240,77308731392,0
1787749362121241031,77376364544,77309411328,66953216,77313974272,0
1787749362149583584,77385015296,77309411328,75603968,77312139264,0
1787749362177004600,77372694528,77309411328,63283200,77309779968,0
1787749362204131630,77370073088,77309411328,60661760,77308469248,0
1787749362231611207,77375578112,77309411328,66166784,77312663552,0
1787749362260451109,77383966720,77309411328,74555392,77311352832,0
1787749362288892414,77382393856,77309411328,72982528,77309779968,0
1787749362316707187,77378723840,77309411328,69312512,77311090688,0
1787749362344292836,77379510272,77309411328,70098944,77311877120,0
1787749362372415885,77381083136,77309411328,71671808,77313449984,0
1787749362401085774,77384491008,77309411328,75079680,77311877120,0
1787749362429072310,77381345280,77309411328,71933952,77312925696,0
1787749362456815512,77381083136,77309411328,71671808,77314236416,0
1787749362484645835,77382656000,77309411328,73244672,77310304256,0
1787749362513114280,77376888832,77309411328,67477504,77310042112,0
1787749362541669107,77381083136,77309411328,71671808,77313712128,0
1787749362569657154,77378723840,77309411328,69312512,77311352832,0
1787749362597360365,77380558848,77309411328,71147520,77313449984,0
1787749362625262219,77381083136,77309411328,71671808,77314236416,0
1787749362653934018,77380296704,77309411328,70885376,77313449984,0
1787749362682569147,77383442432,77309411328,74031104,77311877120,0
1787749362710322599,77380034560,77309411328,70623232,77312663552,0
1787749362738018759,77381345280,77309411328,71933952,77314236416,0
1787749362766810991,77383180288,77309411328,73768960,77311090688,0
1787749362794901989,77382656000,77309411328,73244672,77309779968,0
1787749362822429307,77378723840,77309411328,69312512,77310828544,0
1787749362850103247,77379510272,77309411328,70098944,77312139264,0
1787749362877654805,77380034560,77309411328,70623232,77312663552,0
1787749362905853836,77380034560,77309411328,70623232,77312139264,0
1787749362934386462,77383704576,77309411328,74293248,77310828544,0
1787749362961813328,77380034560,77309411328,70623232,77311877120,0
1787749362989209743,77380034560,77309411328,70623232,77311877120,0
1787749363017054467,77380296704,77309411328,70885376,77312401408,0
1787749363045693155,77383180288,77309411328,73768960,77310566400,0
1787749363074607189,77382656000,77309411328,73244672,77310304256,0
1787749363102774438,77378670592,77309411328,69259264,77311299584,0
1787749363130570191,77378670592,77309411328,69259264,77311037440,0
1787749363158211541,77379194880,77309411328,69783552,77311561728,0
1787749363186964421,77382078464,77309411328,72667136,77309726720,0
1787749363214754204,77368709120,77309411328,59297792,77309726720,0
1787749363242319593,77378146304,77309411328,68734976,77310251008,0
1787749363269773639,77378670592,77309411328,69259264,77310775296,0
1787749363297850587,77379981312,77309411328,70569984,77312348160,0
1787749363326548436,77382078464,77309411328,72667136,77309726720,0
1787749363354539253,77379981312,77309411328,70569984,77312610304,0
1787749363382652711,77382340608,77309411328,72929280,77309464576,0
1787749363410444534,77377884160,77309411328,68472832,77309726720,0
1787749363438581743,77378146304,77309411328,68734976,77310251008,0
1787749363467075539,77382078464,77309411328,72667136,77309202432,0
1787749363494596066,77378408448,77309411328,68997120,77310513152,0
1787749363522195446,77379194880,77309411328,69783552,77311299584,0
1787749363549748134,77379981312,77309411328,70569984,77312086016,0
1787749363577857153,77381029888,77309411328,71618560,77313396736,0
1787749363606363348,77384175616,77309411328,74764288,77311823872,0
1787749363633850576,77380767744,77309411328,71356416,77312872448,0
1787749363661641808,77380243456,77309411328,70832128,77312348160,0
1787749363689145195,77380767744,77309411328,71356416,77312872448,0
1787749363717535439,77382602752,77309411328,73191424,77309726720,0
1787749363745709849,77380243456,77309411328,70832128,77312610304,0
1787749363773238707,77379981312,77309411328,70569984,77312348160,0
1787749363800717504,77380767744,77309411328,71356416,77312872448,0
1787749363828958865,77382078464,77309411328,72667136,77309202432,0
1787749363857508661,77379981312,77309411328,70569984,77312872448,0
1787749363885330105,77381816320,77309411328,72404992,77309726720,0
1787749363913179498,77378146304,77309411328,68734976,77310775296,0
1787749363940853889,77377884160,77309411328,68472832,77310513152,0
1787749363969310604,77379457024,77309411328,70045696,77312348160,0
1787749363998129566,77383127040,77309411328,73715712,77311561728,0
1787749364025981099,77380505600,77309411328,71094272,77313134592,0
1787749364054116108,77382340608,77309411328,72929280,77310513152,0
1787749364081711037,77379194880,77309411328,69783552,77311299584,0
1787749364110722363,77380767744,77309411328,71356416,77314445312,0
1787749364139551854,77384175616,77309411328,74764288,77312610304,0
1787749364167310437,77381029888,77309411328,71618560,77313658880,0
1787749364195260482,77382078464,77309411328,72667136,77310251008,0
1787749364223639096,77370544128,77309411328,61132800,77312610304,0
1787749364252073300,77384175616,77309411328,74764288,77311299584,0
1787749364279529477,77380243456,77309411328,70832128,77312610304,0
1787749364306996343,77381292032,77309411328,71880704,77313658880,0
1787749364334965549,77382078464,77309411328,72667136,77309726720,0
1787749364363118179,77378666496,77309411328,69255168,77310771200,0
1787749364392196115,77382860800,77309411328,73449472,77309984768,0
1787749364420053339,77379190784,77309411328,69779456,77311033344,0
1787749364447626318,77380763648,77309411328,71352320,77312606208,0
1787749364475339319,77381025792,77309411328,71614464,77313392640,0
1787749364503396546,77381287936,77309411328,71876608,77313392640,0
1787749364531748050,77384433664,77309411328,75022336,77311557632,0
1787749364559216036,77380239360,77309411328,70828032,77312081920,0
1787749364586629432,77379977216,77309411328,70565888,77312081920,0
1787749364614561847,77379452928,77309411328,70041600,77311295488,0
1787749364643217406,77382336512,77309411328,72925184,77309198336,0
1787749364671137041,77379452928,77309411328,70041600,77311819776,0
1787749364698655549,77381025792,77309411328,71614464,77312868352,0
1787749364726410201,77381812224,77309411328,72400896,77308411904,0
1787749364754252994,77377617920,77309411328,68206592,77309460480,0
1787749364782538016,77377617920,77309411328,68206592,77309984768,0
1787749364810812318,77379977216,77309411328,70565888,77312606208,0
1787749364838875175,77382074368,77309411328,72663040,77309722624,0
1787749364866553216,77379190784,77309411328,69779456,77311295488,0
1787749364894543312,77379977216,77309411328,70565888,77312081920,0
1787749364923194681,77383647232,77309411328,74235904,77311033344,0
1787749364951180227,77380501504,77309411328,71090176,77312606208,0
1787749364978938219,77382336512,77309411328,72925184,77309198336,0
1787749365006654070,77377617920,77309411328,68206592,77309984768,0
1787749365036566652,77382598656,77309411328,73187328,77311295488,0
1787749365065972815,77383122944,77309411328,73711616,77312081920,0
1787749365094715175,77382074368,77309411328,72663040,77311295488,0
1787749365123276372,77378928640,77309411328,69517312,77313130496,0
1787749365152059263,77380501504,77309411328,71090176,77313654784,0
1787749365181249801,77383122944,77309411328,73711616,77312868352,0
1787749365209704296,77374472192,77309411328,65060864,77313130496,0
1787749365238489967,77382598656,77309411328,73187328,77311819776,0
1787749365267104305,77381287936,77309411328,71876608,77315227648,0
1787749365296336234,77384171520,77309411328,74760192,77313392640,0
1787749365325700706,77385744384,77309411328,76333056,77314965504,0
1787749365354469697,77384691712,77309411328,75280384,77313912832,0
1787749365383210207,77383643136,77309411328,74231808,77312602112,0
1787749365412411066,77382070272,77309411328,72658944,77311291392,0
1787749365441419501,77381808128,77309411328,72396800,77311029248,0
1787749365469524389,77379973120,77309411328,70561792,77313388544,0
1787749365497758780,77382070272,77309411328,72658944,77311291392,0
1787749365526002561,77379186688,77309411328,69775360,77313126400,0
1787749365555015916,77382332416,77309411328,72921088,77311553536,0
1787749365583851008,77382594560,77309411328,73183232,77311291392,0
1787749365611856365,77379973120,77309411328,70561792,77313650688,0
1787749365639795830,77380759552,77309411328,71348224,77314174976,0
1787749365668407338,77382332416,77309411328,72921088,77311291392,0
1787749365698087386,77382594560,77309411328,73183232,77312077824,0
1787749365726372008,77381808128,77309411328,72396800,77310242816,0
1787749365754432525,77378400256,77309411328,68988928,77312339968,0
1787749365782469052,77377351680,77309411328,67940352,77310767104,0
1787749365811472757,77378138112,77309411328,68726784,77312077824,0
1787749365840457742,77382856704,77309411328,73445376,77311815680,0
1787749365868523370,77381021696,77309411328,71610368,77314699264,0
1787749365896819622,77383118848,77309411328,73707520,77311815680,0
1787749365925237636,77376827392,77309411328,67416064,77310767104,0
1787749365953995997,77380235264,77309411328,70823936,77314174976,0
1787749365982790188,77384429568,77309411328,75018240,77313388544,0
1787749366011484477,77381021696,77309411328,71610368,77315485696,0
1787749366040551663,77385740288,77309411328,76328960,77314961408,0
1787749366070162520,77385216000,77309411328,75804672,77314699264,0
1787749366100180223,77387313152,77309411328,77901824,77311553536,0
1787749366128719980,77381808128,77309411328,72396800,77310767104,0
1787749366156831138,77379186688,77309411328,69775360,77313126400,0
1787749366184995878,77381021696,77309411328,71610368,77314961408,0
1787749366213846100,77375516672,77309411328,66105344,77314437120,0
1787749366242972358,77385478144,77309411328,76066816,77314699264,0
1787749366271265819,77383905280,77309411328,74493952,77312602112,0
1787749366299411039,77380759552,77309411328,71348224,77315223552,0
1787749366327777942,77382856704,77309411328,73445376,77312077824,0
1787749366357472360,77382590464,77309411328,73179136,77312073728,0
1787749366386841392,77383639040,77309411328,74227712,77312335872,0
1787749366415649433,77382590464,77309411328,73179136,77311811584,0
1787749366444270381,77381279744,77309411328,71868416,77315743744,0
1787749366473571862,77384163328,77309411328,74752000,77313646592,0
1787749366502618217,77384163328,77309411328,74752000,77313384448,0
1787749366530894919,77382328320,77309411328,72916992,77311287296,0
1787749366558969227,77379444736,77309411328,70033408,77313384448,0
1787749366587086586,77381279744,77309411328,71868416,77314957312,0
1787749366616180232,77383901184,77309411328,74489856,77313122304,0
1787749366645010364,77382328320,77309411328,72916992,77311025152,0
1787749366672995120,77377871872,77309411328,68460544,77311287296,0
1787749366701020387,77379706880,77309411328,70295552,77313122304,0
1787749366729149186,77381017600,77309411328,71606272,77314695168,0
1787749366758179002,77384687616,77309411328,75276288,77313122304,0
1787749366786993243,77378920448,77309411328,69509120,77312335872,0
1787749366815364937,77380755456,77309411328,71344128,77314170880,0
1787749366843959124,77383639040,77309411328,74227712,77312073728,0
1787749366872191865,77377085440,77309411328,67674112,77310238720,0
1787749366900896325,77380755456,77309411328,71344128,77313908736,0
1787749366929323789,77383901184,77309411328,74489856,77311811584,0
1787749366957636191,77380755456,77309411328,71344128,77313908736,0
1787749366985798171,77383114752,77309411328,73703424,77310763008,0
1787749367014431629,77380231168,77309411328,70819840,77313646592,0
1787749367043581247,77385736192,77309411328,76324864,77313646592,0
1787749367072134924,77384163328,77309411328,74752000,77312335872,0
1787749367100378605,77381804032,77309411328,72392704,77309714432,0
1787749367128466783,77377871872,77309411328,68460544,77311287296,0
1787749367157249024,77381804032,77309411328,72392704,77309976576,0
1787749367185388613,77379969024,77309411328,70557696,77312860160,0
1787749367213452631,77372628992,77309411328,63217664,77311025152,0
1787749367241370896,77379444736,77309411328,70033408,77312335872,0
1787749367269729309,77381541888,77309411328,72130560,77314695168,0
1787749367298567671,77385211904,77309411328,75800576,77313384448,0
1787749367327212299,77383114752,77309411328,73703424,77311549440,0
1787749367355534252,77380755456,77309411328,71344128,77313908736,0
1787749367383685391,77383376896,77309411328,73965568,77311549440,0
1787749367412210467,77380493312,77309411328,71081984,77313646592,0
1787749367441468387,77383901184,77309411328,74489856,77312073728,0
1787749367469944512,77382328320,77309411328,72916992,77310500864,0
1787749367498039260,77379969024,77309411328,70557696,77312598016,0
1787749367525843353,77381017600,77309411328,71606272,77314170880,0
1787749367555257956,77384425472,77309411328,75014144,77312335872,0
1787749367583779142,77383901184,77309411328,74489856,77311549440,0
1787749367611584425,77380231168,77309411328,70819840,77313122304,0
1787749367639249575,77381541888,77309411328,72130560,77313908736,0
1787749367667819223,77382590464,77309411328,73179136,77310763008,0
1787749367696633704,77381279744,77309411328,71868416,77314170880,0
1787749367724474638,77383639040,77309411328,74227712,77311025152,0
1787749367752098537,77379444736,77309411328,70033408,77310238720,0
1787749367779861489,77378396160,77309411328,68984832,77311287296,0
1787749367808257533,77380231168,77309411328,70819840,77312860160,0
1787749367836804960,77383114752,77309411328,73703424,77310763008,0
1787749367864528461,77379969024,77309411328,70557696,77312335872,0
1787749367892128230,77379182592,77309411328,69771264,77311287296,0
1787749367919862632,77379444736,77309411328,70033408,77312073728,0
1787749367948159154,77381279744,77309411328,71868416,77314170880,0
1787749367977050317,77385211904,77309411328,75800576,77312860160,0
1787749368005267168,77382328320,77309411328,72916992,77310238720,0
1787749368034828543,77383376896,77309411328,73965568,77310763008,0
1787749368062768958,77380755456,77309411328,71344128,77313122304,0
1787749368091221793,77381017600,77309411328,71606272,77313908736,0
1787749368120218738,77384425472,77309411328,75014144,77312335872,0
1787749368148590642,77382328320,77309411328,72916992,77310500864,0
1787749368176535047,77379706880,77309411328,70295552,77312335872,0
1787749368204085425,77374464000,77309411328,65052672,77308665856,0
1787749368232771165,77378658304,77309411328,69246976,77311025152,0
1787749368261003835,77381804032,77309411328,72392704,77309452288,0
1787749368288704856,77377871872,77309411328,68460544,77310238720,0
1787749368316428908,77378920448,77309411328,69509120,77311549440,0
1787749368345377272,77380493312,77309411328,71081984,77313646592,0
1787749368374069191,77384425472,77309411328,75014144,77312335872,0
1787749368402593227,77382590464,77309411328,73179136,77310500864,0
1787749368430925520,77379960832,77309411328,70549504,77312851968,0
1787749368459221462,77382320128,77309411328,72908800,77309968384,0
1787749368487889991,77379170304,77309411328,69758976,77312061440,0
1787749368516971777,77383622656,77309411328,74211328,77311795200,0
1787749368545329510,77382049792,77309411328,72638464,77309960192,0
1787749368573221075,77379162112,77309411328,69750784,77311528960,0
1787749368600965507,77379424256,77309411328,70012928,77311791104,0
1787749368629314340,77380734976,77309411328,71323648,77313363968,0
1787749368657499410,77383356416,77309411328,73945088,77311004672,0
1787749368685232441,77380472832,77309411328,71061504,77312577536,0
1787749368712891412,77380997120,77309411328,71585792,77313101824,0
1787749368741442808,77382307840,77309411328,72896512,77309956096,0
1787749368770057906,77380997120,77309411328,71585792,77313626112,0
1787749368797690356,77383094272,77309411328,73682944,77310218240,0
1787749368825267775,77378113536,77309411328,68702208,77310742528,0
1787749368852808623,77377064960,77309411328,67653632,77309431808,0
1787749368881115045,77378375680,77309411328,68964352,77310742528,0
1787749368909486848,77381521408,77309411328,72110080,77314150400,0
1787749368937498855,77382307840,77309411328,72896512,77310480384,0
1787749368965083744,77378637824,77309411328,69226496,77311004672,0
1787749368992792755,77379686400,77309411328,70275072,77312053248,0
1787749369021174939,77380472832,77309411328,71061504,77313363968,0
1787749369050210284,77385453568,77309411328,76042240,77313363968,0
1787749369078462876,77383618560,77309411328,74207232,77311266816,0
1787749369106309789,77380997120,77309411328,71585792,77313363968,0
1787749369134177553,77381259264,77309411328,71847936,77314150400,0
1787749369163705018,77384667136,77309411328,75255808,77312315392,0
1787749369192062751,77384929280,77309411328,75517952,77312315392,0
1787749369219602789,77371559936,77309411328,62148608,77313101824,0
1787749369247517874,77382307840,77309411328,72896512,77309693952,0
1787749369275475020,77377851392,77309411328,68440064,77310480384,0
1787749369304144149,77380734976,77309411328,71323648,77313363968,0
1787749369332390730,77383356416,77309411328,73945088,77311004672,0
1787749369360445507,77380997120,77309411328,71585792,77313363968,0
1787749369388700509,77382569984,77309411328,73158656,77310218240,0
1787749369417342957,77379162112,77309411328,69750784,77311791104,0
1787749369446431134,77384404992,77309411328,74993664,77311791104,0
1787749369474567283,77381783552,77309411328,72372224,77309169664,0
1787749369502165352,77378375680,77309411328,68964352,77310480384,0
1787749369529619158,77377589248,77309411328,68177920,77309956096,0
1787749369558353878,77379162112,77309411328,69750784,77311528960,0
1787749369586775943,77383356416,77309411328,73945088,77310480384,0
1787749369614337391,77378375680,77309411328,68964352,77310742528,0
1787749369641776427,77378899968,77309411328,69488640,77311004672,0
1787749369670058679,77380210688,77309411328,70799360,77312315392,0
1787749369698726448,77383356416,77309411328,73945088,77311004672,0
1787749369726311067,77379686400,77309411328,70275072,77312053248,0
1787749369753841695,77380210688,77309411328,70799360,77312577536,0
1787749369781586366,77380997120,77309411328,71585792,77313363968,0
1787749369809673745,77383094272,77309411328,73682944,77309956096,0
1787749369837853044,77380472832,77309411328,71061504,77312577536,0
1787749369865431913,77381259264,77309411328,71847936,77313626112,0
1787749369892949261,77380997120,77309411328,71585792,77313626112,0
1787749369920515309,77382045696,77309411328,72634368,77309169664,0
1787749369948692959,77378113536,77309411328,68702208,77310480384,0
1787749369977088283,77380997120,77309411328,71585792,77313363968,0
1787749370005331734,77382307840,77309411328,72896512,77309956096,0
1787749370033336031,77378375680,77309411328,68964352,77310742528,0
1787749370061796536,77380734976,77309411328,71323648,77313363968,0
1787749370090803251,77385191424,77309411328,75780096,77312839680,0
1787749370118556023,77381783552,77309411328,72372224,77309169664,0
1787749370146474838,77378113536,77309411328,68702208,77310742528,0
1787749370174130988,77379162112,77309411328,69750784,77311791104,0
1787749370202474821,77379162112,77309411328,69750784,77308121088,0
1787749370231169380,77375754240,77309411328,66342912,77313888256,0
1787749370259244938,77382569984,77309411328,73158656,77310742528,0
1787749370287005450,77379686400,77309411328,70275072,77312315392,0
1787749370314725642,77380997120,77309411328,71585792,77313626112,0
1787749370343316459,77382569984,77309411328,73158656,77310218240,0
1787749370371774294,77380734976,77309411328,71323648,77312315392,0
1787749370400008525,77382307840,77309411328,72896512,77309431808,0
1787749370427968551,77378899968,77309411328,69488640,77311266816,0
1787749370456004498,77380472832,77309411328,71061504,77312577536,0
1787749370484762098,77383356416,77309411328,73945088,77310480384,0
1787749370512217745,77380210688,77309411328,70799360,77312315392,0
1787749370539616760,77380734976,77309411328,71323648,77312577536,0
1787749370567161798,77381259264,77309411328,71847936,77313363968,0
1787749370595297657,77381783552,77309411328,72372224,77308907520,0
1787749370623515168,77379948544,77309411328,70537216,77312053248,0
1787749370651028115,77381259264,77309411328,71847936,77313626112,0
1787749370678539453,77382045696,77309411328,72634368,77308907520,0
1787749370706239364,77376278528,77309411328,66867200,77313888256,0
1787749370734305132,77383356416,77309411328,73945088,77310480384,0
1787749370762887989,77381259264,77309411328,71847936,77313626112,0
1787749370791080879,77383880704,77309411328,74469376,77311528960,0
1787749370818945363,77380734976,77309411328,71323648,77312839680,0
1787749370847606062,77382569984,77309411328,73158656,77309956096,0
1787749370877090426,77382569984,77309411328,73158656,77310218240,0
1787749370905278306,77381259264,77309411328,71847936,77313626112,0
1787749370933538487,77383094272,77309411328,73682944,77310742528,0
1787749370961389531,77379686400,77309411328,70275072,77312577536,0
1787749370989714803,77381259264,77309411328,71847936,77313626112,0
1787749371018486004,77382045696,77309411328,72634368,77309431808,0
1787749371046732515,77380210688,77309411328,70799360,77312315392,0
1787749371074925775,77382307840,77309411328,72896512,77309956096,0
1787749371102867641,77379424256,77309411328,70012928,77311266816,0
1787749371131245304,77380997120,77309411328,71585792,77313363968,0
1787749371159859252,77383618560,77309411328,74207232,77310742528,0
1787749371187895519,77380472832,77309411328,71061504,77312839680,0
1787749371215565570,77373394944,77309411328,63983616,77310480384,0
1787749371243390253,77378637824,77309411328,69226496,77311004672,0
1787749371272145663,77381259264,77309411328,71847936,77313363968,0
1787749371300683620,77384929280,77309411328,75517952,77312053248,0
1787749371328975822,77381783552,77309411328,72372224,77309693952,0
1787749371356704223,77378899968,77309411328,69488640,77311004672,0
1787749371384529977,77379424256,77309411328,70012928,77311266816,0
1787749371413183315,77381521408,77309411328,72110080,77314150400,0
1787749371441330504,77384667136,77309411328,75255808,77311791104,0
1787749371469368552,77381783552,77309411328,72372224,77309169664,0
1787749371496900310,77377851392,77309411328,68440064,77309956096,0
1787749371524971497,77378637824,77309411328,69226496,77310742528,0
1787749371553859090,77382307840,77309411328,72896512,77309956096,0
1787749371582053380,77379948544,77309411328,70537216,77312315392,0
1787749371610086658,77382045696,77309411328,72634368,77309169664,0
1787749371637763138,77377589248,77309411328,68177920,77309956096,0
1787749371666007569,77378899968,77309411328,69488640,77311266816,0
1787749371694890582,77382832128,77309411328,73420800,77310218240,0
1787749371723284326,77380472832,77309411328,71061504,77313363968,0
1787749371751229321,77382832128,77309411328,73420800,77310218240,0
1787749371779113926,77378637824,77309411328,69226496,77311004672,0
1787749371807797995,77381783552,77309411328,72372224,77309169664,0
1787749371836065126,77378899968,77309411328,69488640,77311791104,0
1787749371864590013,77381521408,77309411328,72110080,77314936832,0
1787749371892754522,77384142848,77309411328,74731520,77312053248,0
1787749371921330279,77379162112,77309411328,69750784,77312315392,0
1787749371950562549,77383618560,77309411328,74207232,77312315392,0
1787749371979253988,77382307840,77309411328,72896512,77310742528,0
1787749372007662402,77380210688,77309411328,70799360,77313626112,0
1787749372036487754,77382569984,77309411328,73158656,77310742528,0
1787749372067829632,77387550720,77309411328,78139392,77310742528,0
1787749372095958821,77381521408,77309411328,72110080,77313888256,0
1787749372124094960,77383094272,77309411328,73682944,77310480384,0
1787749372151861872,77379948544,77309411328,70537216,77312315392,0
1787749372179873339,77380734976,77309411328,71323648,77313101824,0
1787749372208373884,77374443520,77309411328,65032192,77312053248,0
1787749372236265249,77381521408,77309411328,72110080,77313888256,0
1787749372264141313,77382569984,77309411328,73158656,77309956096,0
1787749372291720382,77378375680,77309411328,68964352,77310742528,0
1787749372319952483,77379686400,77309411328,70275072,77312053248,0
1787749372348588201,77382832128,77309411328,73420800,77310218240,0
1787749372376528217,77380210688,77309411328,70799360,77312577536,0
1787749372404473412,77381259264,77309411328,71847936,77313888256,0
1787749372432202334,77382832128,77309411328,73420800,77309956096,0
1787749372460509116,77379424256,77309411328,70012928,77311528960,0
1787749372488730696,77382307840,77309411328,72896512,77309431808,0
1787749372516056701,77377851392,77309411328,68440064,77309956096,0
1787749372544137128,77377851392,77309411328,68440064,77311791104,0
1787749372572273848,77379948544,77309411328,70537216,77313626112,0
1787749372601487806,77383880704,77309411328,74469376,77312577536,0
1787749372630530292,77383356416,77309411328,73945088,77312577536,0
1787749372659234992,77382045696,77309411328,72634368,77311004672,0
1787749372687727197,77379162112,77309411328,69750784,77313363968,0
1787749372716574390,77382832128,77309411328,73420800,77311791104,0
1787749372745240828,77381521408,77309411328,72110080,77315198976,0
1787749372773308886,77383880704,77309411328,74469376,77312577536,0
1787749372801237771,77380472832,77309411328,71061504,77313888256,0
1787749372829484872,77381521408,77309411328,72110080,77315461120,0
1787749372858352145,77384142848,77309411328,74731520,77313626112,0
1787749372887465912,77383880704,77309411328,74469376,77313101824,0
1787749372916148921,77382569984,77309411328,73158656,77312053248,0
1787749372944227179,77380734976,77309411328,71323648,77314150400,0
1787749372972161654,77381259264,77309411328,71847936,77314936832,0
1787749373001161809,77384142848,77309411328,74731520,77313101824,0
1787749373030718215,77384716288,77309411328,75304960,77313937408,0
1787749373059563607,77383929856,77309411328,74518528,77312888832,0
1787749373088112663,77382881280,77309411328,73469952,77311840256,0
1787749373116931665,77379997696,77309411328,70586368,77314461696,0
1787749373146191945,77384454144,77309411328,75042816,77313675264,0
1787749373174789722,77383405568,77309411328,73994240,77312364544,0
1787749373203128755,77378162688,77309411328,68751360,77307383808,0
1787749373230895147,77374492672,77309411328,65081344,77312888832,0
1787749373259889042,77380521984,77309411328,71110656,77314723840,0
1787749373289076511,77385764864,77309411328,76353536,77314985984,0
1787749373318221548,77385240576,77309411328,75829248,77314199552,0
1787749373346558831,77383405568,77309411328,73994240,77312364544,0
1787749373374874744,77380259840,77309411328,70848512,77313937408,0
1787749373403949680,77384192000,77309411328,74780672,77313150976,0
1787749373432557818,77383143424,77309411328,73732096,77311840256,0
1787749373460634156,77378949120,77309411328,69537792,77312626688,0
1787749373488590561,77380784128,77309411328,71372800,77314461696,0
1787749373517302141,77382356992,77309411328,72945664,77311053824,0
1787749373546052511,77381308416,77309411328,71897088,77315248128,0
1787749373574650149,77384978432,77309411328,75567104,77313937408,0
1787749373602999352,77383405568,77309411328,73994240,77312102400,0
1787749373630943197,77379473408,77309411328,70062080,77313150976,0
1787749373659591956,77381308416,77309411328,71897088,77314985984,0
1787749373689211472,77386813440,77309411328,77402112,77315772416,0
1787749373717879411,77385240576,77309411328,75829248,77314199552,0
1787749373746237224,77383143424,77309411328,73732096,77312102400,0
1787749373775014825,77380259840,77309411328,70848512,77313937408,0
1787749373803993320,77384454144,77309411328,75042816,77313675264,0
1787749373832786031,77383405568,77309411328,73994240,77312364544,0
1787749373861424919,77381832704,77309411328,72421376,77310791680,0
1787749373889624749,77379735552,77309411328,70324224,77313413120,0
1787749373918640475,77382094848,77309411328,72683520,77311315968,0
1787749373947519707,77381832704,77309411328,72421376,77310267392,0
1787749373976015193,77379735552,77309411328,70324224,77313413120,0
1787749374004477138,77382356992,77309411328,72945664,77311315968,0
1787749374033413332,77379211264,77309411328,69799936,77313413120,0
1787749374062658881,77384454144,77309411328,75042816,77313413120,0
1787749374091129507,77383143424,77309411328,73732096,77312102400,0
1787749374118949640,77379997696,77309411328,70586368,77313150976,0
1787749374147017948,77381046272,77309411328,71634944,77314461696,0
1787749374175951941,77383143424,77309411328,73732096,77312102400,0
1787749374204462407,77376589824,77309411328,67178496,77306859520,0
1787749374232269600,77375541248,77309411328,66129920,77313675264,0
1787749374260116024,77381832704,77309411328,72421376,77310005248,0
1787749374288029969,77377900544,77309411328,68489216,77310791680,0
1787749374316646467,77379735552,77309411328,70324224,77313150976,0
1787749374345607951,77384978432,77309411328,75567104,77312888832,0
1787749374373928073,77383143424,77309411328,73732096,77311053824,0
1787749374401932940,77380259840,77309411328,70848512,77312888832,0
1787749374430840443,77381832704,77309411328,72421376,77310267392,0
1787749374459267548,77381308416,77309411328,71897088,77314199552,0
1787749374487085691,77382619136,77309411328,73207808,77310529536,0
1787749374514679760,77378424832,77309411328,69013504,77311053824,0
1787749374542455532,77379473408,77309411328,70062080,77312102400,0
1787749374570750054,77380784128,77309411328,71372800,77313937408,0
1787749374599682748,77385240576,77309411328,75829248,77313150976,0
1787749374628071342,77383143424,77309411328,73732096,77311315968,0
1787749374656161570,77380259840,77309411328,70848512,77313150976,0
1787749374683896501,77381046272,77309411328,71634944,77314461696,0
1787749374712364517,77383143424,77309411328,73732096,77311053824,0
1787749374741281990,77382094848,77309411328,72683520,77310267392,0
1787749374769405119,77379473408,77309411328,70062080,77312364544,0
1787749374797292913,77381308416,77309411328,71897088,77314199552,0
1787749374825257009,77382094848,77309411328,72683520,77310005248,0
1787749374854065721,77379997696,77309411328,70586368,77312888832,0
1787749374882543636,77382881280,77309411328,73469952,77310791680,0
1787749374910618244,77379997696,77309411328,70586368,77312888832,0
1787749374939047808,77382356992,77309411328,72945664,77310529536,0
1787749374967279869,77378162688,77309411328,68751360,77311053824,0
1787749374995929708,77380259840,77309411328,70848512,77313413120,0
1787749375024462704,77383667712,77309411328,74256384,77311840256,0
1787749375053097332,77381308416,77309411328,71897088,77314985984,0
1787749375081046598,77384450048,77309411328,75038720,77312098304,0
1787749375109480872,77381042176,77309411328,71630848,77313933312,0
1787749375138248383,77385236480,77309411328,75825152,77312884736,0
1787749375166502494,77382615040,77309411328,73203712,77310263296,0
1787749375194465190,77379469312,77309411328,70057984,77311836160,0
1787749375222314034,77372129280,77309411328,62717952,77313409024,0
1787749375250882511,77383139328,77309411328,73728000,77310787584,0
1787749375278972129,77380780032,77309411328,71368704,77313409024,0
1787749375307040387,77382615040,77309411328,73203712,77310001152,0
1787749375334522754,77378420736,77309411328,69009408,77310787584,0
1787749375362527411,77379469312,77309411328,70057984,77311836160,0
1787749375391513985,77382873088,77309411328,73461760,77310521344,0
1787749375419473921,77380251648,77309411328,70840320,77312880640,0
1787749375447064090,77381562368,77309411328,72151040,77313667072,0
1787749375474940384,77381824512,77309411328,72413184,77309734912,0
1787749375503260857,77377892352,77309411328,68481024,77310521344,0
1787749375531822964,77381562368,77309411328,72151040,77314191360,0
1787749375560039724,77383659520,77309411328,74248192,77311569920,0
1787749375587968279,77378678784,77309411328,69267456,77311569920,0
1787749375616049847,77380251648,77309411328,70840320,77312880640,0
1787749375644721156,77382348800,77309411328,72937472,77310783488,0
1787749375672808514,77380513792,77309411328,71102464,77313142784,0
1787749375700622057,77379989504,77309411328,70578176,77312618496,0
1787749375728736186,77382086656,77309411328,72675328,77309997056,0
1787749375756747323,77378940928,77309411328,69529600,77311569920,0
1787749375785697077,77382610944,77309411328,73199616,77310521344,0
1787749375813822096,77380251648,77309411328,70840320,77312880640,0
1787749375841887793,77382086656,77309411328,72675328,77310259200,0
1787749375869782878,77377630208,77309411328,68218880,77310783488,0
1787749375898504708,77380513792,77309411328,71102464,77313404928,0
1787749375927015804,77383659520,77309411328,74248192,77311832064,0
1787749375955182923,77380771840,77309411328,71360512,77313662976,0
1787749375983236851,77382868992,77309411328,73457664,77310779392,0
1787749376012583532,77379194880,77309411328,69783552,77312610304,0
1787749376041691579,77385486336,77309411328,76075008,77313658880,0
1787749376070114284,77383647232,77309411328,74235904,77311819776,0
1787749376098398905,77381550080,77309411328,72138752,77314441216,0
1787749376126167678,77382594560,77309411328,73183232,77310504960,0
1787749376154610632,77379186688,77309411328,69775360,77312339968,0
1787749376183348172,77383118848,77309411328,73707520,77311291392,0
1787749376211264938,77371322368,77309411328,61911040,77313126400,0
1787749376239157552,77382332416,77309411328,72921088,77309718528,0
1787749376266753071,77377351680,77309411328,67940352,77309718528,0
1787749376295247477,77379448832,77309411328,70037504,77312339968,0
1787749376323970997,77382594560,77309411328,73183232,77310242816,0
1787749376351765679,77379973120,77309411328,70561792,77311815680,0
1787749376379453150,77381021696,77309411328,71610368,77313388544,0
1787749376407604469,77381808128,77309411328,72396800,77309194240,0
1787749376436461482,77379186688,77309411328,69775360,77312077824,0
1787749376464019660,77380235264,77309411328,70823936,77312602112,0
1787749376491484677,77380497408,77309411328,71086080,77312864256,0
1787749376519115757,77381283840,77309411328,71872512,77313650688,0
1787749376547465410,77382070272,77309411328,72658944,77309980672,0
1787749376575835643,77380497408,77309411328,71086080,77312864256,0
1787749376603291279,77381545984,77309411328,72134656,77313650688,0
1787749376630859078,77382070272,77309411328,72658944,77309456384,0
1787749376658390596,77377613824,77309411328,68202496,77309980672,0
1787749376686709148,77378662400,77309411328,69251072,77311291392,0
1787749376715259365,77382856704,77309411328,73445376,77309980672,0
1787749376742710511,77378400256,77309411328,68988928,77310767104,0
1787749376770166978,77378924544,77309411328,69513216,77311029248,0
1787749376797581833,77378924544,77309411328,69513216,77311291392,0
1787749376825927496,77379710976,77309411328,70299648,77312339968,0
1787749376853885122,77382332416,77309411328,72921088,77309456384,0
1787749376881358339,77378138112,77309411328,68726784,77310242816,0
1787749376909040960,77378400256,77309411328,68988928,77310504960,0
1787749376936817412,77378924544,77309411328,69513216,77311029248,0
1787749376965362029,77381808128,77309411328,72396800,77309194240,0
1787749376993079830,77379710976,77309411328,70299648,77311553536,0
1787749377020982075,77379710976,77309411328,70299648,77312077824,0
1787749377049050872,77381808128,77309411328,72396800,77309194240,0
1787749377077236882,77379186688,77309411328,69775360,77311291392,0
1787749377105432253,77381283840,77309411328,71872512,77313650688,0
1787749377133538061,77382594560,77309411328,73183232,77309980672,0
1787749377161694190,77379448832,77309411328,70037504,77312602112,0
1787749377189082366,77380759552,77309411328,71348224,77313126400,0
1787749377216830108,77372108800,77309411328,62697472,77313126400,0
1787749377245470356,77382594560,77309411328,73183232,77309980672,0
1787749377273430032,77379448832,77309411328,70037504,77311815680,0
1787749377301155363,77381021696,77309411328,71610368,77313126400,0
1787749377328522488,77381283840,77309411328,71872512,77313650688,0
1787749377357032924,77382070272,77309411328,72658944,77309718528,0
1787749377385565720,77381545984,77309411328,72134656,77313388544,0
1787749377413615518,77383118848,77309411328,73707520,77310504960,0
1787749377441249557,77379448832,77309411328,70037504,77311815680,0
1787749377469200583,77379973120,77309411328,70561792,77312339968,0
1787749377497528046,77382070272,77309411328,72658944,77309194240,0
1787749377525001742,77378662400,77309411328,69251072,77310504960,0
1787749377552553061,77378924544,77309411328,69513216,77311029248,0
1787749377580546557,77379186688,77309411328,69775360,77312602112,0
1787749377608666736,77381545984,77309411328,72134656,77314174976,0
1787749377637055090,77384429568,77309411328,75018240,77312077824,0
1787749377664519266,77380235264,77309411328,70823936,77312602112,0
1787749377692041984,77380235264,77309411328,70823936,77312339968,0
1787749377719356998,77380497408,77309411328,71086080,77312602112,0
1787749377747561938,77381545984,77309411328,72134656,77314174976,0
1787749377775729288,77383905280,77309411328,74493952,77311029248,0
1787749377803332737,77379710976,77309411328,70299648,77312077824,0
1787749377830664631,77379973120,77309411328,70561792,77312339968,0
1787749377858178069,77380235264,77309411328,70823936,77312077824,0
1787749377886783926,77381808128,77309411328,72396800,77309194240,0
1787749377914834894,77378924544,77309411328,69513216,77311553536,0
1787749377942769349,77380497408,77309411328,71086080,77313126400,0
1787749377970565892,77382332416,77309411328,72921088,77309718528,0
1787749377998516828,77376565248,77309411328,67153920,77308932096,0
1787749378027156386,77379448832,77309411328,70037504,77311815680,0
1787749378055605351,77382070272,77309411328,72658944,77309456384,0
1787749378083670218,77379448832,77309411328,70037504,77312077824,0
1787749378111678785,77381021696,77309411328,71610368,77313650688,0
1787749378140032238,77382070272,77309411328,72658944,77309718528,0
1787749378168576655,77380759552,77309411328,71348224,77313126400,0
1787749378196762575,77383380992,77309411328,73969664,77311029248,0
1787749378225100447,77371846656,77309411328,62435328,77313912832,0
1787749378253232096,77383380992,77309411328,73969664,77310767104,0
1787749378281823974,77381283840,77309411328,71872512,77314174976,0
1787749378310155116,77384167424,77309411328,74756096,77312077824,0
1787749378338247295,77381021696,77309411328,71610368,77313126400,0
1787749378366152679,77382856704,77309411328,73445376,77310242816,0
1787749378394420991,77379186688,77309411328,69775360,77311553536,0
1787749378423277013,77383118848,77309411328,73707520,77310504960,0
1787749378451336841,77379973120,77309411328,70561792,77312339968,0
1787749378479275706,77382070272,77309411328,72658944,77309456384,0
1787749378506745633,77377875968,77309411328,68464640,77309718528,0
1787749378535250849,77378924544,77309411328,69513216,77311553536,0
1787749378563651083,77382594560,77309411328,73183232,77309718528,0
1787749378591109849,77378400256,77309411328,68988928,77310504960,0
1787749378618613487,77378662400,77309411328,69251072,77311029248,0
1787749378646182965,77378924544,77309411328,69513216,77311029248,0
1787749378675263122,77381808128,77309411328,72396800,77309194240,0
1787749378703598234,77380759552,77309411328,71348224,77312864256,0
1787749378731323906,77381808128,77309411328,72396800,77309194240,0
1787749378758690931,77375516672,77309411328,66105344,77312602112,0
1787749378786954202,77381545984,77309411328,72134656,77314174976,0
1787749378815493259,77384429568,77309411328,75018240,77312077824,0
1787749378843625978,77382332416,77309411328,72921088,77309718528,0
1787749378871511412,77378662400,77309411328,69251072,77310767104,0
1787749378899599580,77380235264,77309411328,70823936,77312339968,0
1787749378927549576,77381283840,77309411328,71872512,77313388544,0
1787749378956228195,77384429568,77309411328,75018240,77311553536,0
1787749378984236571,77381545984,77309411328,72134656,77313912832,0
1787749379012820969,77383118848,77309411328,73707520,77310504960,0
1787749379040888316,77381021696,77309411328,71610368,77313388544,0
1787749379069360402,77383905280,77309411328,74493952,77311029248,0
1787749379097662064,77381808128,77309411328,72396800,77308669952,0
1787749379125229002,77377089536,77309411328,67678208,77309718528,0
1787749379152698499,77377875968,77309411328,68464640,77310242816,0
1787749379180701376,77378400256,77309411328,68988928,77310767104,0
1787749379209654210,77372108800,77309411328,62697472,77313388544,0
1787749379237222878,77384167424,77309411328,74756096,77311291392,0
1787749379264641594,77379448832,77309411328,70037504,77311553536,0
1787749379292081680,77379973120,77309411328,70561792,77311815680,0
1787749379320100417,77380497408,77309411328,71086080,77312602112,0
1787749379348817537,77383643136,77309411328,74231808,77311029248,0
1787749379376846634,77381283840,77309411328,71872512,77313388544,0
1787749379405000383,77382856704,77309411328,73445376,77310242816,0
1787749379432725085,77379973120,77309411328,70561792,77312077824,0
1787749379461137829,77380497408,77309411328,71086080,77313126400,0
1787749379490061323,77384425472,77309411328,75014144,77311811584,0
1787749379518005318,77381804032,77309411328,72392704,77307092992,0
1787749379545652308,77376561152,77309411328,67149824,77308665856,0
1787749379572922811,77376299008,77309411328,66887680,77313384448,0
1787749379601705292,77382590464,77309411328,73179136,77309976576,0
1787749379630182037,77381541888,77309411328,72130560,77313646592,0
1787749379658291536,77383901184,77309411328,74489856,77311025152,0
1787749379686089259,77380493312,77309411328,71081984,77312335872,0
1787749379714421761,77381804032,77309411328,72392704,77309190144,0
1787749379742726713,77379444736,77309411328,70033408,77311811584,0
1787749379770735130,77381541888,77309411328,72130560,77313908736,0
1787749379798832999,77383376896,77309411328,73965568,77310763008,0
1787749379826407807,77379706880,77309411328,70295552,77311811584,0
1787749379854578127,77380493312,77309411328,71081984,77312860160,0
1787749379883378578,77384163328,77309411328,74752000,77311287296,0
1787749379911618379,77381541888,77309411328,72130560,77314433024,0
1787749379939901231,77383901184,77309411328,74489856,77311549440,0
1787749379967515020,77379969024,77309411328,70557696,77312598016,0
1787749379995796172,77381541888,77309411328,72130560,77313908736,0
1787749380025194624,77384425472,77309411328,75014144,77314170880,0
1787749380053707000,77383901184,77309411328,74489856,77312860160,0
1787749380082159395,77381804032,77309411328,72392704,77310500864,0
1787749380112168879,77379969024,77309411328,70557696,77313384448,0
1787749380141583531,77386260480,77309411328,76849152,77316005888,0
1787749380169968275,77384687616,77309411328,75276288,77314170880,0
1787749380198085434,77381541888,77309411328,72130560,77315743744,0
1787749380225926477,77374988288,77309411328,65576960,77313384448,0
1787749380254860231,77381541888,77309411328,72130560,77316005888,0
1787749380284338245,77387309056,77309411328,77897728,77311287296,0
1787749380313020404,77379706880,77309411328,70295552,77313646592,0
1787749380341786625,77383376896,77309411328,73965568,77312335872,0
1787749380371365080,77381541888,77309411328,72130560,77316005888,0
1787749380400704831,77387567104,77309411328,78155776,77312069632,0
1787749380428990823,77381537792,77309411328,72126464,77315477504,0
1787749380457217794,77383897088,77309411328,74485760,77312856064,0
1787749380485560507,77381013504,77309411328,71602176,77314428928,0
1787749380514488290,77383372800,77309411328,73961472,77312593920,0
1787749380543761870,77383372800,77309411328,73961472,77312331776,0
1787749380572750135,77382586368,77309411328,73175040,77312069632,0
1787749380601132739,77381275648,77309411328,71864320,77314953216,0
1787749380629390300,77383372800,77309411328,73961472,77312331776,0
1787749380658828843,77382324224,77309411328,72912896,77311807488,0
1787749380687880609,77382848512,77309411328,73437184,77311545344,0
1787749380716008228,77381013504,77309411328,71602176,77314691072,0
1787749380744411332,77383110656,77309411328,73699328,77312069632,0
1787749380773558500,77381013504,77309411328,71602176,77315215360,0
1787749380802641696,77385994240,77309411328,76582912,77315215360,0
1787749380830925058,77384421376,77309411328,75010048,77312856064,0
1787749380859079847,77381275648,77309411328,71864320,77315215360,0
1787749380887314328,77382848512,77309411328,73437184,77312069632,0
1787749380916118259,77381013504,77309411328,71602176,77315215360,0
1787749380945147425,77385994240,77309411328,76582912,77315215360,0
1787749380973628680,77383897088,77309411328,74485760,77313118208,0
1787749381002154057,77381275648,77309411328,71864320,77315477504,0
1787749381031339265,77382848512,77309411328,73437184,77312331776,0
1787749381061109754,77382848512,77309411328,73437184,77312069632,0
1787749381090629739,77383372800,77309411328,73961472,77312856064,0
1787749381119569022,77382848512,77309411328,73437184,77312331776,0
1787749381148355474,77382062080,77309411328,72650752,77311021056,0
1787749381177075953,77379964928,77309411328,70553600,77314428928,0
1787749381206510846,77376557056,77309411328,67145728,77310234624,0
1787749381235215076,77380489216,77309411328,71077888,77314428928,0
1787749381263991467,77383634944,77309411328,74223616,77312856064,0
1787749381292610485,77382586368,77309411328,73175040,77311545344,0
1787749381321632900,77379964928,77309411328,70553600,77314691072,0
1787749381351118174,77385469952,77309411328,76058624,77314691072,0
1787749381379965196,77384421376,77309411328,75010048,77313904640,0
1787749381409169555,77383897088,77309411328,74485760,77313904640,0
1787749381438991085,77382324224,77309411328,72912896,77313118208,0
1787749381468653872,77384155136,77309411328,74743808,77314424832,0
1787749381497861001,77383892992,77309411328,74481664,77314162688,0
1787749381527155981,77384151040,77309411328,74739712,77314420736,0
1787749381555861351,77382311936,77309411328,72900608,77312319488,0
1787749381585115101,77380472832,77309411328,71061504,77315723264,0
1787749381614758307,77386764288,77309411328,77352960,77316771840,0
1787749381644001627,77386502144,77309411328,77090816,77316767744,0
1787749381673026382,77385969664,77309411328,76558336,77315977216,0
1787749381702491896,77384921088,77309411328,75509760,77314928640,0
1787749381732207174,77385179136,77309411328,75767808,77315186688,0
1787749381760888633,77384130560,77309411328,74719232,77313875968,0
1787749381789416059,77382553600,77309411328,73142272,77312299008,0
1787749381817517078,77380190208,77309411328,70778880,77312557056,0
1787749381846678736,77381500928,77309411328,72089600,77315702784,0
1787749381876474485,77387268096,77309411328,77856768,77312290816,0
1787749381904654195,77381230592,77309411328,71819264,77315170304,0
1787749381933138101,77383327744,77309411328,73916416,77313073152,0
1787749381961795059,77380440064,77309411328,71028736,77314641920,0
1787749381991295873,77385940992,77309411328,76529664,77315686400,0
1787749382020375520,77384630272,77309411328,75218944,77314637824,0
1787749382049761092,77384888320,77309411328,75476992,77314371584,0
1787749382078404440,77384097792,77309411328,74686464,77313318912,0
1787749382107450336,77382262784,77309411328,72851456,77311483904,0
1787749382136597514,77381734400,77309411328,72323072,77316198400,0
1787749382165042389,77384613888,77309411328,75202560,77314359296,0
1787749382193538974,77382778880,77309411328,73367552,77312262144,0
1787749382221876527,77370454016,77309411328,61042688,77313568768,0
1787749382251931141,77383823360,77309411328,74412032,77313826816,0
1787749382283670537,77385129984,77309411328,75718656,77314351104,0
1787749382313227432,77391683584,77309411328,82272256,77316186112,0
1787749382342115125,77385121792,77309411328,75710464,77315129344,0
1787749382371332794,77384593408,77309411328,75182080,77313552384,0
1787749382400742907,77385641984,77309411328,76230656,77314338816,0
1787749382429164631,77383540736,77309411328,74129408,77312499712,0
1787749382457240369,77380919296,77309411328,71507968,77314334720,0
1787749382485419199,77382488064,77309411328,73076736,77310660608,0
1787749382514215760,77379862528,77309411328,70451200,77313540096,0
1787749382543666073,77385105408,77309411328,75694080,77314326528,0
1787749382572593107,77383790592,77309411328,74379264,77312749568,0
1787749382601189934,77380116480,77309411328,70705152,77314056192,0
1787749382629924714,77382737920,77309411328,73326592,77311959040,0
1787749382658853318,77382209536,77309411328,72798208,77310119936,0
1787749382687419205,77380112384,77309411328,70701056,77313527808,0
1787749382715932071,77382729728,77309411328,73318400,77311688704,0
1787749382743767725,77380108288,77309411328,70696960,77312999424,0
1787749382772727239,77381681152,77309411328,72269824,77315616768,0
1787749382802502838,77386919936,77309411328,77508608,77316399104,0
1787749382831247158,77386391552,77309411328,76980224,77315088384,0
1787749382860346005,77385076736,77309411328,75665408,77314297856,0
1787749382888993653,77382975488,77309411328,73564160,77311934464,0
1787749382918359245,77382451200,77309411328,73039872,77311410176,0
1787749382947597885,77381922816,77309411328,72511488,77311930368,0
1787749382975509209,77379821568,77309411328,70410240,77312974848,0
1787749383003566057,77381128192,77309411328,71716864,77314805760,0
1787749383032849417,77382959104,77309411328,73547776,77311655936,0
1787749383061945784,77384007680,77309411328,74596352,77311655936,0
1787749383090349728,77381124096,77309411328,71712768,77315063808,0
1787749383118452266,77383217152,77309411328,73805824,77312176128,0
1787749383146474563,77380071424,77309411328,70660096,77313486848,0
1787749383175615051,77382164480,77309411328,72753152,77310861312,0
1787749383204703737,77376917504,77309411328,67506176,77307187200,0
1787749383232631433,77375864832,77309411328,66453504,77313998848,0
1787749383260824393,77382156288,77309411328,72744960,77310853120,0
1787749383289655445,77379006464,77309411328,69595136,77312684032,0
1787749383318578308,77382934528,77309411328,73523200,77310582784,0
1787749383347066284,77379788800,77309411328,70377472,77313466368,0
1787749383375091041,77380575232,77309411328,71163904,77313990656,0
1787749383403206309,77382148096,77309411328,72736768,77310578688,0
1787749383432161973,77379518464,77309411328,70107136,77313196032,0
1787749383461012826,77383712768,77309411328,74301440,77312409600,0
1787749383488792018,77381087232,77309411328,71675904,77313716224,0
1787749383516592651,77381869568,77309411328,72458240,77309517824,0
1787749383544503146,77377150976,77309411328,67739648,77310566400,0
1787749383573055462,77378981888,77309411328,69570560,77311873024,0
1787749383601943195,77382385664,77309411328,72974336,77310820352,0
1787749383629546355,77378973696,77309411328,69562368,77311602688,0
1787749383657390348,77379760128,77309411328,70348800,77312913408,0
1787749383686076997,77381591040,77309411328,72179712,77315006464,0
1787749383714795717,77386567680,77309411328,77156352,77313953792,0
1787749383742978217,77382635520,77309411328,73224192,77311332352,0
1787749383771005574,77379751936,77309411328,70340608,77313167360,0
1787749383799066422,77381058560,77309411328,71647232,77314736128,0
1787749383827835713,77383680000,77309411328,74268672,77312114688,0
1787749383857104312,77382627328,77309411328,73216000,77312110592,0
1787749383885143770,77380263936,77309411328,70852608,77313941504,0
1787749383913292179,77381832704,77309411328,72421376,77310529536,0
1787749383941201324,77378420736,77309411328,69009408,77311836160,0
1787749383970897982,77382877184,77309411328,73465856,77311836160,0
1787749383999778134,77381824512,77309411328,72413184,77311569920,0
1787749384028206209,77379985408,77309411328,70574080,77313662976,0
1787749384056640943,77383127040,77309411328,73715712,77311299584,0
1787749384085286692,77380243456,77309411328,70832128,77313134592,0
1787749384113654345,77383909376,77309411328,74498048,77311295488,0
1787749384141551840,77378404352,77309411328,68993024,77311557632,0
1787749384169259471,77379448832,77309411328,70037504,77312077824,0
1787749384197160126,77380497408,77309411328,71086080,77313650688,0
1787749384226094079,77373677568,77309411328,64266240,77311811584,0
1787749384255305728,77383376896,77309411328,73965568,77311811584,0
1787749384283628541,77381009408,77309411328,71598080,77314162688,0
1787749384311624587,77383368704,77309411328,73957376,77310754816,0
1787749384339939099,77379698688,77309411328,70287360,77312589824,0
1787749384368839093,77382844416,77309411328,73433088,77311279104,0
1787749384397264847,77381267456,77309411328,71856128,77314158592,0
1787749384425730272,77383360512,77309411328,73949184,77311533056,0
1787749384453709368,77379952640,77309411328,70541312,77313105920,0
1787749384482195484,77381263360,77309411328,71852032,77313888256,0
1787749384511225759,77384400896,77309411328,74989568,77313097728,0
1787749384539052962,77381513216,77309411328,72101888,77314666496,0
1787749384567050759,77382823936,77309411328,73412608,77310996480,0
1787749384594944853,77378887680,77309411328,69476352,77312040960,0
1787749384623663873,77380456448,77309411328,71045120,77314134016,0
1787749384652512015,77384388608,77309411328,74977280,77313347584,0
1787749384680412520,77381763072,77309411328,72351744,77314916352,0
1787749384708480548,77382807552,77309411328,73396224,77311242240,0
1787749384736960223,77379657728,77309411328,70246400,77312811008,0
1787749384765729184,77383065600,77309411328,73654272,77310713856,0
1787749384794665068,77380968448,77309411328,71557120,77315170304,0
1787749384823322526,77384630272,77309411328,75218944,77313064960,0
1787749384851576068,77382270976,77309411328,72859648,77310705664,0
1787749384880076353,77378859008,77309411328,69447680,77311750144,0
1787749384909172610,77381742592,77309411328,72331264,77314895872,0
1787749384937741117,77384097792,77309411328,74686464,77312532480,0
1787749384966189482,77382262784,77309411328,72851456,77310959616,0
1787749384994164608,77378850816,77309411328,69439488,77311741952,0
1787749385023583911,77381734400,77309411328,72323072,77314887680,0
1787749385053084485,77387235328,77309411328,77824000,77310689280,0
1787749385081471188,77380939776,77309411328,71528448,77314093056,0
1787749385109706119,77383561216,77309411328,74149888,77311467520,0
1787749385138251726,77379358720,77309411328,69947392,77312249856,0
1787749385166843903,77383290880,77309411328,73879552,77310676992,0
1787749385194621276,77379620864,77309411328,70209536,77312774144,0
1787749385222147284,77370441728,77309411328,61030400,77311983616,0
1787749385249988337,77380403200,77309411328,70991872,77313556480,0
1787749385278722317,77382496256,77309411328,73084928,77310668800,0
1787749385307052930,77380661248,77309411328,71249920,77314076672,0
1787749385335123498,77382234112,77309411328,72822784,77310140416,0
1787749385362923270,77378031616,77309411328,68620288,77310922752,0
1787749385390759224,77378813952,77309411328,69402624,77311442944,0
1787749385419216919,77380124672,77309411328,70713344,77312753664,0
1787749385448379857,77384052736,77309411328,74641408,77312487424,0
1787749385476826242,77382737920,77309411328,73326592,77310386176,0
1787749385505117614,77380640768,77309411328,71229440,77313265664,0
1787749385533527458,77381685248,77309411328,72273920,77314576384,0
1787749385562679675,77385875456,77309411328,76464128,77313785856,0
1787749385590977827,77384302592,77309411328,74891264,77312212992,0
1787749385618930233,77380366336,77309411328,70955008,77313257472,0
1787749385646962200,77381939200,77309411328,72527872,77309849600,0
1787749385675087969,77376167936,77309411328,66756608,77313777664,0
1787749385704384749,77385080832,77309411328,75669504,77313777664,0
1787749385732830134,77382975488,77309411328,73564160,77311410176,0
1787749385760997704,77381140480,77309411328,71729152,77314031616,0
1787749385788759366,77381398528,77309411328,71987200,77314027520,0
1787749385817744861,77383753728,77309411328,74342400,77311926272,0
1787749385846860668,77383229440,77309411328,73818112,77312188416,0
1787749385875209471,77381386240,77309411328,71974912,77314539520,0
1787749385903748457,77384269824,77309411328,74858496,77312180224,0
1787749385932097300,77381124096,77309411328,71712768,77314011136,0
1787749385960752759,77384265728,77309411328,74854400,77311913984,0
1787749385989000420,77382168576,77309411328,72757248,77309816832,0
1787749386017598277,77378498560,77309411328,69087232,77311389696,0
1787749386045848979,77380849664,77309411328,71438336,77314002944,0
1787749386074898054,77384519680,77309411328,75108352,77312692224,0
1787749386103814368,77384253440,77309411328,74842112,77312425984,0
1787749386131572110,77380317184,77309411328,70905856,77312946176,0
1787749386159378423,77381099520,77309411328,71688192,77314252800,0
1787749386187664345,77383196672,77309411328,73785344,77310844928,0
1787749386216578238,77373493248,77309411328,64081920,77311365120,0
1787749386244926261,77381095424,77309411328,71684096,77314510848,0
1787749386272738654,77382664192,77309411328,73252864,77310312448,0
1787749386300543047,77378732032,77309411328,69320704,77311623168,0
1787749386328776378,77379514368,77309411328,70103040,77312405504,0
1787749386357575609,77382918144,77309411328,73506816,77310828544,0
1787749386386017904,77380558848,77309411328,71147520,77313712128,0
1787749386414667792,77383176192,77309411328,73764864,77311873024,0
1787749386443066446,77379506176,77309411328,70094848,77312921600,0
1787749386472105872,77381861376,77309411328,72450048,77310820352,0
1787749386502437131,77382905856,77309411328,73494528,77313437696,0
1787749386531363945,77383426048,77309411328,74014720,77312647168,0
1787749386559896951,77382111232,77309411328,72699904,77310808064,0
1787749386588744683,77378965504,77309411328,69554176,77313429504,0
1787749386618483502,77384462336,77309411328,75051008,77313683456,0
1787749386647044859,77384196096,77309411328,74784768,77313155072,0
1787749386675517394,77381836800,77309411328,72425472,77311320064,0
1787749386703750325,77379211264,77309411328,69799936,77313413120,0
1787749386732889112,77381828608,77309411328,72417280,77311311872,0
1787749386762033760,77383139328,77309411328,73728000,77311836160,0
1787749386790209000,77380513792,77309411328,71102464,77314453504,0
1787749386818268717,77382873088,77309411328,73461760,77311307776,0
1787749386846058970,77379461120,77309411328,70049792,77312352256,0
1787749386874821011,77381558272,77309411328,72146944,77314973696,0
1787749386904082080,77385748480,77309411328,76337152,77314445312,0
1787749386932507735,77384433664,77309411328,75022336,77312606208,0
1787749386960755046,77382074368,77309411328,72663040,77310246912,0
1787749386988813293,77377613824,77309411328,68202496,77311029248,0
1787749387018118614,77381017600,77309411328,71606272,77314170880,0
1787749387047632509,77386260480,77309411328,76849152,77314957312,0
1787749387076125894,77385207808,77309411328,75796480,77313380352,0
1787749387104067620,77382324224,77309411328,72912896,77310234624,0
1787749387133259368,77378646016,77309411328,69234688,77313110016,0
1787749387162163511,77382053888,77309411328,72642560,77310488576,0
1787749387190346061,77379694592,77309411328,70283264,77313372160,0
1787749387218288827,77372612608,77309411328,63201280,77310746624,0
1787749387246468856,77378899968,77309411328,69488640,77312835584,0
1787749387275922570,77382041600,77309411328,72630272,77311787008,0
1787749387305454335,77383348224,77309411328,73936896,77311782912,0
1787749387334386038,77382037504,77309411328,72626176,77310996480,0
1787749387362518687,77380194304,77309411328,70782976,77312823296,0
1787749387390522944,77380976640,77309411328,71565312,77314392064,0
1787749387419695932,77384908800,77309411328,75497472,77313343488,0
1787749387448816689,77385428992,77309411328,76017664,77313077248,0
1787749387477441337,77383331840,77309411328,73920512,77311242240,0
1787749387506107106,77380706304,77309411328,71294976,77314908160,0
1787749387535916706,77383847936,77309411328,74436608,77314117632,0
1787749387565310358,77386207232,77309411328,76795904,77315690496,0
1787749387594046848,77384372224,77309411328,74960896,77314117632,0
1787749387623090094,77382270976,77309411328,72859648,77313064960,0
1787749387651697742,77381218304,77309411328,71806976,77316468736,0
1787749387681195706,77385674752,77309411328,76263424,77315944448,0
1787749387711552576,77387243520,77309411328,77832192,77313318912,0
1787749387740284146,77382258688,77309411328,72847360,77312004096,0
1787749387769158109,77380419584,77309411328,71008256,77315932160,0
1787749387799068020,77385134080,77309411328,75722752,77315928064,0
1787749387828729758,77388017664,77309411328,78606336,77312258048,0
1787749387857392206,77379366912,77309411328,69955584,77314355200,0
1787749387885993594,77382246400,77309411328,72835072,77312516096,0
1787749387914688093,77379883008,77309411328,70471680,77314871296,0
1787749387944329760,77384601600,77309411328,75190272,77314609152,0
1787749387974112149,77385908224,77309411328,76496896,77316177920,0
1787749388003178076,77385904128,77309411328,76492800,77315649536,0
1787749388032458796,77385637888,77309411328,76226560,77315121152,0
1787749388061812307,77384589312,77309411328,75177984,77314334720,0
1787749388091276241,77384843264,77309411328,75431936,77314064384,0
1787749388120352127,77384056832,77309411328,74645504,77313802240,0
1787749388149710289,77382742016,77309411328,73330688,77313011712,0
1787749388178375078,77381689344,77309411328,72278016,77316415488,0
1787749388208183897,77376970752,77309411328,67559424,77311696896,0
1787749388237892765,77382995968,77309411328,73584640,77313789952,0
1787749388267010973,77383254016,77309411328,73842688,77313261568,0
1787749388295829664,77382991872,77309411328,73580544,77312208896,0
1787749388325082384,77380886528,77309411328,71475200,77315350528,0
1787749388355029466,77387177984,77309411328,77766656,77312204800,0
1787749388384195764,77382197248,77309411328,72785920,77312204800,0
1787749388413045127,77381668864,77309411328,72257536,77315870720,0
1787749388442730224,77384810496,77309411328,75399168,77314818048,0
1787749388472086436,77385596928,77309411328,76185600,77315080192,0
1787749388500974508,77385596928,77309411328,76185600,77315342336,0
1787749388529459644,77383495680,77309411328,74084352,77312978944,0
1787749388557762176,77381132288,77309411328,71720960,77315334144,0
1787749388587585046,77382967296,77309411328,73555968,77313499136,0
1787749388616996189,77384798208,77309411328,75386880,77314805760,0
1787749388645585596,77383221248,77309411328,73809920,77313228800,0
1787749388673928849,77381382144,77309411328,71970816,77315584000,0
1787749388703044306,77383213056,77309411328,73801728,77312958464,0
1787749388732989379,77384785920,77309411328,75374592,77314531328,0
1787749388762177977,77385306112,77309411328,75894784,77315051520,0
1787749388790653852,77383467008,77309411328,74055680,77313212416,0
1787749388818942144,77381103616,77309411328,71692288,77315305472,0
1787749388848680923,77384511488,77309411328,75100160,77314256896,0
1787749388877714188,77385818112,77309411328,76406784,77314777088,0
1787749388906295055,77383458816,77309411328,74047488,77312942080,0
1787749388934738170,77381099520,77309411328,71688192,77315563520,0
1787749388963430810,77383979008,77309411328,74567680,77314248704,0
1787749388993049536,77382926336,77309411328,73515008,77312933888,0
1787749389022793605,77384237056,77309411328,74825728,77314768896,0
1787749389051984873,77384753152,77309411328,75341824,77314498560,0
1787749389080785224,77384491008,77309411328,75079680,77313974272,0
1787749389109873401,77382389760,77309411328,72978432,77312397312,0
1787749389139407816,77382123520,77309411328,72712192,77311868928,0
1787749389168399041,77382123520,77309411328,72712192,77312131072,0
1787749389196852905,77380546560,77309411328,71135232,77314748416,0
1787749389225292850,77373726720,77309411328,64315392,77313695744,0
1787749389253770185,77372047360,77309411328,62636032,77309132800,0
1787749389393368611,77315153920,77309411328,5742592,77305454592,0
1787749389420312658,77315653632,77309411328,6242304,77305167872,0
1787749389446748845,77314592768,77309411328,5181440,77309349888,0
1787749389473613141,77320097792,77309411328,10686464,77304369152,0
1787749389500119050,77316153344,77309411328,6742016,77305667584,0
1787749389526788032,77316153344,77309411328,6742016,77306191872,0
1787749389554016554,77317201920,77309411328,7790592,77307764736,0
1787749389580590144,77317984256,77309411328,8572928,77307498496,0
1787749389607134814,77318246400,77309411328,8835072,77308284928,0
1787749389633698604,77317459968,77309411328,8048640,77307498496,0
1787749389660593160,77316935680,77309411328,7524352,77306449920,0
1787749389687592918,77316149248,77309411328,6737920,77306449920,0
1787749389714284700,77315883008,77309411328,6471680,77305397248,0
1787749389740640767,77314306048,77309411328,4894720,77309325312,0
1787749389767356520,77318762496,77309411328,9351168,77308276736,0
1787749389794320187,77317713920,77309411328,8302592,77307228160,0
1787749389821441017,77317713920,77309411328,8302592,77307228160,0
1787749389847978157,77316399104,77309411328,6987776,77305913344,0
1787749389874606008,77316399104,77309411328,6987776,77305913344,0
1787749389901106897,77315350528,77309411328,5939200,77304864768,0
1787749389927857140,77315350528,77309411328,5939200,77304864768,0
1787749389954792837,77314301952,77309411328,4890624,77309321216,0
1787749389981517540,77319278592,77309411328,9867264,77308792832,0
1787749390008115411,77317992448,77309411328,8581120,77307506688,0
1787749390034749672,77318778880,77309411328,9367552,77308555264,0
1787749390061782621,77317992448,77309411328,8581120,77307768832,0
1787749390089215217,77319303168,77309411328,9891840,77308817408,0
1787749390116000431,77317988352,77309411328,8577024,77307502592,0
1787749390142562581,77317459968,77309411328,8048640,77307236352,0
1787749390169187902,77315624960,77309411328,6213632,77305401344,0
1787749390195893205,77314576384,77309411328,5165056,77309333504,0
1787749390223006305,77318770688,77309411328,9359360,77308284928,0
1787749390249677407,77317455872,77309411328,8044544,77306970112,0
1787749390276220247,77316407296,77309411328,6995968,77305921536,0
1787749390302634214,77314572288,77309411328,5160960,77309591552,0
1787749390329743414,77318766592,77309411328,9355264,77308805120,0
1787749390356799903,77318504448,77309411328,9093120,77308018688,0
1787749390383558217,77317451776,77309411328,8040448,77307228160,0
1787749390410650476,77319811072,77309411328,10399744,77309325312,0
1787749390437430020,77319024640,77309411328,9613312,77308538880,0
1787749390464412488,77317709824,77309411328,8298496,77307224064,0
1787749390491752752,77316661248,77309411328,7249920,77306437632,0
1787749390518353453,77315612672,77309411328,6201344,77305126912,0
1787749390544711989,77314564096,77309411328,5152768,77309321216,0
1787749390571204548,77318758400,77309411328,9347072,77308272640,0
1787749390598074714,77317709824,77309411328,8298496,77307224064,0
1787749390625419028,77317709824,77309411328,8298496,77307748352,0
1787749390651982358,77318492160,77309411328,9080832,77308006400,0
1787749390678463487,77318225920,77309411328,8814592,77307740160,0
1787749390705036327,77317963776,77309411328,8552448,77307740160,0
1787749390731926173,77318225920,77309411328,8814592,77307740160,0
1787749390759238947,77318750208,77309411328,9338880,77309046784,0
1787749390786050621,77320048640,77309411328,10637312,77304582144,0
1787749390812583311,77315067904,77309411328,5656576,77304582144,0
1787749390839242493,77315592192,77309411328,6180864,77305630720,0
1787749390866252001,77316112384,77309411328,6701056,77305626624,0
1787749390893506334,77317423104,77309411328,8011776,77307723776,0
1787749390920139795,77318991872,77309411328,9580544,77308506112,0
1787749390946664994,77318725632,77309411328,9314304,77308239872,0
1787749390973292136,77318725632,77309411328,9314304,77308239872,0
1787749391000662770,77319774208,77309411328,10362880,77309288448,0
1787749391028113007,77320822784,77309411328,11411456,77305094144,0
1787749391055025873,77316628480,77309411328,7217152,77306142720,0
1787749391081593303,77317410816,77309411328,7999488,77307187200,0
1787749391108648632,77318459392,77309411328,9048064,77308760064,0
1787749391136197361,77320556544,77309411328,11145216,77305090048,0
1787749391162885613,77316362240,77309411328,6950912,77305876480,0
1787749391189471873,77317144576,77309411328,7733248,77306658816,0
1787749391216032273,77317144576,77309411328,7733248,77307183104,0
1787749391242848318,77318193152,77309411328,8781824,77308231680,0
1787749391270308084,77320028160,77309411328,10616832,77304561664,0
1787749391296611060,77314514944,77309411328,5103616,77309272064,0
1787749391323371763,77320806400,77309411328,11395072,77305077760,0
1787749391349763020,77315825664,77309411328,6414336,77305864192,0
1787749391376712887,77316612096,77309411328,7200768,77306126336,0
1787749391403934520,77318709248,77309411328,9297920,77308223488,0
1787749391430460939,77319491584,77309411328,10080256,77309005824,0
1787749391457039099,77320540160,77309411328,11128832,77305073664,0
1787749391483470767,77316345856,77309411328,6934528,77305860096,0
1787749391510389693,77317656576,77309411328,8245248,77307170816,0
1787749391537595805,77318701056,77309411328,9289728,77308215296,0
1787749391564285107,77319749632,77309411328,10338304,77309263872,0
1787749391590855408,77321318400,77309411328,11907072,77306114048,0
1787749391617528930,77318680576,77309411328,9269248,77308194816,0
1787749391644651080,77321564160,77309411328,12152832,77306097664,0
1787749391672008825,77319729152,77309411328,10317824,77309243392,0
1787749391698755728,77322874880,77309411328,13463552,77308194816,0
1787749391725556513,77321822208,77309411328,12410880,77306093568,0
1787749391752143983,77319725056,77309411328,10313728,77309239296,0
1787749391779241793,77322870784,77309411328,13459456,77307142144,0
1787749391806862182,77321822208,77309411328,12410880,77306093568,0
1787749391833530284,77319192576,77309411328,9781248,77308706816,0
1787749391860173126,77322600448,77309411328,13189120,77306871808,0
1787749391886877068,77320765440,77309411328,11354112,77305823232,0
1787749391914381226,77319979008,77309411328,10567680,77304250368,0
1787749391941762171,77318930432,77309411328,9519104,77308706816,0
1787749391968554895,77321805824,77309411328,12394496,77306601472,0
1787749391995207107,77320757248,77309411328,11345920,77305028608,0
1787749392021768027,77318660096,77309411328,9248768,77308174336,0
1787749392049165182,77322854400,77309411328,13443072,77307125760,0
1787749392076623799,77321539584,77309411328,12128256,77305810944,0
1787749392103393053,77319962624,77309411328,10551296,77304496128,0
1787749392129938152,77318127616,77309411328,8716288,77307641856,0
1787749392156761987,77322321920,77309411328,12910592,77306593280,0
1787749392184106261,77321535488,77309411328,12124160,77305806848,0
1787749392211436066,77319700480,77309411328,10289152,77310263296,0
1787749392238287961,77323624448,77309411328,14213120,77307895808,0
1787749392264950143,77322571776,77309411328,13160448,77306843136,0
1787749392291978281,77320736768,77309411328,11325440,77305794560,0
1787749392319449928,77319426048,77309411328,10014720,77309726720,0
1787749392346772962,77323616256,77309411328,14204928,77308674048,0
1787749392373472815,77322829824,77309411328,13418496,77307101184,0
1787749392400192058,77321781248,77309411328,12369920,77306052608,0
1787749392427160325,77319942144,77309411328,10530816,77304999936,0
1787749392454515250,77319151616,77309411328,9740288,77309190144,0
1787749392482040207,77323083776,77309411328,13672448,77308403712,0
1787749392508795141,77322031104,77309411328,12619776,77306564608,0
1787749392535406912,77321240576,77309411328,11829248,77305511936,0
1787749392562424060,77320192000,77309411328,10780672,77304725504,0
1787749392589927878,77319405568,77309411328,9994240,77309706240,0
1787749392617079058,77323857920,77309411328,14446592,77309177856,0
1787749392643744260,77322809344,77309411328,13398016,77307080704,0
1787749392670301850,77321498624,77309411328,12087296,77306032128,0
1787749392697154736,77319663616,77309411328,10252288,77309177856,0
1787749392724783435,77323857920,77309411328,14446592,77308129280,0
1787749392751461607,77322276864,77309411328,12865536,77306548224,0
1787749392778019457,77320179712,77309411328,10768384,77305237504,0
1787749392804439065,77319131136,77309411328,9719808,77308645376,0
1787749392831404332,77322539008,77309411328,13127680,77307596800,0
1787749392859105513,77320962048,77309411328,11550720,77306281984,0
1787749392885554761,77319647232,77309411328,10235904,77309161472,0
1787749392912270624,77323038720,77309411328,13627392,77308358656,0
1787749392938849844,77321203712,77309411328,11792384,77305475072,0
1787749392965803821,77318320128,77309411328,8908800,77308620800,0
1787749392993514313,77321453568,77309411328,12042240,77305724928,0
1787749393020154404,77318037504,77309411328,8626176,77307551744,0
1787749393047054240,77320130560,77309411328,10719232,77304401920,0
1787749393073668511,77316984832,77309411328,7573504,77306499072,0
1787749393100627628,77319081984,77309411328,9670656,77308596224,0
1787749393128227258,77321437184,77309411328,12025856,77305708544,0
1787749393154742447,77318021120,77309411328,8609792,77307535360,0
1787749393181331877,77319856128,77309411328,10444800,77309632512,0
1787749393208069250,77321166848,77309411328,11755520,77306486784,0
1787749393234982597,77317754880,77309411328,8343552,77307531264,0
1787749393262456054,77320900608,77309411328,11489280,77305171968,0
1787749393289204447,77317750784,77309411328,8339456,77307265024,0
1787749393315900250,77319581696,77309411328,10170368,77309358080,0
1787749393342525361,77320626176,77309411328,11214848,77305159680,0
1787749393369427577,77317480448,77309411328,8069120,77307256832,0
1787749393396957035,77320626176,77309411328,11214848,77304897536,0
1787749393423566836,77317996544,77309411328,8585216,77308035072,0
1787749393450190157,77320617984,77309411328,11206656,77304889344,0
1787749393476756907,77317472256,77309411328,8060928,77306986496,0
1787749393504050630,77320617984,77309411328,11206656,77304889344,0
1787749393531152990,77317472256,77309411328,8060928,77308035072,0
1787749393557931154,77320351744,77309411328,10940416,77304623104,0
1787749393584497244,77317206016,77309411328,7794688,77306982400,0
1787749393611072485,77320085504,77309411328,10674176,77304356864,0
1787749393638203055,77316939776,77309411328,7528448,77306454016,0
1787749393665684322,77320085504,77309411328,10674176,77304356864,0
1787749393692304533,77317722112,77309411328,8310784,77307236352,0
1787749393719013876,77320867840,77309411328,11456512,77305139200,0
1787749393745532975,77318246400,77309411328,8835072,77308284928,0
1787749393772621025,77320867840,77309411328,11456512,77305139200,0
1787749393799978189,77318770688,77309411328,9359360,77308284928,0
1787749393826788014,77320597504,77309411328,11186176,77305655296,0
1787749393853331804,77318238208,77309411328,8826880,77307752448,0
1787749393879976375,77321121792,77309411328,11710464,77305655296,0
1787749393906933332,77318238208,77309411328,8826880,77307752448,0
1787749393934405049,77321383936,77309411328,11972608,77305655296,0
1787749393960899388,77317705728,77309411328,8294400,77307482112,0
1787749393987602631,77320851456,77309411328,11440128,77305122816,0
1787749394014174081,77317705728,77309411328,8294400,77307219968,0
1787749394041094537,77319802880,77309411328,10391552,77309841408,0
1787749394068733217,77323997184,77309411328,14585856,77308530688,0
1787749394095391789,77321895936,77309411328,12484608,77306167296,0
1787749394122003420,77319798784,77309411328,10387456,77309575168,0
1787749394148589800,77322678272,77309411328,13266944,77306949632,0
1787749394175679170,77320581120,77309411328,11169792,77304852480,0
1787749394203033984,77318483968,77309411328,9072640,77307998208,0
1787749394229830579,77321363456,77309411328,11952128,77305634816,0
1787749394256468100,77319266304,77309411328,9854976,77308780544,0
1787749394283183733,77322674176,77309411328,13262848,77306945536,0
1787749394310706561,77320310784,77309411328,10899456,77305106432,0
1787749394337868672,77319520256,77309411328,10108928,77309034496,0
1787749394364488133,77322399744,77309411328,12988416,77306671104,0
1787749394391039323,77319778304,77309411328,10366976,77309816832,0
1787749394417807626,77323972608,77309411328,14561280,77308243968,0
1787749394445222472,77321875456,77309411328,12464128,77306146816,0
1787749394472891713,77320826880,77309411328,11415552,77305622528,0
1787749394499415682,77318721536,77309411328,9310208,77309284352,0
1787749394526073204,77322915840,77309411328,13504512,77309284352,0
1787749394552784296,77322383360,77309411328,12972032,77305606144,0
1787749394580247993,77320019968,77309411328,10608640,77307961344,0
1787749394607850982,77321850880,77309411328,12439552,77309267968,0
1787749394634647416,77322366976,77309411328,12955648,77305589760,0
1787749394661263927,77319221248,77309411328,9809920,77306638336,0
1787749394687795897,77320269824,77309411328,10858496,77307686912,0
1787749394715258104,77321318400,77309411328,11907072,77308735488,0
1787749394742844122,77322366976,77309411328,12955648,77305851904,0
1787749394769626136,77318955008,77309411328,9543680,77306372096,0
1787749394796223877,77318688768,77309411328,9277440,77306892288,0
1787749394822797117,77319737344,77309411328,10326016,77307154432,0
1787749394850490468,77320785920,77309411328,11374592,77308203008,0
1787749394877998446,77320785920,77309411328,11374592,77309251584,0
1787749394904645907,77321826304,77309411328,12414976,77309243392,0
1787749394931330489,77321826304,77309411328,12414976,77309505536,0
1787749394958198105,77322612736,77309411328,13201408,77306097664,0
1787749394985556500,77318938624,77309411328,9527296,77306355712,0
1787749395012993816,77318934528,77309411328,9523200,77307400192,0
1787749395040005424,77319716864,77309411328,10305536,77307133952,0
1787749395066695916,77319979008,77309411328,10567680,77307396096,0
1787749395093723395,77320241152,77309411328,10829824,77307920384,0
1787749395121008078,77321285632,77309411328,11874304,77308702720,0
1787749395147573808,77321011200,77309411328,11599872,77308952576,0
1787749395174311442,77322059776,77309411328,12648448,77305282560,0
1787749395200783970,77318914048,77309411328,9502720,77306331136,0
1787749395227776498,77320478720,77309411328,11067392,77308157952,0
1787749395255444978,77321515008,77309411328,12103680,77309194240,0
1787749395282032329,77321498624,77309411328,12087296,77309702144,0
1787749395308924655,77322285056,77309411328,12873728,77305507840,0
1787749395335593907,77319401472,77309411328,9990144,77307080704,0
1787749395362716347,77319389184,77309411328,9977856,77307592704,0
1787749395390162403,77320437760,77309411328,11026432,77308116992,0
1787749395416747244,77321474048,77309411328,12062720,77308891136,0
1787749395443411616,77321474048,77309411328,12062720,77308891136,0
1787749395470035967,77322522624,77309411328,13111296,77305745408,0
1787749395497208268,77319639040,77309411328,10227712,77307056128,0
1787749395524704925,77320687616,77309411328,11276288,77308104704,0
1787749395551599111,77321732096,77309411328,12320768,77309149184,0
1787749395578343295,77322776576,77309411328,13365248,77305999360,0
1787749395604980036,77318316032,77309411328,8904704,77306257408,0
1787749395632119437,77319364608,77309411328,9953280,77307305984,0
1787749395659637944,77321719808,77309411328,12308480,77309136896,0
1787749395686440789,77322764288,77309411328,13352960,77306249216,0
1787749395713014699,77319610368,77309411328,10199040,77307027456,0
1787749395739636400,77320658944,77309411328,11247616,77308076032,0
1787749395766736140,77321707520,77309411328,12296192,77309386752,0
1787749395794330309,77323014144,77309411328,13602816,77307285504,0
1787749395821012511,77320126464,77309411328,10715136,77308067840,0
1787749395847598242,77320650752,77309411328,11239424,77308067840,0
1787749395874236923,77321433088,77309411328,12021760,77309374464,0
1787749395901341893,77321957376,77309411328,12546048,77309374464,0
1787749395929025904,77322743808,77309411328,13332480,77306228736,0
1787749395955621004,77318279168,77309411328,8867840,77305958400,0
1787749395982229085,77319852032,77309411328,10440704,77307269120,0
1787749396008965468,77320110080,77309411328,10698752,77307527168,0
1787749396036517937,77321158656,77309411328,11747328,77308575744,0
1787749396064633335,77323255808,77309411328,13844480,77306478592,0
1787749396091259136,77319577600,77309411328,10166272,77306994688,0
1787749396117815226,77320626176,77309411328,11214848,77308043264,0
1787749396144899356,77321936896,77309411328,12525568,77309353984,0
1787749396172273701,77322985472,77309411328,13574144,77306208256,0
1787749396199675656,77319839744,77309411328,10428416,77307518976,0
1787749396226239746,77320622080,77309411328,11210752,77308039168,0
1787749396252902308,77321932800,77309411328,12521472,77309349888,0
1787749396279739503,77322452992,77309411328,13041664,77305937920,0
1787749396307256811,77319307264,77309411328,9895936,77306986496,0
1787749396333923143,77320351744,77309411328,10940416,77307768832,0
1787749396360687437,77321400320,77309411328,11988992,77308817408,0
1787749396387395809,77322448896,77309411328,13037568,77305671680,0
1787749396414430048,77319303168,77309411328,9891840,77306720256,0
1787749396441710981,77320351744,77309411328,10940416,77308030976,0
1787749396468442714,77320867840,77309411328,11456512,77309071360,0
1787749396495075856,77322440704,77309411328,13029376,77306187776,0
1787749396521600155,77319032832,77309411328,9621504,77307236352,0
1787749396548614913,77320605696,77309411328,11194368,77308284928,0
1787749396575736134,77321916416,77309411328,12505088,77309333504,0
1787749396603148039,77323227136,77309411328,13815808,77307498496,0
1787749396629778890,77320589312,77309411328,11177984,77308006400,0
1787749396656436272,77321900032,77309411328,12488704,77309317120,0
1787749396683611164,77323997184,77309411328,14585856,77307219968,0
1787749396710731864,77321113600,77309411328,11702272,77308530688,0
1787749396738072898,77323206656,77309411328,13795328,77306691584,0
1787749396764616078,77320052736,77309411328,10641408,77307469824,0
1787749396791273120,77321101312,77309411328,11689984,77308780544,0
1787749396818280058,77322670080,77309411328,13258752,77306417152,0
1787749396845936248,77320310784,77309411328,10899456,77307727872,0
1787749396872664591,77321093120,77309411328,11681792,77309296640,0
1787749396899375144,77322403840,77309411328,12992512,77306413056,0
1787749396925948704,77320040448,77309411328,10629120,77307457536,0
1787749396952981483,77321089024,77309411328,11677696,77308506112,0
1787749396980460349,77321871360,77309411328,12460032,77309288448,0
1787749397007352646,77322403840,77309411328,12992512,77305626624,0
1787749397034109349,77319520256,77309411328,10108928,77306937344,0
1787749397060873473,77320568832,77309411328,11157504,77307985920,0
1787749397088365370,77321617408,77309411328,12206080,77309034496,0
1787749397115694064,77322399744,77309411328,12988416,77305622528,0
1787749397142316025,77319507968,77309411328,10096640,77306925056,0
1787749397168996337,77320556544,77309411328,11145216,77307973632,0
1787749397195608458,77321338880,77309411328,11927552,77308755968,0
1787749397222652207,77321338880,77309411328,11927552,77309018112,0
1787749397250374039,77322387456,77309411328,12976128,77306134528,0
1787749397276961719,77318975488,77309411328,9564160,77306392576,0
1787749397303771564,77319237632,77309411328,9826304,77307179008,0
1787749397330454456,77320015872,77309411328,10604544,77307432960,0
1787749397357426943,77320015872,77309411328,10604544,77307432960,0
1787749397384825529,77321064448,77309411328,11653120,77308481536,0
1787749397411471380,77321846784,77309411328,12435456,77309263872,0
1787749397438053151,77321846784,77309411328,12435456,77309263872,0
1787749397464681942,77321846784,77309411328,12435456,77309263872,0
1787749397491788532,77322895360,77309411328,13484032,77306118144,0
1787749397519280669,77319749632,77309411328,10338304,77307166720,0
1787749397545807538,77320265728,77309411328,10854400,77307682816,0
1787749397572461220,77320265728,77309411328,10854400,77307682816,0
1787749397599107452,77320265728,77309411328,10854400,77308207104,0
1787749397626054589,77321834496,77309411328,12423168,77309251584,0
1787749397653692098,77322883072,77309411328,13471744,77306105856,0
1787749397680322170,77319204864,77309411328,9793536,77306884096,0
1787749397706871400,77320253440,77309411328,10842112,77307670528,0
1787749397733562512,77321302016,77309411328,11890688,77308719104,0
1787749397760594391,77322350592,77309411328,12939264,77305573376,0
1787749397788172809,77319204864,77309411328,9793536,77306621952,0
1787749397814730659,77320499200,77309411328,11087872,77307916288,0
1787749397841409151,77320499200,77309411328,11087872,77308178432,0
1787749397868014812,77321535488,77309411328,12124160,77308952576,0
1787749397895188263,77322584064,77309411328,13172736,77305806848,0
1787749397922646290,77319434240,77309411328,10022912,77306851328,0
1787749397949248541,77320200192,77309411328,10788864,77307617280,0
1787749397975877962,77320441856,77309411328,11030528,77308645376,0
1787749398002438882,77321490432,77309411328,12079104,77308907520,0
1787749398029787386,77322010624,77309411328,12599296,77305757696,0
1787749398057240563,77318598656,77309411328,9187328,77306015744,0
1787749398084083058,77318582272,77309411328,9170944,77306785792,0
1787749398110635218,77319622656,77309411328,10211328,77307039744,0
1787749398137360661,77319618560,77309411328,10207232,77307035648,0
1787749398164775626,77321183232,77309411328,11771904,77308600320,0
1787749398192332085,77322231808,77309411328,12820480,77305454592,0
1787749398218881014,77318553600,77309411328,9142272,77305970688,0
1787749398245568867,77318549504,77309411328,9138176,77305966592,0
1787749398272228179,77318811648,77309411328,9400320,77307015168,0
1787749398299494162,77320646656,77309411328,11235328,77308063744,0
1787749398327120501,77321695232,77309411328,12283904,77309112320,0
1787749398353808653,77322731520,77309411328,13320192,77306740736,0
1787749398380483186,77319585792,77309411328,10174464,77307002880,0
1787749398407129077,77320634368,77309411328,11223040,77308575744,0
1787749398434262058,77321682944,77309411328,12271616,77309362176,0
1787749398461886487,77322993664,77309411328,13582336,77307002880,0
1787749398488522549,77320105984,77309411328,10694656,77307785216,0
1787749398515242541,77320630272,77309411328,11218944,77308571648,0
1787749398541863052,77321400320,77309411328,11988992,77308817408,0
1787749398569230687,77322448896,77309411328,13037568,77305671680,0
1787749398596491990,77319303168,77309411328,9891840,77306720256,0
1787749398623084721,77319036928,77309411328,9625600,77306716160,0
1787749398649735612,77320085504,77309411328,10674176,77307502592,0
1787749398676665989,77320601600,77309411328,11190272,77308018688,0
1787749398704113515,77320859648,77309411328,11448320,77308272640,0
1787749398731155474,77321375744,77309411328,11964416,77309054976,0
1787749398757687134,77321371648,77309411328,11960320,77308788736,0
1787749398784391536,77321109504,77309411328,11698176,77309313024,0
1787749398811343854,77321109504,77309411328,11698176,77308526592,0
1787749398838876852,77321363456,77309411328,11952128,77308776448,0
1787749398865480732,77321093120,77309411328,11681792,77308510208,0
1787749398892058812,77320044544,77309411328,10633216,77307461632,0
1787749398918630783,77320044544,77309411328,10633216,77307461632,0
1787749398945851805,77319778304,77309411328,10366976,77307195392,0
1787749398973274841,77320040448,77309411328,10629120,77307457536,0
1787749398999854101,77319774208,77309411328,10362880,77307191296,0
1787749399026706366,77319774208,77309411328,10362880,77307191296,0
1787749399053447500,77319774208,77309411328,10362880,77307977728,0
1787749399080452858,77320560640,77309411328,11149312,77308239872,0
1787749399108062657,77320822784,77309411328,11411456,77308239872,0
1787749399134609427,77320290304,77309411328,10878976,77307707392,0
1787749399161121206,77320290304,77309411328,10878976,77307707392,0
1787749399187582834,77320552448,77309411328,11141120,77307969536,0
1787749399214456240,77320552448,77309411328,11141120,77307969536,0
1787749399241806084,77320814592,77309411328,11403264,77309018112,0
1787749399268392405,77320810496,77309411328,11399168,77308227584,0
1787749399294851743,77320810496,77309411328,11399168,77308227584,0
1787749399321587266,77321859072,77309411328,12447744,77309276160,0
1787749399348507573,77322641408,77309411328,13230080,77305864192,0
1787749399375734945,77319495680,77309411328,10084352,77306912768,0
1787749399402239034,77320802304,77309411328,11390976,77308743680,0
1787749399428756803,77322375168,77309411328,12963840,77305597952,0
1787749399455298512,77319229440,77309411328,9818112,77306646528,0
1787749399482257300,77320278016,77309411328,10866688,77307695104,0
1787749399509593194,77321850880,77309411328,12439552,77309792256,0
1787749399536333517,77322891264,77309411328,13479936,77306114048,0
1787749399562963089,77320269824,77309411328,10858496,77308211200,0
1787749399589474278,77321838592,77309411328,12427264,77309517824,0
1787749399617020256,77323399168,77309411328,13987840,77306884096,0
1787749399644325229,77320773632,77309411328,11362304,77308190720,0
1787749399671074243,77321289728,77309411328,11878400,77308706816,0
1787749399697655893,77322338304,77309411328,12926976,77305561088,0
1787749399724306605,77319192576,77309411328,9781248,77306609664,0
1787749399751233482,77320241152,77309411328,10829824,77307658240,0
1787749399778674478,77321547776,77309411328,12136448,77308964864,0
1787749399805434621,77322330112,77309411328,12918784,77305552896,0
1787749399832000991,77318918144,77309411328,9506816,77306335232,0
1787749399858565992,77320228864,77309411328,10817536,77307645952,0
1787749399885540439,77320478720,77309411328,11067392,77308682240,0
1787749399913014826,77321265152,77309411328,11853824,77308944384,0
1787749399939729809,77322047488,77309411328,12636160,77305270272,0
1787749399966383910,77318377472,77309411328,8966144,77306580992,0
1787749399993003531,77319163904,77309411328,9752576,77306580992,0
1787749400019982659,77318897664,77309411328,9486336,77306839040,0
1787749400047351544,77319946240,77309411328,10534912,77307363328,0
1787749400074204969,77320728576,77309411328,11317248,77308145664,0
1787749400100899332,77322039296,77309411328,12627968,77305262080,0
1787749400127505713,77318631424,77309411328,9220096,77306310656,0
1787749400154474090,77319147520,77309411328,9736192,77306826752,0
1787749400181993058,77320720384,77309411328,11309056,77308661760,0
1787749400208549168,77321760768,77309411328,12349440,77309177856,0
1787749400235187829,77322809344,77309411328,13398016,77306032128,0
1787749400261784960,77319663616,77309411328,10252288,77307080704,0
1787749400288774858,77320712192,77309411328,11300864,77308129280,0
1787749400316145382,77321236480,77309411328,11825152,77309177856,0
1787749400342705882,77321490432,77309411328,12079104,77309693952,0
1787749400369426065,77322276864,77309411328,12865536,77305499648,0
1787749400395987005,77318344704,77309411328,8933376,77306286080,0
1787749400422998423,77319131136,77309411328,9719808,77307072512,0
1787749400450514991,77320179712,77309411328,10768384,77308645376,0
1787749400477142882,77320962048,77309411328,11550720,77308379136,0
1787749400503830705,77322010624,77309411328,12599296,77305233408,0
1787749400530383374,77318860800,77309411328,9449472,77306802176,0
1787749400557276310,77319380992,77309411328,9969664,77306798080,0
1787749400584701446,77319634944,77309411328,10223616,77307052032,0
1787749400611175295,77319368704,77309411328,9957376,77306785792,0
1787749400637683714,77319368704,77309411328,9957376,77306785792,0
1787749400664131652,77318578176,77309411328,9166848,77306519552,0
1787749400691044408,77318569984,77309411328,9158656,77305987072,0
1787749400718432943,77318569984,77309411328,9158656,77305987072,0
1787749400744970273,77316988928,77309411328,7577600,77308600320,0
1787749400771425381,77320921088,77309411328,11509760,77308600320,0
1787749400798070702,77320134656,77309411328,10723328,77307551744,0
1787749400825068020,77319610368,77309411328,10199040,77307551744,0
1787749400852353074,77319086080,77309411328,9674752,77306503168,0
1787749400878808552,77318295552,77309411328,8884224,77306236928,0
1787749400905223499,77317771264,77309411328,8359936,77309382656,0
1787749400931733128,77320916992,77309411328,11505664,77308334080,0
1787749400958995641,77319602176,77309411328,10190848,77307019264,0
1787749400986200603,77319602176,77309411328,10190848,77307019264,0
1787749401012766243,77319335936,77309411328,9924608,77306753024,0
1787749401039558787,77319335936,77309411328,9924608,77306753024,0
1787749401066511834,77319856128,77309411328,10444800,77307273216,0
1787749401094008291,77320118272,77309411328,10706944,77307535360,0
1787749401120629233,77319852032,77309411328,10440704,77307793408,0
1787749401147122101,77320638464,77309411328,11227136,77308317696,0
1787749401173647591,77320892416,77309411328,11481088,77308309504,0
1787749401200509906,77321150464,77309411328,11739136,77308567552,0
1787749401227995583,77321146368,77309411328,11735040,77309612032,0
1787749401254561793,77321662464,77309411328,12251136,77309079552,0
1787749401281039362,77321924608,77309411328,12513280,77309603840,0
1787749401307658273,77322174464,77309411328,12763136,77305921536,0
1787749401334851934,77319286784,77309411328,9875456,77306703872,0
1787749401362193169,77320069120,77309411328,10657792,77307748352,0
1787749401389061224,77321375744,77309411328,11964416,77308792832,0
1787749401415831948,77322424320,77309411328,13012992,77305647104,0
1787749401442261466,77319012352,77309411328,9601024,77306429440,0
1787749401469170002,77320060928,77309411328,10649600,77307478016,0
1787749401496263432,77321109504,77309411328,11698176,77308526592,0
1787749401523410343,77321105408,77309411328,11694080,77309046784,0
1787749401549857860,77321355264,77309411328,11943936,77309296640,0
1787749401576330679,77321609216,77309411328,12197888,77309550592,0
1787749401603242995,77321867264,77309411328,12455936,77309546496,0
1787749401630461557,77322129408,77309411328,12718080,77305352192,0
1787749401657639139,77318721536,77309411328,9310208,77306400768,0
1787749401684099747,77319241728,77309411328,9830400,77306658816,0
1787749401710656087,77320552448,77309411328,11141120,77307969536,0
1787749401737625864,77320544256,77309411328,11132928,77307957248,0
1787749401764675163,77321568256,77309411328,12156928,77308985344,0
1787749401791737432,77321568256,77309411328,12156928,77310033920,0
1787749401818362383,77322350592,77309411328,12939264,77305573376,0
1787749401844814561,77318156288,77309411328,8744960,77305573376,0
1787749401871718978,77318680576,77309411328,9269248,77306621952,0
1787749401899092733,77319204864,77309411328,9793536,77306621952,0
1787749401925540971,77319196672,77309411328,9785344,77307138048,0
1787749401952177362,77319720960,77309411328,10309632,77307138048,0
1787749401978823743,77319720960,77309411328,10309632,77307138048,0
1787749402005567367,77319720960,77309411328,10309632,77307138048,0
1787749402033078454,77320245248,77309411328,10833920,77308186624,0
1787749402059966580,77320769536,77309411328,11358208,77308186624,0
1787749402086695613,77320765440,77309411328,11354112,77308968960,0
1787749402113481988,77322072064,77309411328,12660736,77305294848,0
1787749402140339653,77317611520,77309411328,8200192,77309485056,0
1787749402167971493,77322846208,77309411328,13434880,77306068992,0
1787749402194710426,77318385664,77309411328,8974336,77306589184,0
1787749402221305316,77319434240,77309411328,10022912,77306851328,0
1787749402247923707,77319426048,77309411328,10014720,77306843136,0
1787749402274957306,77319942144,77309411328,10530816,77308145664,0
1787749402302459163,77320728576,77309411328,11317248,77308407808,0
1787749402329260468,77321510912,77309411328,12099584,77309190144,0
1787749402355865549,77321506816,77309411328,12095488,77308923904,0
1787749402382517070,77322289152,77309411328,12877824,77306036224,0
1787749402409527569,77318877184,77309411328,9465856,77306294272,0
1787749402437047476,77320187904,77309411328,10776576,77307604992,0
1787749402463736919,77320445952,77309411328,11034624,77308387328,0
1787749402490399450,77320704000,77309411328,11292672,77308121088,0
1787749402516961010,77320704000,77309411328,11292672,77308121088,0
1787749402544069890,77320704000,77309411328,11292672,77308907520,0
1787749402571560288,77321752576,77309411328,12341248,77309169664,0
1787749402598181989,77321486336,77309411328,12075008,77308903424,0
1787749402624876091,77321744384,77309411328,12333056,77309947904,0
1787749402651575604,77321998336,77309411328,12587008,77306007552,0
1787749402678471890,77317799936,77309411328,8388608,77309673472,0
1787749402706119620,77323042816,77309411328,13631488,77306265600,0
1787749402732725241,77318316032,77309411328,8904704,77305733120,0
1787749402760245028,77318316032,77309411328,8904704,77305733120,0
1787749402789187622,77320404992,77309411328,10993664,77307822080,0
1787749402816133439,77320396800,77309411328,10985472,77307813888,0
1787749402843530545,77320396800,77309411328,10985472,77307813888,0
1787749402870075274,77320130560,77309411328,10719232,77307547648,0
1787749402896649634,77320130560,77309411328,10719232,77307547648,0
1787749402923178944,77320126464,77309411328,10715136,77307543552,0
1787749402950138811,77320118272,77309411328,10706944,77307535360,0
1787749402977477325,77320118272,77309411328,10706944,77307535360,0
1787749403004149117,77318803456,77309411328,9392128,77306220544,0
1787749403030802749,77319065600,77309411328,9654272,77306482688,0
1787749403057569473,77318279168,77309411328,8867840,77305696256,0
1787749403084836486,77318279168,77309411328,8867840,77305696256,0
1787749403111923725,77317492736,77309411328,8081408,77309628416,0
1787749403138649649,77321416704,77309411328,12005376,77308833792,0
1787749403165273850,77320622080,77309411328,11210752,77307772928,0
1787749403192192726,77320355840,77309411328,10944512,77307772928,0
1787749403219553851,77319831552,77309411328,10420224,77307772928,0
1787749403246171062,77319041024,77309411328,9629696,77308030976,0
1787749403272674671,77320089600,77309411328,10678272,77309079552,0
1787749403299463985,77321662464,77309411328,12251136,77308555264,0
1787749403326780129,77320347648,77309411328,10936320,77308813312,0
1787749403353868979,77321129984,77309411328,11718656,77308547072,0
1787749403380543411,77321654272,77309411328,12242944,77309071360,0
1787749403407124881,77321650176,77309411328,12238848,77309591552,0
1787749403433720742,77322436608,77309411328,13025280,77306707968,0
1787749403460717440,77319286784,77309411328,9875456,77306703872,0
1787749403488462711,77320335360,77309411328,10924032,77307752448,0
1787749403515038652,77320859648,77309411328,11448320,77308801024,0
1787749403541804275,77320855552,77309411328,11444224,77308534784,0
1787749403568358605,77320851456,77309411328,11440128,77308268544,0
1787749403595356733,77320851456,77309411328,11440128,77308530688,0
1787749403622884791,77321113600,77309411328,11702272,77308530688,0
1787749403649481902,77320847360,77309411328,11436032,77308264448,0
1787749403676042012,77320847360,77309411328,11436032,77308264448,0
1787749403702687423,77320847360,77309411328,11436032,77308264448,0
1787749403729681231,77320847360,77309411328,11436032,77308264448,0
1787749403757172678,77320835072,77309411328,11423744,77309300736,0
1787749403783847850,77321609216,77309411328,12197888,77309026304,0
1787749403810471451,77321342976,77309411328,11931648,77308760064,0
1787749403837093032,77321342976,77309411328,11931648,77309284352,0
1787749403864323305,77322915840,77309411328,13504512,77307187200,0
1787749403891768101,77320818688,77309411328,11407360,77308235776,0
1787749403918413633,77321601024,77309411328,12189696,77309018112,0
1787749403944929852,77321601024,77309411328,12189696,77309018112,0
1787749403971655825,77322649600,77309411328,13238272,77306920960,0
1787749403999363896,77320286208,77309411328,10874880,77307703296,0
1787749404026304103,77321588736,77309411328,12177408,77309005824,0
1787749404053065037,77322633216,77309411328,13221888,77306904576,0
1787749404079613616,77320273920,77309411328,10862592,77307953152,0
1787749404106786127,77320536064,77309411328,11124736,77308739584,0
1787749404134180733,77322108928,77309411328,12697600,77306904576,0
1787749404160815764,77319483392,77309411328,10072064,77307686912,0
1787749404187430965,77320003584,77309411328,10592256,77307944960,0
1787749404213960265,77321052160,77309411328,11640832,77308469248,0
1787749404240901981,77322358784,77309411328,12947456,77306630144,0
1787749404268434829,77320261632,77309411328,10850304,77307678720,0
1787749404294997359,77321043968,77309411328,11632640,77308461056,0
1787749404321761023,77322354688,77309411328,12943360,77306626048,0
1787749404348295593,77319991296,77309411328,10579968,77307408384,0
1787749404375286170,77320769536,77309411328,11358208,77308710912,0
1787749404402535773,77321289728,77309411328,11878400,77308968960,0
1787749404429252746,77322072064,77309411328,12660736,77306343424,0
1787749404455789555,77319188480,77309411328,9777152,77307129856,0
1787749404482547409,77320237056,77309411328,10825728,77307654144,0
1787749404509528227,77321543680,77309411328,12132352,77308960768,0
1787749404537086975,77322592256,77309411328,13180928,77306863616,0
1787749404563766507,77319176192,77309411328,9764864,77306855424,0
1787749404590391118,77319438336,77309411328,10027008,77307641856,0
1787749404617065060,77320224768,77309411328,10813440,77307641856,0
1787749404645747220,77320224768,77309411328,10813440,77307641856,0
1787749404674860717,77322321920,77309411328,12910592,77306593280,0
1787749404701455977,77319163904,77309411328,9752576,77307105280,0
1787749404727992597,77319426048,77309411328,10014720,77307367424,0
1787749404754646758,77319684096,77309411328,10272768,77307625472,0
1787749404781789429,77320204288,77309411328,10792960,77307621376,0
1787749404809493070,77320204288,77309411328,10792960,77307621376,0
1787749404836111191,77319938048,77309411328,10526720,77307355136,0
1787749404862651011,77319938048,77309411328,10526720,77307355136,0
1787749404889784241,77319933952,77309411328,10522624,77307351040,0
1787749404917249358,77320716288,77309411328,11304960,77308133376,0
1787749404944032432,77320978432,77309411328,11567104,77308919808,0
1787749404970715084,77322285056,77309411328,12873728,77306556416,0
1787749404997323075,77319401472,77309411328,9990144,77306818560,0
1787749405024511326,77319401472,77309411328,9990144,77307604992,0
1787749405052041254,77321236480,77309411328,11825152,77308915712,0
1787749405078734827,77321756672,77309411328,12345344,77309698048,0
1787749405105386068,77322280960,77309411328,12869632,77307338752,0
1787749405131894667,77320699904,77309411328,11288576,77308116992,0
1787749405158987207,77321740288,77309411328,12328960,77309157376,0
1787749405186448434,77322784768,77309411328,13373440,77307318272,0
1787749405213238778,77320421376,77309411328,11010048,77308100608,0
1787749405239755757,77321469952,77309411328,12058624,77308887040,0
1787749405266338867,77323042816,77309411328,13631488,77307314176,0
1787749405293365396,77320941568,77309411328,11530240,77308358656,0
1787749405320853263,77321723904,77309411328,12312576,77310189568,0
1787749405347487514,77323554816,77309411328,14143488,77307826176,0
1787749405374061475,77321457664,77309411328,12046336,77308874752,0
1787749405400729486,77322506240,77309411328,13094912,77306777600,0
1787749405427652173,77320671232,77309411328,11259904,77308088320,0
1787749405455154621,77322768384,77309411328,13357056,77307039744,0
1787749405481678450,77320138752,77309411328,10727424,77307555840,0
1787749405508256110,77321187328,77309411328,11776000,77309390848,0
1787749405534772449,77323546624,77309411328,14135296,77307817984,0
1787749405562216105,77321449472,77309411328,12038144,77309128704,0
1787749405589594400,77323546624,77309411328,14135296,77307817984,0
1787749405616296543,77321183232,77309411328,11771904,77309386752,0
1787749405642883963,77322752000,77309411328,13340672,77307285504,0
1787749405669773999,77321179136,77309411328,11767808,77308596224,0
1787749405697541792,77322489856,77309411328,13078528,77307547648,0
1787749405724378387,77321179136,77309411328,11767808,77308596224,0
1787749405751060139,77321961472,77309411328,12550144,77309378560,0
1787749405777832893,77323272192,77309411328,13860864,77307543552,0
1787749405804820311,77321175040,77309411328,11763712,77308592128,0
1787749405832479021,77322223616,77309411328,12812288,77306494976,0
1787749405859071101,77319593984,77309411328,10182656,77307011072,0
1787749405885605241,77319856128,77309411328,10444800,77307797504,0
1787749405912257433,77320900608,77309411328,11489280,77308317696,0
1787749405939192019,77320900608,77309411328,11489280,77308317696,0
1787749405966645416,77321945088,77309411328,12533760,77309624320,0
1787749405993313958,77321674752,77309411328,12263424,77309091840,0
1787749406020188033,77321932800,77309411328,12521472,77309349888,0
1787749406046964307,77321932800,77309411328,12521472,77309349888,0
1787749406073988316,77321932800,77309411328,12521472,77309349888,0
1787749406101256179,77322981376,77309411328,13570048,77307252736,0
1787749406127846419,77319569408,77309411328,10158080,77306986496,0
1787749406154427640,77319569408,77309411328,10158080,77306986496,0
1787749406181109562,77319831552,77309411328,10420224,77307248640,0
1787749406208058289,77320351744,77309411328,10940416,77308030976,0
1787749406235521346,77321662464,77309411328,12251136,77309079552,0
1787749406262239758,77322182656,77309411328,12771328,77306716160,0
1787749406288817549,77319823360,77309411328,10412032,77308026880,0
1787749406315679744,77320609792,77309411328,11198464,77308813312,0
1787749406342669212,77321392128,77309411328,11980800,77308809216,0
1787749406370044337,77322440704,77309411328,13029376,77306712064,0
1787749406396703129,77320339456,77309411328,10928128,77307756544,0
1787749406423535744,77320339456,77309411328,10928128,77308542976,0
1787749406450724215,77321388032,77309411328,11976704,77309067264,0
1787749406477926287,77322436608,77309411328,13025280,77307494400,0
1787749406505380134,77320339456,77309411328,10928128,77308805120,0
1787749406531981054,77320855552,77309411328,11444224,77308796928,0
1787749406558531114,77321904128,77309411328,12492800,77309321216,0
1787749406585665335,77322952704,77309411328,13541376,77307224064,0
1787749406613234103,77320855552,77309411328,11444224,77308534784,0
1787749406639797643,77321637888,77309411328,12226560,77309054976,0
1787749406666403484,77322948608,77309411328,13537280,77307219968,0
1787749406693023915,77319802880,77309411328,10391552,77307482112,0
1787749406719950942,77320323072,77309411328,10911744,77308264448,0
1787749406747546931,77320847360,77309411328,11436032,77308264448,0
1787749406774129761,77320314880,77309411328,10903552,77307731968,0
1787749406800660831,77320577024,77309411328,11165696,77307994112,0
1787749406827295762,77320835072,77309411328,11423744,77308252160,0
1787749406854174268,77320830976,77309411328,11419648,77308248064,0
1787749406881574263,77320830976,77309411328,11419648,77308248064,0
1787749406908277376,77320564736,77309411328,11153408,77307981824,0
1787749406934797535,77320822784,77309411328,11411456,77308239872,0
1787749406961349865,77320818688,77309411328,11407360,77308235776,0
1787749406988444355,77320818688,77309411328,11407360,77308497920,0
1787749407016008653,77321076736,77309411328,11665408,77308493824,0
1787749407042778767,77321068544,77309411328,11657216,77308485632,0
1787749407069538751,77321068544,77309411328,11657216,77308747776,0
1787749407096130811,77321068544,77309411328,11657216,77309272064,0
1787749407123398324,77322117120,77309411328,12705792,77306388480,0
1787749407150833470,77318967296,77309411328,9555968,77307432960,0
1787749407177712076,77319749632,77309411328,10338304,77307166720,0
1787749407204419309,77319749632,77309411328,10338304,77307166720,0
1787749407231222423,77319749632,77309411328,10338304,77307691008,0
1787749407258924484,77321060352,77309411328,11649024,77308477440,0
1787749407285547355,77320794112,77309411328,11382784,77308211200,0
1787749407312396810,77321052160,77309411328,11640832,77308469248,0
1787749407338959180,77321834496,77309411328,12423168,77309251584,0
1787749407366109301,77323399168,77309411328,13987840,77307670528,0
1787749407393518997,77321297920,77309411328,11886592,77309763584,0
1787749407420190779,77323124736,77309411328,13713408,77307396096,0
1787749407446842181,77321547776,77309411328,12136448,77308964864,0
1787749407473480352,77322592256,77309411328,13180928,77307125760,0
1787749407500463480,77321019392,77309411328,11608064,77309222912,0
1787749407528040988,77322854400,77309411328,13443072,77307125760,0
1787749407554636349,77320224768,77309411328,10813440,77308166144,0
1787749407581294631,77321773056,77309411328,12361728,77309976576,0
1787749407607850551,77322809344,77309411328,13398016,77307080704,0
1787749407634883339,77320712192,77309411328,11300864,77308129280,0
1787749407662316195,77321760768,77309411328,12349440,77309964288,0
1787749407689017958,77322543104,77309411328,13131776,77307338752,0
1787749407715561797,77319655424,77309411328,10244096,77307072512,0
1787749407742114927,77319655424,77309411328,10244096,77307072512,0
1787749407769109995,77319131136,77309411328,9719808,77307072512,0
1787749407796553031,77319655424,77309411328,10244096,77307072512,0
1787749407823345196,77319393280,77309411328,9981952,77306806272,0
1787749407849868225,77318340608,77309411328,8929280,77309689856,0
1787749407876499146,77321486336,77309411328,12075008,77308903424,0
1787749407903658137,77322010624,77309411328,12599296,77307330560,0
1787749407931201845,77319909376,77309411328,10498048,77307326464,0
1787749407957776626,77319643136,77309411328,10231808,77307060224,0
1787749407984451018,77318594560,77309411328,9183232,77309157376,0
1787749408011079049,77320953856,77309411328,11542528,77309157376,0
1787749408038215469,77321740288,77309411328,12328960,77309419520,0
1787749408065763328,77323046912,77309411328,13635584,77308366848,0
1787749408092487960,77321732096,77309411328,12320768,77309935616,0
1787749408119170913,77322776576,77309411328,13365248,77308882944,0
1787749408145898336,77322768384,77309411328,13357056,77308088320,0
1787749408173138458,77321719808,77309411328,12308480,77309136896,0
1787749408200682346,77322768384,77309411328,13357056,77309136896,0
1787749408227320338,77321453568,77309411328,12042240,77308870656,0
1787749408253899398,77322240000,77309411328,12828672,77307822080,0
1787749408280692562,77320667136,77309411328,11255808,77308084224,0
1787749408308544816,77321449472,77309411328,12038144,77308866560,0
1787749408335553154,77321445376,77309411328,12034048,77309386752,0
1787749408362219956,77322231808,77309411328,12820480,77307551744,0
1787749408388945789,77320134656,77309411328,10723328,77308338176,0
1787749408416011328,77321445376,77309411328,12034048,77308862464,0
1787749408443758470,77322493952,77309411328,13082624,77307813888,0
1787749408470384471,77320392704,77309411328,10981376,77308596224,0
1787749408497041513,77321437184,77309411328,12025856,77308854272,0
1787749408523735286,77321437184,77309411328,12025856,77308854272,0
1787749408550743254,77321170944,77309411328,11759616,77309374464,0
1787749408578345023,77322481664,77309411328,13070336,77307801600,0
1787749408604990934,77320904704,77309411328,11493376,77308583936,0
1787749408631542554,77321166848,77309411328,11755520,77308583936,0
1787749408658186936,77321428992,77309411328,12017664,77308846080,0
1787749408685122633,77321953280,77309411328,12541952,77309894656,0
1787749408712548959,77322477568,77309411328,13066240,77307797504,0
1787749408739253931,77319847936,77309411328,10436608,77308313600,0
1787749408765770660,77320110080,77309411328,10698752,77308313600,0
1787749408792446512,77320634368,77309411328,11223040,77308313600,0
1787749408819505562,77320896512,77309411328,11485184,77308313600,0
1787749408846989758,77320896512,77309411328,11485184,77308313600,0
1787749408873679791,77320630272,77309411328,11218944,77308047360,0
1787749408900410994,77320630272,77309411328,11218944,77308047360,0
1787749408927013935,77320364032,77309411328,10952704,77307781120,0
1787749408954104514,77320364032,77309411328,10952704,77307781120,0
1787749408981553511,77321412608,77309411328,12001280,77308829696,0
1787749409008312454,77321146368,77309411328,11735040,77308563456,0
1787749409035228271,77321146368,77309411328,11735040,77308563456,0
1787749409062086396,77321146368,77309411328,11735040,77308563456,0
1787749409089776327,77321408512,77309411328,11997184,77309874176,0
1787749409116453009,77322186752,77309411328,12775424,77307506688,0
1787749409143022669,77321138176,77309411328,11726848,77308555264,0
1787749409169612630,77321138176,77309411328,11726848,77308555264,0
1787749409196718690,77322174464,77309411328,12763136,77307494400,0
1787749409224302839,77320601600,77309411328,11190272,77308542976,0
1787749409251085093,77321117696,77309411328,11706368,77308534784,0
1787749409277620722,77321900032,77309411328,12488704,77309317120,0
1787749409304529089,77321900032,77309411328,12488704,77309317120,0
1787749409331557927,77322682368,77309411328,13271040,77308002304,0
1787749409358707988,77321633792,77309411328,12222464,77309050880,0
1787749409385422371,77322416128,77309411328,13004800,77307736064,0
1787749409412019681,77322153984,77309411328,12742656,77307998208,0
1787749409438674303,77321629696,77309411328,12218368,77309046784,0
1787749409465678241,77322940416,77309411328,13529088,77308260352,0
1787749409493278040,77323460608,77309411328,14049280,77308780544,0
1787749409519810220,77322137600,77309411328,12726272,77307457536,0
1787749409546428041,77321089024,77309411328,11677696,77309030400,0
1787749409573004621,77322399744,77309411328,12988416,77308506112,0
1787749409600030750,77321351168,77309411328,11939840,77309554688,0
1787749409627488316,77323710464,77309411328,14299136,77309030400,0
1787749409654207779,77322387456,77309411328,12976128,77307969536,0
1787749409680708208,77321072640,77309411328,11661312,77308489728,0
1787749409707244337,77321072640,77309411328,11661312,77308489728,0
1787749409734280276,77321072640,77309411328,11661312,77308489728,0
1787749409761772643,77321072640,77309411328,11661312,77309538304,0
1787749409788444855,77320806400,77309411328,11395072,77308747776,0
1787749409814978775,77321060352,77309411328,11649024,77308477440,0
1787749409841511444,77321060352,77309411328,11649024,77308477440,0
1787749409868555063,77321060352,77309411328,11649024,77308477440,0
1787749409895936548,77321322496,77309411328,11911168,77308739584,0
1787749409922471848,77321056256,77309411328,11644928,77308997632,0
1787749409949158540,77321056256,77309411328,11644928,77309259776,0
1787749409975736900,77321318400,77309411328,11907072,77309521920,0
1787749410002954732,77321842688,77309411328,12431360,77309521920,0
1787749410030362508,77322887168,77309411328,13475840,77308207104,0
1787749410057470788,77322362880,77309411328,12951552,77308469248,0
1787749410084487146,77322092544,77309411328,12681216,77307936768,0
1787749410111630927,77321826304,77309411328,12414976,77309243392,0
1787749410139110214,77323657216,77309411328,14245888,77309239296,0
1787749410165941799,77323128832,77309411328,13717504,77308710912,0
1787749410192808904,77322866688,77309411328,13455360,77308710912,0
1787749410219538167,77322076160,77309411328,12664832,77307396096,0
1787749410246713899,77321027584,77309411328,11616256,77308444672,0
1787749410274021812,77322334208,77309411328,12922880,77308440576,0
1787749410300814697,77321285632,77309411328,11874304,77309227008,0
1787749410327582390,77322838016,77309411328,13426688,77308682240,0
1787749410354156471,77321519104,77309411328,12107776,77308936192,0
1787749410381296011,77322567680,77309411328,13156352,77307887616,0
1787749410408526444,77321510912,77309411328,12099584,77309190144,0
1787749410435186755,77322293248,77309411328,12881920,77307613184,0
1787749410461816197,77321244672,77309411328,11833344,77308661760,0
1787749410488502509,77322555392,77309411328,13144064,77307875328,0
1787749410515457886,77320458240,77309411328,11046912,77307875328,0
1787749410542997254,77320720384,77309411328,11309056,77308923904,0
1787749410569547504,77321236480,77309411328,11825152,77308653568,0
1787749410596214386,77321236480,77309411328,11825152,77308653568,0
1787749410622715755,77320712192,77309411328,11300864,77308915712,0
1787749410649735823,77320704000,77309411328,11292672,77308645376,0
1787749410677263731,77320957952,77309411328,11546624,77309423616,0
1787749410703928003,77320691712,77309411328,11280384,77308633088,0
1787749410730467142,77320691712,77309411328,11280384,77308108800,0
1787749410757135344,77320687616,77309411328,11276288,77308104704,0
1787749410784129772,77320413184,77309411328,11001856,77307830272,0
1787749410811617799,77320671232,77309411328,11259904,77308088320,0
1787749410838293141,77320404992,77309411328,10993664,77307822080,0
1787749410864870172,77319614464,77309411328,10203136,77307555840,0
1787749410891464032,77319614464,77309411328,10203136,77307031552,0
1787749410918957619,77319352320,77309411328,9940992,77307031552,0
1787749410946352765,77318828032,77309411328,9416704,77310177280,0
1787749410972944425,77321179136,77309411328,11767808,77308596224,0
1787749410999584067,77320654848,77309411328,11243520,77308858368,0
1787749411026519183,77321699328,77309411328,12288000,77309116416,0
1787749411053813807,77322735616,77309411328,13324288,77308055552,0
1787749411081178222,77322211328,77309411328,12800000,77308055552,0
1787749411107684891,77321420800,77309411328,12009472,77308837888,0
1787749411134373663,77322727424,77309411328,13316096,77308047360,0
1787749411161370331,77321412608,77309411328,12001280,77308829696,0
1787749411188873128,77322461184,77309411328,13049856,77308043264,0
1787749411215496179,77321146368,77309411328,11735040,77308563456,0
1787749411242093570,77321146368,77309411328,11735040,77308825600,0
1787749411268771332,77322448896,77309411328,13037568,77307768832,0
1787749411295786991,77320347648,77309411328,10936320,77308026880,0
1787749411323308178,77321392128,77309411328,11980800,77309857792,0
1787749411349942949,77322174464,77309411328,12763136,77308280832,0
1787749411376630422,77322174464,77309411328,12763136,77307494400,0
1787749411403185782,77320859648,77309411328,11448320,77308276736,0
1787749411430138859,77321908224,77309411328,12496896,77309325312,0
1787749411457584435,77323481088,77309411328,14069760,77309325312,0
1787749411484208206,77322690560,77309411328,13279232,77308010496,0
1787749411510747156,77321641984,77309411328,12230656,77309059072,0
1787749411537301236,77322690560,77309411328,13279232,77308010496,0
1787749411564246953,77321641984,77309411328,12230656,77309059072,0
1787749411591622408,77322424320,77309411328,13012992,77307744256,0
1787749411618207188,77321109504,77309411328,11698176,77308526592,0
1787749411644648776,77321895936,77309411328,12484608,77309575168,0
1787749411671168575,77322158080,77309411328,12746752,77307740160,0
1787749411697977939,77321109504,77309411328,11698176,77308526592,0
1787749411725467707,77322158080,77309411328,12746752,77308264448,0
1787749411752079548,77320577024,77309411328,11165696,77308780544,0
1787749411778593147,77321883648,77309411328,12472320,77309562880,0
1787749411805163067,77322919936,77309411328,13508608,77308239872,0
1787749411832196325,77322129408,77309411328,12718080,77307449344,0
1787749411859680572,77321080832,77309411328,11669504,77309284352,0
1787749411886263263,77321596928,77309411328,12185600,77309276160,0
1787749411912798872,77322645504,77309411328,13234176,77307965440,0
1787749411939460754,77321596928,77309411328,12185600,77309014016,0
1787749411966501533,77322645504,77309411328,13234176,77307965440,0
1787749411994032051,77321596928,77309411328,12185600,77307179008,0
1787749412020679892,77320544256,77309411328,11132928,77308223488,0
1787749412047602969,77321330688,77309411328,11919360,77308223488,0
1787749412074335432,77320540160,77309411328,11128832,77307432960,0
1787749412101837129,77320278016,77309411328,10866688,77308481536,0
1787749412129421188,77321064448,77309411328,11653120,77308481536,0
1787749412156041569,77320798208,77309411328,11386880,77308477440,0
1787749412182660400,77321060352,77309411328,11649024,77309263872,0
1787749412209557746,77321846784,77309411328,12435456,77309788160,0
1787749412237256857,77322371072,77309411328,12959744,77307691008,0
1787749412264057152,77320790016,77309411328,11378688,77308207104,0
1787749412290663263,77320790016,77309411328,11378688,77308207104,0
1787749412317387476,77320785920,77309411328,11374592,77308465152,0
1787749412344347303,77321572352,77309411328,12161024,77309251584,0
1787749412371769779,77322883072,77309411328,13471744,77308727296,0
1787749412398561203,77322092544,77309411328,12681216,77307412480,0
1787749412425205084,77321306112,77309411328,11894784,77309247488,0
1787749412451899657,77323141120,77309411328,13729792,77308723200,0
1787749412478925905,77322342400,77309411328,12931072,77307662336,0
1787749412506484534,77321293824,77309411328,11882496,77309759488,0
1787749412533304828,77323386880,77309411328,13975552,77308706816,0
1787749412559930210,77322334208,77309411328,12922880,77307654144,0
1787749412586469059,77321285632,77309411328,11874304,77308702720,0
1787749412613595970,77322592256,77309411328,13180928,77307912192,0
1787749412641018465,77321273344,77309411328,11862016,77308952576,0
1787749412667716058,77322043392,77309411328,12632064,77307625472,0
1787749412694290678,77320208384,77309411328,10797056,77307625472,0
1787749412720868178,77320208384,77309411328,10797056,77307625472,0
1787749412747846766,77319159808,77309411328,9748480,77309460480,0
1787749412775261102,77322825728,77309411328,13414400,77308145664,0
1787749412801754180,77320708096,77309411328,11296768,77308125184,0
1787749412828334281,77320970240,77309411328,11558912,77308387328,0
1787749412854872870,77320970240,77309411328,11558912,77308387328,0
1787749412881780387,77320962048,77309411328,11550720,77308903424,0
1787749412909545459,77322252288,77309411328,12840960,77307572224,0
1787749412936328943,77320413184,77309411328,11001856,77308354560,0
1787749412962951014,77320937472,77309411328,11526144,77308354560,0
1787749412989465163,77320671232,77309411328,11259904,77308088320,0
1787749413016530852,77321719808,77309411328,12308480,77309136896,0
1787749413044026960,77323030528,77309411328,13619200,77309136896,0
1787749413070627230,77321711616,77309411328,12300288,77309915136,0
1787749413097329163,77322760192,77309411328,13348864,77308080128,0
1787749413123786631,77321711616,77309411328,12300288,77309128704,0
1787749413151240477,77322760192,77309411328,13348864,77308080128,0
1787749413178769415,77321711616,77309411328,12300288,77309128704,0
1787749413205402796,77322489856,77309411328,13078528,77307809792,0
1787749413232065238,77321965568,77309411328,12554240,77309382656,0
1787749413259132938,77322227712,77309411328,12816384,77308334080,0
1787749413286541183,77321703424,77309411328,12292096,77309644800,0
1787749413313867367,77322489856,77309411328,13078528,77308596224,0
1787749413340553179,77321961472,77309411328,12550144,77309378560,0
1787749413367174640,77321953280,77309411328,12541952,77310156800,0
1787749413394214619,77322739712,77309411328,13328384,77308059648,0
1787749413421749057,77321949184,77309411328,12537856,77310152704,0
1787749413448452750,77322993664,77309411328,13582336,77308313600,0
1787749413475079771,77321158656,77309411328,11747328,77309362176,0
1787749413501615860,77321945088,77309411328,12533760,77309362176,0
1787749413528762261,77322993664,77309411328,13582336,77308313600,0
1787749413556287999,77321945088,77309411328,12533760,77309624320,0
1787749413583012172,77322461184,77309411328,13049856,77307781120,0
1787749413609540601,77321412608,77309411328,12001280,77308829696,0
1787749413636143892,77322723328,77309411328,13312000,77308043264,0
1787749413663153310,77321674752,77309411328,12263424,77309091840,0
1787749413690635207,77322461184,77309411328,13049856,77307781120,0
1787749413717334260,77321146368,77309411328,11735040,77308563456,0
1787749413743886000,77321404416,77309411328,11993088,77309345792,0
1787749413770515731,77321928704,77309411328,12517376,77309345792,0
1787749413797574820,77322977280,77309411328,13565952,77308297216,0
1787749413825116268,77322186752,77309411328,12775424,77307502592,0
1787749413851688158,77319815168,77309411328,10403840,77309329408,0
1787749413878330500,77321908224,77309411328,12496896,77309849600,0
1787749413904969051,77321908224,77309411328,12496896,77310373888,0
1787749413931978349,77322428416,77309411328,13017088,77308010496,0
1787749413959594379,77320593408,77309411328,11182080,77308272640,0
1787749413986303681,77321375744,77309411328,11964416,77308792832,0
1787749414013043135,77321375744,77309411328,11964416,77308792832,0
1787749414039863269,77321900032,77309411328,12488704,77309841408,0
1787749414066924638,77322424320,77309411328,13012992,77307744256,0
1787749414094114780,77321375744,77309411328,11964416,77308792832,0
1787749414120790522,77321367552,77309411328,11956224,77309308928,0
1787749414147489135,77322149888,77309411328,12738560,77307994112,0
1787749414174192337,77321363456,77309411328,11952128,77309566976,0
1787749414201465480,77322149888,77309411328,12738560,77307994112,0
1787749414228876076,77321093120,77309411328,11681792,77309296640,0
1787749414255602219,77321875456,77309411328,12464128,77309292544,0
1787749414282212400,77321875456,77309411328,12464128,77309292544,0
1787749414308996084,77321609216,77309411328,12197888,77309288448,0
1787749414336765406,77322657792,77309411328,13246464,77307977728,0
1787749414363588581,77321080832,77309411328,11669504,77308760064,0
1787749414390363365,77321342976,77309411328,11931648,77308760064,0
1787749414416967235,77321342976,77309411328,11931648,77308760064,0
1787749414444095386,77321867264,77309411328,12455936,77309808640,0
1787749414471684825,77322391552,77309411328,12980224,77307711488,0
1787749414498400758,77320810496,77309411328,11399168,77308227584,0
1787749414525114710,77321072640,77309411328,11661312,77308747776,0
1787749414551727391,77321592832,77309411328,12181504,77309534208,0
1787749414578814051,77322371072,77309411328,12959744,77307691008,0
1787749414606254397,77320273920,77309411328,10862592,77307691008,0
1787749414632865308,77319995392,77309411328,10584064,77307412480,0
1787749414659604771,77319995392,77309411328,10584064,77307412480,0
1787749414686214372,77319725056,77309411328,10313728,77309239296,0
1787749414713250441,77321822208,77309411328,12410880,77309239296,0
1787749414740789899,77321814016,77309411328,12402688,77309231104,0
1787749414767397279,77321547776,77309411328,12136448,77308964864,0
1787749414794037531,77321547776,77309411328,12136448,77308964864,0
1787749414820589851,77321543680,77309411328,12132352,77308960768,0
1787749414847513577,77320753152,77309411328,11341824,77308956672,0
1787749414874880702,77321535488,77309411328,12124160,77308952576,0
1787749414901504643,77321269248,77309411328,11857920,77308686336,0
1787749414927979452,77321003008,77309411328,11591680,77309206528,0
1787749414954429869,77321789440,77309411328,12378112,77309468672,0
1787749414981470358,77322313728,77309411328,12902400,77308420096,0
1787749415008887904,77322051584,77309411328,12640256,77307371520,0
1787749415035754890,77320736768,77309411328,11325440,77308153856,0
1787749415062320780,77321785344,77309411328,12374016,77309202432,0
1787749415088834679,77321785344,77309411328,12374016,77309988864,0
1787749415115838407,77322833920,77309411328,13422592,77308153856,0
1787749415143605869,77321519104,77309411328,12107776,77309984768,0
1787749415170251231,77322031104,77309411328,12619776,77308399616,0
1787749415196705749,77320982528,77309411328,11571200,77309186048,0
1787749415223330660,77322031104,77309411328,12619776,77307875328,0
1787749415250248246,77320712192,77309411328,11300864,77308653568,0
1787749415278040289,77322280960,77309411328,12869632,77308387328,0
1787749415304845323,77321486336,77309411328,12075008,77308903424,0
1787749415331423954,77322530816,77309411328,13119488,77307850752,0
1787749415357986934,77320425472,77309411328,11014144,77308628992,0
1787749415384900310,77321453568,77309411328,12042240,77308870656,0
1787749415412637112,77322502144,77309411328,13090816,77308870656,0
1787749415439170341,77321969664,77309411328,12558336,77309386752,0
1787749415465679240,77323280384,77309411328,13869056,77308600320,0
1787749415492366983,77322227712,77309411328,12816384,77307547648,0
1787749415519473773,77321175040,77309411328,11763712,77309378560,0
1787749415547399088,77322223616,77309411328,12812288,77308592128,0
1787749415574017599,77320376320,77309411328,10964992,77308055552,0
1787749415600586299,77321424896,77309411328,12013568,77308841984,0
1787749415627206340,77321424896,77309411328,12013568,77308841984,0
1787749415654483653,77322473472,77309411328,13062144,77307793408,0
1787749415682041521,77320900608,77309411328,11489280,77308841984,0
1787749415708493079,77320626176,77309411328,11214848,77308043264,0
1787749415735058459,77320888320,77309411328,11476992,77309091840,0
1787749415761918445,77321412608,77309411328,12001280,77309091840,0
1787749415789667037,77321674752,77309411328,12263424,77309091840,0
1787749415816252547,77321404416,77309411328,11993088,77308821504,0
1787749415842720265,77320355840,77309411328,10944512,77307772928,0
1787749415869298776,77320093696,77309411328,10682368,77307772928,0
1787749415896121770,77319307264,77309411328,9895936,77308821504,0
1787749415924004245,77321404416,77309411328,11993088,77308821504,0
1787749415950446853,77319557120,77309411328,10145792,77309595648,0
1787749415977009553,77321654272,77309411328,12242944,77309071360,0
1787749416003546782,77320605696,77309411328,11194368,77308022784,0
1787749416030506519,77320081408,77309411328,10670080,77308022784,0
1787749416058428604,77320605696,77309411328,11194368,77309071360,0
1787749416084886872,77319806976,77309411328,10395648,77309845504,0
1787749416111348251,77321904128,77309411328,12492800,77309321216,0
1787749416138018213,77321641984,77309411328,12230656,77309321216,0
1787749416164897328,77320855552,77309411328,11444224,77308534784,0
1787749416192573409,77321379840,77309411328,11968512,77309321216,0
1787749416219104768,77321371648,77309411328,11960320,77308788736,0
1787749416245657298,77321629696,77309411328,12218368,77309046784,0
1787749416272161777,77321629696,77309411328,12218368,77309308928,0
1787749416299078644,77321891840,77309411328,12480512,77310095360,0
1787749416326702073,77323726848,77309411328,14315520,77309046784,0
1787749416353204982,77321879552,77309411328,12468224,77309296640,0
1787749416379813273,77323186176,77309411328,13774848,77309292544,0
1787749416406461134,77322399744,77309411328,12988416,77308506112,0
1787749416433508913,77322133504,77309411328,12722176,77307453440,0
1787749416461310396,77321084928,77309411328,11673600,77309550592,0
1787749416487889936,77322657792,77309411328,13246464,77309026304,0
1787749416514661490,77321072640,77309411328,11661312,77307965440,0
1787749416541265651,77320544256,77309411328,11132928,77309534208,0
1787749416568401432,77322117120,77309411328,12705792,77308485632,0
1787749416596369898,77321064448,77309411328,11653120,77308481536,0
1787749416622951658,77319745536,77309411328,10334208,77308997632,0
1787749416649569549,77320527872,77309411328,11116544,77309517824,0
1787749416676544946,77321314304,77309411328,11902976,77308469248,0
1787749416704634605,77321314304,77309411328,11902976,77307944960,0
1787749416731167424,77320781824,77309411328,11370496,77309247488,0
1787749416757776005,77321830400,77309411328,12419072,77308198912,0
1787749416784317505,77321039872,77309411328,11628544,77307408384,0
1787749416811174850,77319991296,77309411328,10579968,77308456960,0
1787749416839096305,77321039872,77309411328,11628544,77307408384,0
1787749416865644075,77319192576,77309411328,9781248,77307658240,0
1787749416892145024,77320241152,77309411328,10829824,77308706816,0
1787749416918797315,77321289728,77309411328,11878400,77307658240,0
1787749416945750072,77320241152,77309411328,10829824,77308706816,0
1787749416973528315,77321289728,77309411328,11878400,77308706816,0
1787749417000279978,77321289728,77309411328,11878400,77307658240,0
1787749417027395998,77319442432,77309411328,10031104,77308694528,0
1787749417054874935,77321797632,77309411328,12386304,77309214720,0
1787749417081942295,77321531392,77309411328,12120064,77308424192,0
1787749417109363850,77321531392,77309411328,12120064,77307899904,0
1787749417136065213,77320216576,77309411328,10805248,77308944384,0
1787749417162695844,77321527296,77309411328,12115968,77308682240,0
1787749417189432687,77320216576,77309411328,10805248,77309730816,0
1787749417216451696,77320998912,77309411328,11587584,77308153856,0
1787749417244465093,77320474624,77309411328,11063296,77309464576,0
1787749417271189246,77321515008,77309411328,12103680,77307883520,0
1787749417297735515,77319680000,77309411328,10268672,77308932096,0
1787749417324894356,77320458240,77309411328,11046912,77309448192,0
1787749417352007286,77320974336,77309411328,11563008,77307342848,0
1787749417379399062,77319925760,77309411328,10514432,77308391424,0
1787749417405975672,77320708096,77309411328,11296768,77309173760,0
1787749417432672194,77321756672,77309411328,12345344,77309173760,0
1787749417459684473,77321494528,77309411328,12083200,77308125184,0
1787749417486890444,77320708096,77309411328,11296768,77309173760,0
1787749417514697897,77321756672,77309411328,12345344,77309173760,0
1787749417541277468,77320953856,77309411328,11542528,77307322368,0
1787749417567758666,77319905280,77309411328,10493952,77308895232,0
1787749417594869496,77322002432,77309411328,12591104,77308370944,0
1787749417622774701,77322002432,77309411328,12591104,77309419520,0
1787749417649471554,77322002432,77309411328,12591104,77308370944,0
1787749417676245557,77321207808,77309411328,11796480,77307838464,0
1787749417702766487,77320421376,77309411328,11010048,77308887040,0
1787749417729851276,77321469952,77309411328,12058624,77308100608,0
1787749417757828072,77321469952,77309411328,12058624,77307838464,0
1787749417784748199,77320421376,77309411328,11010048,77308887040,0
1787749417811301149,77320671232,77309411328,11259904,77309661184,0
1787749417837868549,77321719808,77309411328,12308480,77308350464,0
1787749417864969759,77320671232,77309411328,11259904,77309661184,0
1787749417892829383,77323030528,77309411328,13619200,77309923328,0
1787749417919438003,77322498048,77309411328,13086720,77308866560,0
1787749417946107825,77321449472,77309411328,12038144,77308080128,0
1787749417972677096,77321183232,77309411328,11771904,77307551744,0
1787749417999728405,77320396800,77309411328,10985472,77308862464,0
1787749418027632619,77322756096,77309411328,13344768,77310173184,0
1787749418054466074,77323272192,77309411328,13860864,77308592128,0
1787749418081263029,77322223616,77309411328,12812288,77308592128,0
1787749418107913950,77322485760,77309411328,13074432,77309640704,0
1787749418134856897,77323534336,77309411328,14123008,77308854272,0
1787749418163059517,77322485760,77309411328,13074432,77309636608,0
1787749418189761320,77322723328,77309411328,13312000,77309091840,0
1787749418216414592,77322715136,77309411328,13303808,77309083648,0
1787749418243078093,77322444800,77309411328,13033472,77308813312,0
1787749418270141913,77321396224,77309411328,11984896,77308026880,0
1787749418298327093,77321396224,77309411328,11984896,77308289024,0
1787749418325144957,77320589312,77309411328,11177984,77309054976,0
1787749418351704387,77322948608,77309411328,13537280,77309317120,0
1787749418378512462,77322424320,77309411328,13012992,77309317120,0
1787749418405866946,77322686464,77309411328,13275136,77309317120,0
1787749418433660459,77322686464,77309411328,13275136,77309317120,0
1787749418460252070,77322416128,77309411328,13004800,77308784640,0
1787749418486838270,77322153984,77309411328,12742656,77308784640,0
1787749418513933290,77321629696,77309411328,12218368,77308784640,0
1787749418541140112,77321363456,77309411328,11952128,77308518400,0
1787749418569095467,77321101312,77309411328,11689984,77308518400,0
1787749418595624447,77320568832,77309411328,11157504,77309034496,0
1787749418622375430,77321617408,77309411328,12206080,77308772352,0
1787749418649414829,77321347072,77309411328,11935744,77307715584,0
1787749418677277763,77320294400,77309411328,10883072,77309808640,0
1787749418703831613,77321850880,77309411328,12439552,77308219392,0
1787749418730414883,77320802304,77309411328,11390976,77309267968,0
1787749418757168037,77322113024,77309411328,12701696,77309530112,0
1787749418784215796,77322362880,77309411328,12951552,77308731392,0
1787749418812222522,77321314304,77309411328,11902976,77308731392,0
1787749418838848793,77320781824,77309411328,11370496,77309247488,0
1787749418865411823,77321818112,77309411328,12406784,77307920384,0
1787749418891990864,77320491008,77309411328,11079680,77308956672,0
1787749418918830379,77321801728,77309411328,12390400,77308694528,0
1787749418946766744,77321535488,77309411328,12124160,77307904000,0
1787749418973359135,77319950336,77309411328,10539008,77308678144,0
1787749418999838093,77320998912,77309411328,11587584,77307367424,0
1787749419026554676,77319950336,77309411328,10539008,77308416000,0
1787749419053683116,77320998912,77309411328,11587584,77307367424,0
1787749419081764414,77319684096,77309411328,10272768,77308149760,0
1787749419108374535,77320200192,77309411328,10788864,77308665856,0
1787749419135128639,77321248768,77309411328,11837440,77307617280,0
1787749419161738699,77319151616,77309411328,9740288,77308141568,0
1787749419189232907,77320200192,77309411328,10788864,77308665856,0
1787749419217217263,77320724480,77309411328,11313152,77309714432,0
1787749419243884695,77320450048,77309411328,11038720,77309177856,0
1787749419270522806,77321498624,77309411328,12087296,77307867136,0
1787749419297828620,77319401472,77309411328,9990144,77307867136,0
1787749419325850127,77320450048,77309411328,11038720,77309964288,0
1787749419352522489,77321490432,77309411328,12079104,77308383232,0
1787749419379591688,77319917568,77309411328,10506240,77309431808,0
1787749419406363722,77320966144,77309411328,11554816,77308121088,0
1787749419433497682,77320699904,77309411328,11288576,77309165568,0
1787749419461146792,77323059200,77309411328,13647872,77308379136,0
1787749419487784304,77321478144,77309411328,12066816,77307846656,0
1787749419514331074,77320691712,77309411328,11280384,77309681664,0
1787749419540887893,77322526720,77309411328,13115392,77308895232,0
1787749419567873501,77322526720,77309411328,13115392,77308895232,0
1787749419595990720,77323051008,77309411328,13639680,77307846656,0
1787749419622540460,77320945664,77309411328,11534336,77309411328,0
1787749419649162511,77323042816,77309411328,13631488,77309411328,0
1787749419675837123,77323042816,77309411328,13631488,77309411328,0
1787749419702854171,77323038720,77309411328,13627392,77309407232,0
1787749419731017511,77323038720,77309411328,13627392,77310455808,0
1787749419757588641,77323030528,77309411328,13619200,77309923328,0
1787749419784407465,77322506240,77309411328,13094912,77309399040,0
1787749419810985306,77322240000,77309411328,12828672,77308608512,0
1787749419837954733,77322240000,77309411328,12828672,77308608512,0
1787749419865938669,77322764288,77309411328,13352960,77309652992,0
1787749419892435428,77323284480,77309411328,13873152,77308604416,0
1787749419919342194,77321699328,77309411328,12288000,77308854272,0
1787749419945810243,77321961472,77309411328,12550144,77308854272,0
1787749419972819871,77322223616,77309411328,12812288,77309116416,0
1787749420000758746,77323010048,77309411328,13598720,77309378560,0
1787749420027784275,77323001856,77309411328,13590528,77309100032,0
1787749420054434656,77322203136,77309411328,12791808,77309095936,0
1787749420081023047,77322727424,77309411328,13316096,77309620224,0
1787749420107966884,77322465280,77309411328,13053952,77309620224,0
1787749420135932910,77322989568,77309411328,13578240,77309620224,0
1787749420162456719,77322452992,77309411328,13041664,77308821504,0
1787749420188971858,77321400320,77309411328,11988992,77307768832,0
1787749420215530658,77320351744,77309411328,10940416,77309079552,0
1787749420242730740,77322440704,77309411328,13029376,77309067264,0
1787749420270730236,77321646080,77309411328,12234752,77308538880,0
1787749420297503690,77320318976,77309411328,10907648,77309833216,0
1787749420324159492,77321101312,77309411328,11689984,77308518400,0
1787749420350604070,77320052736,77309411328,10641408,77309042688,0
1787749420377797081,77321101312,77309411328,11689984,77307469824,0
