ts_ns,current_before,target_current,requested,current_after,rc
1787748348779296980,77348392960,77309411328,38981632,77311037440,0
1787748348808082439,77381292032,77309411328,71880704,77310775296,0
1787748348836866477,77378408448,77309411328,68997120,77313396736,0
1787748348865539774,77382602752,77309411328,73191424,77312086016,0
1787748348894193221,77382340608,77309411328,72929280,77311299584,0
1787748348922496321,77381292032,77309411328,71880704,77309988864,0
1787748348950448404,77379457024,77309411328,70045696,77313134592,0
1787748348978248835,77381292032,77309411328,71880704,77309988864,0
1787748349007195907,77379194880,77309411328,69783552,77313134592,0
1787748349036178249,77384962048,77309411328,75550720,77313921024,0
1787748349065561679,77384175616,77309411328,74764288,77315493888,0
1787748349094306657,77385224192,77309411328,75812864,77314969600,0
1787748349122957363,77384962048,77309411328,75550720,77313658880,0
1787748349151567099,77383913472,77309411328,74502144,77312610304,0
1787748349179925120,77382602752,77309411328,73191424,77311299584,0
1787748349208245540,77370544128,77309411328,61132800,77312872448,0
1787748349236202654,77383127040,77309411328,73715712,77311823872,0
1787748349264489963,77380505600,77309411328,71094272,77313658880,0
1787748349293498716,77384962048,77309411328,75550720,77313396736,0
1787748349321867367,77383651328,77309411328,74240000,77312348160,0
1787748349350185448,77382078464,77309411328,72667136,77310513152,0
1787748349378942986,77380243456,77309411328,70832128,77313658880,0
1787748349408250524,77385748480,77309411328,76337152,77314445312,0
1787748349436690847,77385224192,77309411328,75812864,77314183168,0
1787748349464784783,77383651328,77309411328,74240000,77312086016,0
1787748349493471600,77381554176,77309411328,72142848,77309988864,0
1787748349522112586,77380243456,77309411328,70832128,77313658880,0
1787748349550830554,77384962048,77309411328,75550720,77313396736,0
1787748349579399809,77382864896,77309411328,73453568,77311561728,0
1787748349607723619,77377622016,77309411328,68210688,77311037440,0
1787748349635444058,77380505600,77309411328,71094272,77313396736,0
1787748349663709298,77379981312,77309411328,70569984,77313134592,0
1787748349692301703,77384437760,77309411328,75026432,77312872448,0
1787748349720459600,77380767744,77309411328,71356416,77314183168,0
1787748349748542846,77381816320,77309411328,72404992,77310251008,0
1787748349776504710,77378670592,77309411328,69259264,77311823872,0
1787748349804945742,77379981312,77309411328,70569984,77313134592,0
1787748349833186401,77381292032,77309411328,71880704,77309464576,0
1787748349861324118,77379194880,77309411328,69783552,77312348160,0
1787748349889412934,77381292032,77309411328,71880704,77310251008,0
1787748349917680963,77378146304,77309411328,68734976,77311561728,0
1787748349946516713,77382864896,77309411328,73453568,77311561728,0
1787748349974899845,77381816320,77309411328,72404992,77310513152,0
1787748350003155374,77379981312,77309411328,70569984,77313134592,0
1787748350033761226,77385486336,77309411328,76075008,77314183168,0
1787748350063442831,77387583488,77309411328,78172160,77311561728,0
1787748350091946065,77381292032,77309411328,71880704,77309988864,0
1787748350119938359,77378146304,77309411328,68734976,77311561728,0
1787748350147695619,77380243456,77309411328,70832128,77313658880,0
1787748350175919647,77382078464,77309411328,72667136,77310775296,0
1787748350204373450,77373161472,77309411328,63750144,77308411904,0
1787748350232705051,77377880064,77309411328,68468736,77311557632,0
1787748350260556112,77381025792,77309411328,71614464,77313916928,0
1787748350288360593,77381812224,77309411328,72400896,77310509056,0
1787748350316528541,77378928640,77309411328,69517312,77312344064,0
1787748350345400241,77381287936,77309411328,71876608,77309722624,0
1787748350373359425,77374210048,77309411328,64798720,77312344064,0
1787748350401082624,77379715072,77309411328,70303744,77312868352,0
1787748350429118969,77381025792,77309411328,71614464,77314703360,0
1787748350457676304,77384433664,77309411328,75022336,77312868352,0
1787748350486096806,77384171520,77309411328,74760192,77312344064,0
1787748350513564311,77381025792,77309411328,71614464,77313654784,0
1787748350541147337,77381812224,77309411328,72400896,77309984768,0
1787748350568968218,77377880064,77309411328,68468736,77311033344,0
1787748350597785388,77381550080,77309411328,72138752,77309984768,0
1787748350625847803,77378666496,77309411328,69255168,77311557632,0
1787748350653374989,77379715072,77309411328,70303744,77312606208,0
1787748350680806503,77380763648,77309411328,71352320,77313130496,0
1787748350709305417,77382598656,77309411328,73187328,77311033344,0
1787748350737851241,77382074368,77309411328,72663040,77310246912,0
1787748350765408977,77378928640,77309411328,69517312,77311819776,0
1787748350792808431,77379715072,77309411328,70303744,77312606208,0
1787748350820245315,77380501504,77309411328,71090176,77313392640,0
1787748350848652827,77381812224,77309411328,72400896,77309984768,0
1787748350876875685,77380239360,77309411328,70828032,77313392640,0
1787748350904620445,77382598656,77309411328,73187328,77310771200,0
1787748350931996328,77378404352,77309411328,68993024,77311295488,0
1787748350959540204,77379190784,77309411328,69779456,77311819776,0
1787748350987752582,77377880064,77309411328,68468736,77309722624,0
1787748351016197745,77376241664,77309411328,66830336,77309132800,0
1787748351044154798,77377814528,77309411328,68403200,77309132800,0
1787748351072023300,77378600960,77309411328,69189632,77311229952,0
1787748351100129036,77380698112,77309411328,71286784,77313327104,0
1787748351129027537,77383319552,77309411328,73908224,77311754240,0
1787748351157146994,77382270976,77309411328,72859648,77310705664,0
1787748351185151729,77379911680,77309411328,70500352,77312802816,0
1787748351212778926,77372571648,77309411328,63160320,77310443520,0
1787748351240921893,77378338816,77309411328,68927488,77311754240,0
1787748351269561789,77382008832,77309411328,72597504,77310705664,0
1787748351297272128,77380435968,77309411328,71024640,77313327104,0
1787748351324884106,77381484544,77309411328,72073216,77309657088,0
1787748351352439042,77378338816,77309411328,68927488,77311492096,0
1787748351380835594,77378338816,77309411328,68927488,77311492096,0
1787748351409034772,77380698112,77309411328,71286784,77314113536,0
1787748351436588988,77382533120,77309411328,73121792,77310967808,0
1787748351464099973,77376503808,77309411328,67092480,77309657088,0
1787748351491675380,77377552384,77309411328,68141056,77310705664,0
1787748351520160823,77380435968,77309411328,71024640,77313851392,0
1787748351548544345,77384105984,77309411328,74694656,77313064960,0
1787748351576009309,77379911680,77309411328,70500352,77313064960,0
1787748351603471184,77380698112,77309411328,71286784,77314113536,0
1787748351631774774,77382008832,77309411328,72597504,77310967808,0
1787748351659958341,77373620224,77309411328,64208896,77310705664,0
1787748351687409546,77377028096,77309411328,67616768,77310443520,0
1787748351715275318,77375455232,77309411328,66043904,77313589248,0
1787748351742836724,77381746688,77309411328,72335360,77310181376,0
1787748351770847949,77378863104,77309411328,69451776,77312278528,0
1787748351799387733,77381746688,77309411328,72335360,77310705664,0
1787748351827498619,77378338816,77309411328,68927488,77312540672,0
1787748351855099966,77380960256,77309411328,71548928,77314113536,0
1787748351882869067,77382270976,77309411328,72859648,77310705664,0
1787748351911108115,77379649536,77309411328,70238208,77313327104,0
1787748351940042777,77382795264,77309411328,73383936,77312016384,0
1787748351968112473,77379911680,77309411328,70500352,77313327104,0
1787748351995940554,77382795264,77309411328,73383936,77311229952,0
1787748352023762965,77378863104,77309411328,69451776,77312540672,0
1787748352052708647,77383057408,77309411328,73646080,77312016384,0
1787748352081350143,77384105984,77309411328,74694656,77312540672,0
1787748352109417259,77379649536,77309411328,70238208,77314375680,0
1787748352137279521,77382533120,77309411328,73121792,77311229952,0
1787748352165607211,77380698112,77309411328,71286784,77314113536,0
1787748352194087994,77384368128,77309411328,74956800,77312802816,0
1787748352222165570,77373358080,77309411328,63946752,77312016384,0
1787748352249673845,77377814528,77309411328,68403200,77311492096,0
1787748352277110649,77373358080,77309411328,63946752,77312016384,0
1787748352305194955,77380435968,77309411328,71024640,77313851392,0
1787748352333720299,77384892416,77309411328,75481088,77313327104,0
1787748352362135751,77382533120,77309411328,73121792,77310967808,0
1787748352391495761,77382795264,77309411328,73383936,77312016384,0
1787748352419748150,77382533120,77309411328,73121792,77311229952,0
1787748352447860336,77380173824,77309411328,70762496,77313589248,0
1787748352476341170,77384368128,77309411328,74956800,77313064960,0
1787748352503817994,77381746688,77309411328,72335360,77309657088,0
1787748352531265429,77377552384,77309411328,68141056,77310705664,0
1787748352559083460,77378863104,77309411328,69451776,77312278528,0
1787748352587783397,77381222400,77309411328,71811072,77314637824,0
1787748352615489166,77383843840,77309411328,74432512,77311754240,0
1787748352643093183,77376241664,77309411328,66830336,77309394944,0
1787748352670389605,77375979520,77309411328,66568192,77313851392,0
1787748352698537682,77379125248,77309411328,69713920,77312016384,0
1787748352726891223,77383057408,77309411328,73646080,77310967808,0
1787748352754629072,77379125248,77309411328,69713920,77312016384,0
1787748352781972345,77380435968,77309411328,71024640,77313064960,0
1787748352809445719,77381222400,77309411328,71811072,77314113536,0
1787748352837769590,77380960256,77309411328,71548928,77313851392,0
1787748352866583489,77383843840,77309411328,74432512,77312540672,0
1787748352894778297,77382008832,77309411328,72597504,77310705664,0
1787748352922556747,77380173824,77309411328,70762496,77313064960,0
1787748352950543661,77381222400,77309411328,71811072,77314113536,0
1787748352979157887,77384368128,77309411328,74956800,77312540672,0
1787748353007840314,77383057408,77309411328,73646080,77312278528,0
1787748353038965486,77389086720,77309411328,79675392,77312540672,0
1787748353066846468,77382008832,77309411328,72597504,77309919232,0
1787748353094935384,77378863104,77309411328,69451776,77311492096,0
1787748353123528189,77381746688,77309411328,72335360,77309919232,0
1787748353151499973,77379649536,77309411328,70238208,77312802816,0
1787748353179436757,77382008832,77309411328,72597504,77310181376,0
1787748353206741138,77368901632,77309411328,59490304,77310967808,0
1787748353235063979,77379125248,77309411328,69713920,77312278528,0
1787748353263741565,77383581696,77309411328,74170368,77311754240,0
1787748353291800311,77381484544,77309411328,72073216,77314637824,0
1787748353319976049,77383581696,77309411328,74170368,77310967808,0
1787748353348048954,77380698112,77309411328,71286784,77313589248,0
1787748353376346654,77382008832,77309411328,72597504,77310181376,0
1787748353404323248,77378076672,77309411328,68665344,77310705664,0
1787748353432551937,77379911680,77309411328,70500352,77313064960,0
1787748353460580932,77377028096,77309411328,67616768,77310181376,0
1787748353488679078,77375455232,77309411328,66043904,77313589248,0
1787748353517395725,77382270976,77309411328,72859648,77310181376,0
1787748353545746136,77380698112,77309411328,71286784,77313064960,0
1787748353573727920,77382795264,77309411328,73383936,77310705664,0
1787748353601212685,77378863104,77309411328,69451776,77311492096,0
1787748353629741379,77381746688,77309411328,72335360,77314113536,0
1787748353658249233,77384105984,77309411328,74694656,77312540672,0
1787748353686023713,77381746688,77309411328,72335360,77314113536,0
1787748353713487028,77382270976,77309411328,72859648,77309919232,0
1787748353742435610,77377028096,77309411328,67616768,77311754240,0
1787748353775111490,77382270976,77309411328,72859648,77320929280,0
1787748353807475495,77389086720,77309411328,79675392,77322502144,0
1787748353839722517,77391970304,77309411328,82558976,77325385728,0
1787748353872181954,77389086720,77309411328,79675392,77322764288,0
1787748353905430944,77392756736,77309411328,83345408,77322194944,0
1787748353937343551,77392187392,77309411328,82776064,77317521408,0
1787748353966865043,77384892416,77309411328,75481088,77317185536,0
1787748353994509531,77384294400,77309411328,74883072,77311942656,0
1787748354025679274,77380100096,77309411328,70688768,77319806976,0
1787748354058147170,77390585856,77309411328,81174528,77324001280,0
1787748354090959833,77393469440,77309411328,84058112,77322952704,0
1787748354122709126,77391110144,77309411328,81698816,77324263424,0
1787748354155881186,77393731584,77309411328,84320256,77322379264,0
1787748354185060582,77392896000,77309411328,83484672,77311614976,0
1787748354213764879,77371121664,77309411328,61710336,77316071424,0
1787748354244973942,77383966720,77309411328,74555392,77320749056,0
1787748354277829116,77389955072,77309411328,80543744,77323653120,0
1787748354310377514,77394169856,77309411328,84758528,77322489856,0
1787748354340313514,77391171584,77309411328,81760256,77319647232,0
1787748354367917901,77387804672,77309411328,78393344,77310472192,0
1787748354396348703,77377318912,77309411328,67907584,77309423616,0
1787748354425550160,77380988928,77309411328,71577600,77314080768,0
1787748354453144267,77383811072,77309411328,74399744,77310672896,0
1787748354480510210,77378830336,77309411328,69419008,77310672896,0
1787748354507815231,77378306048,77309411328,68894720,77309100032,0
1787748354535922358,77376471040,77309411328,67059712,77308837888,0
1787748354564055254,77379354624,77309411328,69943296,77311197184,0
1787748354591818704,77380665344,77309411328,71254016,77312770048,0
1787748354619737497,77381713920,77309411328,72302592,77314342912,0
1787748354647531988,77382762496,77309411328,73351168,77310410752,0
1787748354675609064,77379092480,77309411328,69681152,77311459328,0
1787748354704227340,77381451776,77309411328,72040448,77313556480,0
1787748354732506919,77383544832,77309411328,74133504,77311717376,0
1787748354760587835,77381185536,77309411328,71774208,77313814528,0
1787748354788875145,77383544832,77309411328,74133504,77311193088,0
1787748354817316287,77381709824,77309411328,72298496,77314338816,0
1787748354845424184,77384855552,77309411328,75444224,77312241664,0
1787748354873427788,77381447680,77309411328,72036352,77314076672,0
1787748354901172588,77382758400,77309411328,73347072,77310406656,0
1787748354929035840,77379088384,77309411328,69677056,77311193088,0
1787748354957275849,77380136960,77309411328,70725632,77312503808,0
1787748354985240742,77381971968,77309411328,72560640,77309620224,0
1787748355013687445,77378039808,77309411328,68628480,77311455232,0
1787748355042618376,77382496256,77309411328,73084928,77310144512,0
1787748355070959917,77379874816,77309411328,70463488,77311717376,0
1787748355099188716,77382496256,77309411328,73084928,77309620224,0
1787748355126866524,77378826240,77309411328,69414912,77310930944,0
1787748355154278368,77379350528,77309411328,69939200,77311717376,0
1787748355182417825,77380399104,77309411328,70987776,77312503808,0
1787748355210850177,77374631936,77309411328,65220608,77311979520,0
1787748355238803991,77380661248,77309411328,71249920,77312765952,0
1787748355266337157,77381447680,77309411328,72036352,77313814528,0
1787748355293902063,77382234112,77309411328,72822784,77309882368,0
1787748355322265774,77379088384,77309411328,69677056,77311455232,0
1787748355351067203,77382496256,77309411328,73084928,77309882368,0
1787748355378901545,77380661248,77309411328,71249920,77312765952,0
1787748355406422540,77381709824,77309411328,72298496,77313814528,0
1787748355433857464,77380661248,77309411328,71249920,77312765952,0
1787748355461998001,77380923392,77309411328,71512064,77313028096,0
1787748355490440634,77384331264,77309411328,74919936,77311717376,0
1787748355517996350,77381447680,77309411328,72036352,77313552384,0
1787748355545473305,77381709824,77309411328,72298496,77313814528,0
1787748355572972830,77381971968,77309411328,72560640,77309358080,0
1787748355600935374,77378039808,77309411328,68628480,77310406656,0
1787748355629332116,77380661248,77309411328,71249920,77313028096,0
1787748355657220508,77383282688,77309411328,73871360,77310930944,0
1787748355684717113,77378301952,77309411328,68890624,77310668800,0
1787748355712432502,77378301952,77309411328,68890624,77310668800,0
1787748355740562109,77379088384,77309411328,69677056,77311717376,0
1787748355769055153,77382496256,77309411328,73084928,77310144512,0
1787748355796559978,77377515520,77309411328,68104192,77308571648,0
1787748355824060693,77377253376,77309411328,67842048,77309620224,0
1787748355851661600,77378039808,77309411328,68628480,77310668800,0
1787748355880418138,77381709824,77309411328,72298496,77313814528,0
1787748355908767909,77382234112,77309411328,72822784,77310144512,0
1787748355936447298,77378564096,77309411328,69152768,77311455232,0
1787748355964038915,77379612672,77309411328,70201344,77311979520,0
1787748355992335915,77380923392,77309411328,71512064,77313814528,0
1787748356021062312,77384331264,77309411328,74919936,77312503808,0
1787748356049303101,77383020544,77309411328,73609216,77310668800,0
1787748356077079031,77378301952,77309411328,68890624,77310406656,0
1787748356104660558,77378826240,77309411328,69414912,77311193088,0
1787748356132936318,77379874816,77309411328,70463488,77312765952,0
1787748356161815598,77383282688,77309411328,73871360,77311455232,0
1787748356189957105,77381447680,77309411328,72036352,77314600960,0
1787748356218551611,77375156224,77309411328,65744896,77314600960,0
1787748356247381240,77383806976,77309411328,74395648,77313814528,0
1787748356278966951,77383020544,77309411328,73609216,77318119424,0
1787748356311571420,77389160448,77309411328,79749120,77322076160,0
1787748356344828791,77392592896,77309411328,83181568,77322231808,0
1787748356376956341,77391962112,77309411328,82550784,77325008896,0
1787748356410346994,77393952768,77309411328,84541440,77321957376,0
1787748356442978294,77393522688,77309411328,84111360,77320761344,0
1787748356475205816,77387345920,77309411328,77934592,77320626176,0
1787748356506756596,77390094336,77309411328,80683008,77322506240,0
1787748356537111093,77390663680,77309411328,81252352,77318230016,0
1787748356566216098,77389008896,77309411328,79597568,77313249280,0
1787748356594632710,77382979584,77309411328,73568256,77312462848,0
1787748356623030812,77381931008,77309411328,72519680,77311152128,0
1787748356651051897,77380882432,77309411328,71471104,77314297856,0
1787748356680130761,77384290304,77309411328,74878976,77312987136,0
1787748356708764367,77384552448,77309411328,75141120,77313249280,0
1787748356736847353,77382979584,77309411328,73568256,77311676416,0
1787748356764645343,77380358144,77309411328,70946816,77314297856,0
1787748356792721529,77381926912,77309411328,72515584,77310623744,0
1787748356821119281,77380878336,77309411328,71467008,77314555904,0
1787748356849410531,77384810496,77309411328,75399168,77313245184,0
1787748356877687600,77382975488,77309411328,73564160,77311672320,0
1787748356905824977,77380616192,77309411328,71204864,77314293760,0
1787748356934275470,77381926912,77309411328,72515584,77310361600,0
1787748356963173641,77381926912,77309411328,72515584,77310623744,0
1787748356991306898,77380616192,77309411328,71204864,77314031616,0
1787748357019590547,77383237632,77309411328,73826304,77311410176,0
1787748357048176752,77382189056,77309411328,72777728,77310361600,0
1787748357076867930,77378781184,77309411328,69369856,77311934464,0
1787748357104403826,77379829760,77309411328,70418432,77312720896,0
1787748357131886530,77380091904,77309411328,70680576,77312983040,0
1787748357159589389,77381402624,77309411328,71991296,77309837312,0
1787748357187885109,77378519040,77309411328,69107712,77311672320,0
1787748357216195999,77371441152,77309411328,62029824,77309837312,0
1787748357243749516,77379043328,77309411328,69632000,77311934464,0
1787748357271284941,77380354048,77309411328,70942720,77313245184,0
1787748357298746956,77379567616,77309411328,70156288,77312458752,0
1787748357327180688,77381140480,77309411328,71729152,77314031616,0
1787748357355627821,77385334784,77309411328,75923456,77313769472,0
1787748357383868970,77382451200,77309411328,73039872,77311934464,0
1787748357411462387,77380878336,77309411328,71467008,77313507328,0
1787748357439563013,77381926912,77309411328,72515584,77310361600,0
1787748357468399713,77381664768,77309411328,72253440,77309837312,0
1787748357496386797,77380354048,77309411328,70942720,77313245184,0
1787748357523926533,77381402624,77309411328,71991296,77309313024,0
1787748357551421478,77377208320,77309411328,67796992,77310099456,0
1787748357579825110,77379043328,77309411328,69632000,77312196608,0
1787748357608373144,77382713344,77309411328,73302016,77311410176,0
1787748357636582973,77381402624,77309411328,71991296,77310099456,0
1787748357665044086,77380354048,77309411328,70942720,77313245184,0
1787748357692882867,77382713344,77309411328,73302016,77310623744,0
1787748357721055255,77379305472,77309411328,69894144,77312458752,0
1787748357750045427,77383237632,77309411328,73826304,77311672320,0
1787748357778312667,77381926912,77309411328,72515584,77310099456,0
1787748357806163108,77379567616,77309411328,70156288,77312720896,0
1787748357833772606,77381140480,77309411328,71729152,77313507328,0
1787748357862892381,77384024064,77309411328,74612736,77312720896,0
1787748357891171960,77383237632,77309411328,73826304,77311410176,0
1787748357919280867,77379567616,77309411328,70156288,77312720896,0
1787748357947251300,77381926912,77309411328,72515584,77310099456,0
1787748357975414088,77376946176,77309411328,67534848,77310099456,0
1787748358004165946,77380878336,77309411328,71467008,77313765376,0
1787748358032659630,77384282112,77309411328,74870784,77312454656,0
1787748358060944499,77382447104,77309411328,73035776,77310619648,0
1787748358088513076,77375893504,77309411328,66482176,77311668224,0
1787748358117293404,77380874240,77309411328,71462912,77314289664,0
1787748358145499613,77384019968,77309411328,74608640,77312192512,0
1787748358173608879,77377466368,77309411328,68055040,77310619648,0
1787748358201439860,77379039232,77309411328,69627904,77308260352,0
1787748358230194609,77372223488,77309411328,62812160,77310095360,0
1787748358258780414,77381398528,77309411328,71987200,77314289664,0
1787748358286976882,77384019968,77309411328,74608640,77312192512,0
1787748358314982696,77381660672,77309411328,72249344,77309571072,0
1787748358342538913,77377728512,77309411328,68317184,77310357504,0
1787748358371179249,77379825664,77309411328,70414336,77312716800,0
1787748358400134461,77384019968,77309411328,74608640,77312454656,0
1787748358428459821,77381660672,77309411328,72249344,77310095360,0
1787748358456702650,77379825664,77309411328,70414336,77312978944,0
1787748358485353507,77382709248,77309411328,73297920,77310881792,0
1787748358513885511,77381398528,77309411328,71987200,77314289664,0
1787748358541737982,77384019968,77309411328,74608640,77311668224,0
1787748358569352330,77380349952,77309411328,70938624,77313241088,0
1787748358596985717,77380612096,77309411328,71200768,77313503232,0
1787748358625262007,77382447104,77309411328,73035776,77310357504,0
1787748358653659529,77380349952,77309411328,70938624,77313241088,0
1787748358682151492,77382971392,77309411328,73560064,77311143936,0
1787748358710030184,77380874240,77309411328,71462912,77313503232,0
1787748358737574580,77379563520,77309411328,70152192,77312192512,0
1787748358765883360,77381398528,77309411328,71987200,77314027520,0
1787748358794993965,77385068544,77309411328,75657216,77313503232,0
1787748358823182483,77383495680,77309411328,74084352,77311406080,0
1787748358850968424,77381136384,77309411328,71725056,77313241088,0
1787748358879130781,77381922816,77309411328,72511488,77309833216,0
1787748358907475252,77379825664,77309411328,70414336,77312454656,0
1787748358935653900,77382184960,77309411328,72773632,77310095360,0
1787748358963410220,77379039232,77309411328,69627904,77311143936,0
1787748358990873944,77379563520,77309411328,70152192,77311668224,0
1787748359019088522,77380345856,77309411328,70934528,77312974848,0
1787748359049006632,77386113024,77309411328,76701696,77311827968,0
1787748359077382963,77382344704,77309411328,72933376,77309992960,0
1787748359105338777,77379198976,77309411328,69787648,77311303680,0
1787748359133237390,77380771840,77309411328,71360512,77312614400,0
1787748359161689862,77382344704,77309411328,72933376,77309992960,0
1787748359189706177,77378412544,77309411328,69001216,77310779392,0
1787748359217547319,77371072512,77309411328,61661184,77312614400,0
1787748359245336569,77382606848,77309411328,73195520,77309992960,0
1787748359273367434,77378674688,77309411328,69263360,77310779392,0
1787748359301885148,77381558272,77309411328,72146944,77313925120,0
1787748359330025915,77383917568,77309411328,74506240,77311565824,0
1787748359358105091,77381296128,77309411328,71884800,77313925120,0
1787748359385947833,77381558272,77309411328,72146944,77313662976,0
1787748359414431046,77382344704,77309411328,72933376,77310255104,0
1787748359443288056,77382344704,77309411328,72933376,77310255104,0
1787748359471345551,77380247552,77309411328,70836224,77312876544,0
1787748359499258314,77382082560,77309411328,72671232,77309730816,0
1787748359526971083,77377363968,77309411328,67952640,77309730816,0
1787748359555936696,77380509696,77309411328,71098368,77312876544,0
1787748359583829238,77383655424,77309411328,74244096,77311303680,0
1787748359611331343,77379461120,77309411328,70049792,77311827968,0
1787748359638793868,77379985408,77309411328,70574080,77312614400,0
1787748359667027746,77381033984,77309411328,71622656,77313662976,0
1787748359695591111,77384699904,77309411328,75288576,77312348160,0
1787748359723165038,77381292032,77309411328,71880704,77313658880,0
1787748359750793875,77381816320,77309411328,72404992,77309464576,0
1787748359778382312,77377884160,77309411328,68472832,77310251008,0
1787748359806790714,77379457024,77309411328,70045696,77312086016,0
1787748359835374889,77383127040,77309411328,73715712,77311037440,0
1787748359862976656,77379457024,77309411328,70045696,77312086016,0
1787748359890563933,77379981312,77309411328,70569984,77312610304,0
1787748359918316983,77380767744,77309411328,71356416,77313134592,0
1787748359947508089,77384175616,77309411328,74764288,77312348160,0
1787748359975841380,77382602752,77309411328,73191424,77310775296,0
1787748360004043218,77380243456,77309411328,70832128,77312868352,0
1787748360034425736,77388890112,77309411328,79478784,77311557632,0
1787748360062539853,77380501504,77309411328,71090176,77313302528,0
1787748360091156249,77383819264,77309411328,74407936,77311467520,0
1787748360119436868,77381459968,77309411328,72048640,77313826816,0
1787748360147554585,77382246400,77309411328,72835072,77309894656,0
1787748360175346395,77379362816,77309411328,69951488,77311991808,0
1787748360204205616,77377003520,77309411328,67592192,77306224640,0
1787748360232571017,77376479232,77309411328,67067904,77313826816,0
1787748360260503990,77383294976,77309411328,73883648,77311205376,0
1787748360288304591,77379887104,77309411328,70475776,77312516096,0
1787748360316617091,77381459968,77309411328,72048640,77313826816,0
1787748360345233747,77384867840,77309411328,75456512,77312516096,0
1787748360373203881,77381722112,77309411328,72310784,77314088960,0
1787748360401428469,77383819264,77309411328,74407936,77311729664,0
1787748360429227660,77380149248,77309411328,70737920,77312778240,0
1787748360457666842,77380935680,77309411328,71524352,77313040384,0
1787748360486542233,77385392128,77309411328,75980800,77313040384,0
1787748360514407755,77382508544,77309411328,73097216,77310418944,0
1787748360542185205,77379100672,77309411328,69689344,77311467520,0
1787748360569725781,77379100672,77309411328,69689344,77311467520,0
1787748360598134233,77380411392,77309411328,71000064,77312778240,0
1787748360626499794,77383819264,77309411328,74407936,77311467520,0
1787748360653978459,77380149248,77309411328,70737920,77312516096,0
1787748360681456154,77380673536,77309411328,71262208,77313302528,0
1787748360708953009,77380935680,77309411328,71524352,77313302528,0
1787748360738099325,77383819264,77309411328,74407936,77311729664,0
1787748360766086899,77382246400,77309411328,72835072,77309632512,0
1787748360793583774,77377789952,77309411328,68378624,77310156800,0
1787748360821107310,77378052096,77309411328,68640768,77310418944,0
1787748360849519312,77379100672,77309411328,69689344,77311729664,0
1787748360877830812,77382508544,77309411328,73097216,77310156800,0
1787748360905382948,77377789952,77309411328,68378624,77310156800,0
1787748360932932254,77378576384,77309411328,69165056,77310943232,0
1787748360960529591,77379100672,77309411328,69689344,77311729664,0
1787748360988507705,77380149248,77309411328,70737920,77312778240,0
1787748361017069730,77380407296,77309411328,70995968,77313036288,0
1787748361045387850,77382766592,77309411328,73355264,77310676992,0
1787748361073537877,77380669440,77309411328,71258112,77313298432,0
1787748361101795767,77382766592,77309411328,73355264,77310676992,0
1787748361130183788,77380145152,77309411328,70733824,77312512000,0
1787748361158841615,77384077312,77309411328,74665984,77311725568,0
1787748361187096414,77381718016,77309411328,72306688,77314084864,0
1787748361214794733,77373591552,77309411328,64180224,77311201280,0
1787748361242734416,77379358720,77309411328,69947392,77311987712,0
1787748361271051756,77381718016,77309411328,72306688,77314347008,0
1787748361298994360,77384339456,77309411328,74928128,77311725568,0
1787748361326483905,77380407296,77309411328,70995968,77312774144,0
1787748361354062991,77380407296,77309411328,70995968,77313036288,0
1787748361382515344,77381718016,77309411328,72306688,77314347008,0
1787748361410982207,77385388032,77309411328,75976704,77312512000,0
1787748361438445972,77381718016,77309411328,72306688,77313822720,0
1787748361466000818,77382242304,77309411328,72830976,77309628416,0
1787748361493670096,77377523712,77309411328,68112384,77309628416,0
1787748361521787863,77378834432,77309411328,69423104,77311463424,0
1787748361550441899,77382504448,77309411328,73093120,77310676992,0
1787748361578493915,77380407296,77309411328,70995968,77312774144,0
1787748361606258255,77381718016,77309411328,72306688,77314084864,0
1787748361634009445,77382504448,77309411328,73093120,77310414848,0
1787748361662099421,77379096576,77309411328,69685248,77311463424,0
1787748361690582594,77381455872,77309411328,72044544,77313560576,0
1787748361718932505,77383553024,77309411328,74141696,77311201280,0
1787748361746675085,77380931584,77309411328,71520256,77313298432,0
1787748361774485726,77381455872,77309411328,72044544,77313822720,0
1787748361803572850,77384601600,77309411328,75190272,77312249856,0
1787748361831764418,77383028736,77309411328,73617408,77310676992,0
1787748361859783883,77379620864,77309411328,70209536,77311987712,0
1787748361887565573,77381718016,77309411328,72306688,77314347008,0
1787748361915697440,77382504448,77309411328,73093120,77310152704,0
1787748361944358067,77381193728,77309411328,71782400,77314084864,0
1787748361972720748,77383815168,77309411328,74403840,77311463424,0
1787748362000925026,77380931584,77309411328,71520256,77313822720,0
1787748362029295427,77382766592,77309411328,73355264,77310676992,0
1787748362058118787,77381718016,77309411328,72306688,77314347008,0
1787748362086672342,77385388032,77309411328,75976704,77313036288,0
1787748362115188375,77382504448,77309411328,73093120,77310676992,0
1787748362143606828,77380407296,77309411328,70995968,77313560576,0
1787748362171676683,77382766592,77309411328,73355264,77310152704,0
1787748362200092695,77380931584,77309411328,71520256,77311725568,0
1787748362228111160,77373591552,77309411328,64180224,77310939136,0
1787748362256353319,77380407296,77309411328,70995968,77313036288,0
1787748362284103039,77382504448,77309411328,73093120,77309890560,0
1787748362312464290,77378834432,77309411328,69423104,77311463424,0
1787748362341308790,77383286784,77309411328,73875456,77310935040,0
1787748362369232973,77380927488,77309411328,71516160,77313294336,0
1787748362397441321,77382762496,77309411328,73351168,77310410752,0
1787748362425955165,77379354624,77309411328,69943296,77311459328,0
1787748362454429208,77381713920,77309411328,72302592,77314080768,0
1787748362482544945,77384335360,77309411328,74924032,77311983616,0
1787748362510117171,77380665344,77309411328,71254016,77312507904,0
1787748362537951923,77380923392,77309411328,71512064,77313552384,0
1787748362566186542,77382496256,77309411328,73084928,77309882368,0
1787748362594849608,77381447680,77309411328,72036352,77314600960,0
1787748362622457115,77383282688,77309411328,73871360,77310668800,0
1787748362650694204,77379088384,77309411328,69677056,77311979520,0
1787748362678135979,77380136960,77309411328,70725632,77312503808,0
1787748362706192924,77381185536,77309411328,71774208,77313290240,0
1787748362734153318,77383806976,77309411328,74395648,77310930944,0
1787748362761653833,77379350528,77309411328,69939200,77311979520,0
1787748362789144388,77380136960,77309411328,70725632,77312503808,0
1787748362816600462,77380661248,77309411328,71249920,77312765952,0
1787748362845738338,77383020544,77309411328,73609216,77310668800,0
1787748362873513078,77381447680,77309411328,72036352,77313814528,0
1787748362900942902,77381709824,77309411328,72298496,77314076672,0
1787748362928370316,77382234112,77309411328,72822784,77309620224,0
1787748362956466532,77378039808,77309411328,68628480,77310406656,0
1787748362984699631,77381447680,77309411328,72036352,77313552384,0
1787748363013044382,77382234112,77309411328,72822784,77310144512,0
1787748363041064116,77380136960,77309411328,70725632,77312503808,0
1787748363068947969,77381971968,77309411328,72560640,77309620224,0
1787748363096970933,77378564096,77309411328,69152768,77310930944,0
1787748363125093540,77381447680,77309411328,72036352,77313552384,0
1787748363152431992,77381709824,77309411328,72298496,77314076672,0
1787748363179895007,77382234112,77309411328,72822784,77309358080,0
1787748363207219669,77367029760,77309411328,57618432,77313028096,0
1787748363235789184,77383020544,77309411328,73609216,77310406656,0
1787748363263861220,77381185536,77309411328,71774208,77313290240,0
1787748363291571909,77382234112,77309411328,72822784,77309620224,0
1787748363319221937,77377515520,77309411328,68104192,77310144512,0
1787748363347292023,77379088384,77309411328,69677056,77311193088,0
1787748363375840907,77382496256,77309411328,73084928,77310144512,0
1787748363403221120,77378826240,77309411328,69414912,77310930944,0
1787748363430610133,77379088384,77309411328,69677056,77311193088,0
1787748363457920795,77379350528,77309411328,69939200,77311455232,0
1787748363486146764,77379612672,77309411328,70201344,77311979520,0
1787748363514460774,77383282688,77309411328,73871360,77310406656,0
1787748363543608169,77378826240,77309411328,69414912,77315338240,0
1787748363574455536,77383495680,77309411328,74084352,77319520256,0
1787748363606555156,77387415552,77309411328,78004224,77320040448,0
1787748363638858779,77390819328,77309411328,81408000,77323493376,0
1787748363668892861,77392437248,77309411328,83025920,77315870720,0
1787748363696657551,77384028160,77309411328,74616832,77311676416,0
1787748363724268899,77380096000,77309411328,70684672,77312724992,0
1787748363752537438,77381144576,77309411328,71733248,77314732032,0
1787748363781596092,77384986624,77309411328,75575296,77313945600,0
1787748363810194337,77382889472,77309411328,73478144,77312110592,0
1787748363838198862,77380530176,77309411328,71118848,77313945600,0
1787748363865964142,77381840896,77309411328,72429568,77310275584,0
1787748363894798422,77379481600,77309411328,70070272,77312634880,0
1787748363923695933,77384200192,77309411328,74788864,77312634880,0
1787748363952280098,77382103040,77309411328,72691712,77311324160,0
1787748363980211021,77379219456,77309411328,69808128,77311848448,0
1787748364008712535,77380005888,77309411328,70594560,77312897024,0
1787748364037514144,77383938048,77309411328,74526720,77312110592,0
1787748364066004417,77382103040,77309411328,72691712,77310799872,0
1787748364094009052,77380530176,77309411328,71118848,77312897024,0
1787748364121968746,77381578752,77309411328,72167424,77314469888,0
1787748364150211605,77382627328,77309411328,73216000,77310799872,0
1787748364178773919,77381578752,77309411328,72167424,77314207744,0
1787748364206649852,77374238720,77309411328,64827392,77311848448,0
1787748364234965012,77380792320,77309411328,71380992,77313945600,0
1787748364263081608,77383413760,77309411328,74002432,77311586304,0
1787748364291890028,77382365184,77309411328,72953856,77310537728,0
1787748364320198608,77381054464,77309411328,71643136,77313421312,0
1787748364347819905,77382103040,77309411328,72691712,77309751296,0
1787748364375694928,77377122304,77309411328,67710976,77310275584,0
1787748364403593030,77378170880,77309411328,68759552,77310799872,0
1787748364432465490,77381840896,77309411328,72429568,77309751296,0
1787748364460269801,77379743744,77309411328,70332416,77312110592,0
1787748364487671115,77380268032,77309411328,70856704,77312372736,0
1787748364515077558,77380792320,77309411328,71380992,77312634880,0
1787748364543407739,77380792320,77309411328,71380992,77313421312,0
1787748364571725609,77383938048,77309411328,74526720,77311586304,0
1787748364601711670,77381316608,77309411328,71905280,77319532544,0
1787748364633378152,77388476416,77309411328,79065088,77320384512,0
1787748364664795459,77389066240,77309411328,79654912,77320253440,0
1787748364697384708,77390245888,77309411328,80834560,77322645504,0
1787748364729661541,77392900096,77309411328,83488768,77319770112,0
1787748364761555187,77388451840,77309411328,79040512,77320458240,0
1787748364790469398,77389402112,77309411328,79990784,77315268608,0
1787748364818784388,77384212480,77309411328,74801152,77312647168,0
1787748364847478405,77383688192,77309411328,74276864,77312122880,0
1787748364875466530,77381328896,77309411328,71917568,77309501440,0
1787748364903134758,77378707456,77309411328,69296128,77311336448,0
1787748364931045471,77380018176,77309411328,70606848,77312909312,0
1787748364959672697,77382901760,77309411328,73490432,77311336448,0
1787748364987832914,77381066752,77309411328,71655424,77314482176,0
1787748365016386819,77383946240,77309411328,74534912,77312905216,0
1787748365047006521,77388402688,77309411328,78991360,77312380928,0
1787748365075678208,77382111232,77309411328,72699904,77310808064,0
1787748365104521498,77382111232,77309411328,72699904,77310545920,0
1787748365132842428,77379751936,77309411328,70340608,77312905216,0
1787748365161760770,77382373376,77309411328,72962048,77313429504,0
1787748365190768823,77381586944,77309411328,72175616,77312118784,0
1787748365219237876,77374509056,77309411328,65097728,77312905216,0
1787748365247541486,77382635520,77309411328,73224192,77311594496,0
1787748365275382087,77380538368,77309411328,71127040,77313953792,0
1787748365303164198,77381586944,77309411328,72175616,77310283776,0
1787748365331518159,77378965504,77309411328,69554176,77312643072,0
1787748365360341858,77383421952,77309411328,74010624,77312380928,0
1787748365388568197,77382111232,77309411328,72699904,77310283776,0
1787748365416667263,77379227648,77309411328,69816320,77312643072,0
1787748365445010044,77382111232,77309411328,72699904,77310545920,0
1787748365474215541,77381849088,77309411328,72437760,77310808064,0
1787748365502788586,77380800512,77309411328,71389184,77313953792,0
1787748365530976144,77383946240,77309411328,74534912,77312380928,0
1787748365558898607,77381324800,77309411328,71913472,77309759488,0
1787748365587034624,77378179072,77309411328,68767744,77311594496,0
1787748365615552668,77381324800,77309411328,71913472,77310021632,0
1787748365643668064,77380014080,77309411328,70602752,77313167360,0
1787748365671966614,77382373376,77309411328,72962048,77311070208,0
1787748365699832676,77380538368,77309411328,71127040,77313429504,0
1787748365728088585,77382635520,77309411328,73224192,77311070208,0
1787748365756822193,77381849088,77309411328,72437760,77310545920,0
1787748365784882939,77380014080,77309411328,70602752,77313429504,0
1787748365812709700,77382897664,77309411328,73486336,77311070208,0
1787748365840792376,77380014080,77309411328,70602752,77313429504,0
1787748365869433322,77383159808,77309411328,73748480,77311856640,0
1787748365897679861,77381324800,77309411328,71913472,77310283776,0
1787748365925638065,77379227648,77309411328,69816320,77312905216,0
1787748365953373494,77381324800,77309411328,71913472,77309759488,0
1787748365981681364,77377916928,77309411328,68505600,77311070208,0
1787748366010964302,77382635520,77309411328,73224192,77312118784,0
1787748366039268832,77381849088,77309411328,72437760,77310283776,0
1787748366067322728,77379751936,77309411328,70340608,77313167360,0
1787748366095393934,77382373376,77309411328,72962048,77310545920,0
1787748366124176693,77380538368,77309411328,71127040,77313953792,0
1787748366152523503,77384208384,77309411328,74797056,77312905216,0
1787748366180756382,77382635520,77309411328,73224192,77311594496,0
1787748366208656585,77371887616,77309411328,62476288,77310283776,0
1787748366237111357,77378965504,77309411328,69554176,77312380928,0
1787748366265922687,77382111232,77309411328,72699904,77310808064,0
1787748366294195836,77381062656,77309411328,71651328,77314740224,0
1787748366322544947,77383946240,77309411328,74534912,77312905216,0
1787748366350544072,77382373376,77309411328,72962048,77310808064,0
1787748366378848792,77379489792,77309411328,70078464,77313167360,0
1787748366407782113,77384208384,77309411328,74797056,77313167360,0
1787748366436716575,77383159808,77309411328,73748480,77312380928,0
1787748366464612398,77382111232,77309411328,72699904,77310545920,0
1787748366492830226,77379227648,77309411328,69816320,77312643072,0
1787748366521237458,77382897664,77309411328,73486336,77311332352,0
1787748366549561688,77381062656,77309411328,71651328,77314740224,0
1787748366577488931,77383421952,77309411328,74010624,77311856640,0
1787748366605294142,77380014080,77309411328,70602752,77313691648,0
1787748366633503851,77382635520,77309411328,73224192,77311070208,0
1787748366662281339,77381586944,77309411328,72175616,77310283776,0
1787748366690422386,77380014080,77309411328,70602752,77313429504,0
1787748366718486312,77382635520,77309411328,73224192,77311332352,0
1787748366746002498,77379489792,77309411328,70078464,77312643072,0
1787748366773957201,77380800512,77309411328,71389184,77313691648,0
1787748366802693729,77384470528,77309411328,75059200,77312905216,0
1787748366830510900,77381849088,77309411328,72437760,77310283776,0
1787748366858116347,77378179072,77309411328,68767744,77311332352,0
1787748366885620923,77377654784,77309411328,68243456,77310808064,0
1787748366914054085,77379227648,77309411328,69816320,77312380928,0
1787748366942466817,77382635520,77309411328,73224192,77311070208,0
1787748366970109825,77379751936,77309411328,70340608,77312905216,0
1787748366997697702,77379227648,77309411328,69816320,77312643072,0
1787748367025653205,77380538368,77309411328,71127040,77313953792,0
1787748367055243039,77386305536,77309411328,76894208,77310545920,0
1787748367084007268,77382111232,77309411328,72699904,77310545920,0
1787748367111627695,77378441216,77309411328,69029888,77311856640,0
1787748367139154231,77380014080,77309411328,70602752,77313167360,0
1787748367167389680,77381586944,77309411328,72175616,77310021632,0
1787748367195803102,77380538368,77309411328,71127040,77313691648,0
1787748367223676244,77375033344,77309411328,65622016,77312905216,0
1787748367251878842,77382111232,77309411328,72699904,77310545920,0
1787748367279534260,77379227648,77309411328,69816320,77311856640,0
1787748367307623686,77380538368,77309411328,71127040,77313429504,0
1787748367336374305,77384994816,77309411328,75583488,77313429504,0
1787748367364865748,77383159808,77309411328,73748480,77311856640,0
1787748367392890073,77381324800,77309411328,71913472,77309759488,0
1787748367420291826,77378441216,77309411328,69029888,77311070208,0
1787748367448335812,77379751936,77309411328,70340608,77312643072,0
1787748367476611191,77383159808,77309411328,73748480,77311070208,0
1787748367504037355,77379489792,77309411328,70078464,77312380928,0
1787748367531458079,77380276224,77309411328,70864896,77312905216,0
1787748367558788181,77381062656,77309411328,71651328,77313691648,0
1787748367587487858,77383946240,77309411328,74534912,77312118784,0
1787748367615448022,77381586944,77309411328,72175616,77309497344,0
1787748367642786535,77377392640,77309411328,67981312,77310283776,0
1787748367670203898,77378441216,77309411328,69029888,77311070208,0
1787748367698297874,77379751936,77309411328,70340608,77312380928,0
1787748367726766437,77383421952,77309411328,74010624,77311594496,0
1787748367754350254,77378441216,77309411328,69029888,77311332352,0
1787748367781742708,77379227648,77309411328,69816320,77312118784,0
1787748367809489107,77380014080,77309411328,70602752,77313167360,0
1787748367837476142,77381586944,77309411328,72175616,77309759488,0
1787748367865930004,77380276224,77309411328,70864896,77313167360,0
1787748367894025751,77382897664,77309411328,73486336,77311332352,0
1787748367921955384,77380276224,77309411328,70864896,77312905216,0
1787748367949766715,77381849088,77309411328,72437760,77310021632,0
1787748367978277179,77379489792,77309411328,70078464,77312643072,0
1787748368006863294,77383159808,77309411328,73748480,77311856640,0
1787748368035107623,77381324800,77309411328,71913472,77309759488,0
1787748368063141048,77379751936,77309411328,70340608,77312643072,0
1787748368091524869,77382111232,77309411328,72699904,77310545920,0
1787748368119959652,77381062656,77309411328,71651328,77313953792,0
1787748368147678191,77383421952,77309411328,74010624,77311856640,0
1787748368175090905,77379489792,77309411328,70078464,77312380928,0
1787748368202613260,77377392640,77309411328,67981312,77306613760,0
1787748368230591484,77372674048,77309411328,63262720,77310808064,0
1787748368259185060,77382111232,77309411328,72699904,77310283776,0
1787748368286984811,77380276224,77309411328,70864896,77312643072,0
1787748368314898923,77381586944,77309411328,72175616,77313953792,0
1787748368342858007,77382373376,77309411328,72962048,77310283776,0
1787748368371161387,77379747840,77309411328,70336512,77311852544,0
1787748368398578531,77381582848,77309411328,72171520,77313687552,0
1787748368426188228,77381058560,77309411328,71647232,77313425408,0
1787748368453658543,77382107136,77309411328,72695808,77309755392,0
1787748368481754089,77378437120,77309411328,69025792,77310541824,0
1787748368509818745,77378699264,77309411328,69287936,77311066112,0
1787748368538005063,77380796416,77309411328,71385088,77313949696,0
1787748368566607778,77383155712,77309411328,73744384,77312638976,0
1787748368594685864,77381578752,77309411328,72167424,77314469888,0
1787748368623280419,77382623232,77309411328,73211904,77311844352,0
1787748368652638779,77383147520,77309411328,73736192,77312892928,0
1787748368681258685,77382094848,77309411328,72683520,77311315968,0
1787748368709454343,77380780032,77309411328,71368704,77314457600,0
1787748368738348463,77383401472,77309411328,73990144,77312618496,0
1787748368767676082,77382873088,77309411328,73461760,77312618496,0
1787748368797641613,77382873088,77309411328,73461760,77314715648,0
1787748368826268099,77384179712,77309411328,74768384,77313400832,0
1787748368854664321,77382606848,77309411328,73195520,77311565824,0
1787748368883304797,77381029888,77309411328,71618560,77314969600,0
1787748368912887410,77385220096,77309411328,75808768,77315227648,0
1787748368941428715,77384429568,77309411328,75018240,77313388544,0
1787748368969760835,77382066176,77309411328,72654848,77311025152,0
1787748368997474704,77379182592,77309411328,69771264,77312335872,0
1787748369029447702,77383110656,77309411328,73699328,77311807488,0
1787748369059780229,77388873728,77309411328,79462400,77314949120,0
1787748369088644480,77384413184,77309411328,75001856,77314158592,0
1787748369117664363,77382574080,77309411328,73162752,77312581632,0
1787748369146610235,77381525504,77309411328,72114176,77315727360,0
1787748369175462495,77385977856,77309411328,76566528,77314674688,0
1787748369204291214,77379686400,77309411328,70275072,77309956096,0
1787748369232839859,77378895872,77309411328,69484544,77312573440,0
1787748369261331682,77381517312,77309411328,72105984,77315719168,0
1787748369290401357,77382823936,77309411328,73412608,77312307200,0
1787748369319624963,77383344128,77309411328,73932800,77312040960,0
1787748369348778809,77382033408,77309411328,72622080,77311516672,0
1787748369377299933,77380456448,77309411328,71045120,77314134016,0
1787748369406329647,77383340032,77309411328,73928704,77312032768,0
1787748369435196637,77383335936,77309411328,73924608,77311508480,0
1787748369463162311,77380452352,77309411328,71041024,77313605632,0
1787748369491082574,77382021120,77309411328,72609792,77315174400,0
1787748369519075178,77382279168,77309411328,72867840,77310976000,0
1787748369547996349,77380440064,77309411328,71028736,77313593344,0
1787748369576873600,77383847936,77309411328,74436608,77312544768,0
1787748369605275552,77382008832,77309411328,72597504,77315162112,0
1787748369633929318,77384630272,77309411328,75218944,77313327104,0
1787748369661929603,77381742592,77309411328,72331264,77314895872,0
1787748369690717852,77383577600,77309411328,74166272,77312012288,0
1787748369719868257,77382258688,77309411328,72847360,77312004096,0
1787748369748024915,77379895296,77309411328,70483968,77313835008,0
1787748369775763804,77381730304,77309411328,72318976,77314883584,0
1787748369804609724,77383036928,77309411328,73625600,77311733760,0
1787748369832881734,77381722112,77309411328,72310784,77314351104,0
1787748369861513380,77383819264,77309411328,74407936,77312778240,0
1787748369890428671,77382246400,77309411328,72835072,77311467520,0
1787748369918855093,77380145152,77309411328,70733824,77314347008,0
1787748369948122291,77382762496,77309411328,73351168,77311983616,0
1787748369977443590,77383024640,77309411328,73613312,77312770048,0
1787748370005432164,77380919296,77309411328,71507968,77314072576,0
1787748370035358164,77385113600,77309411328,75702272,77313548288,0
1787748370064933087,77383012352,77309411328,73601024,77311447040,0
1787748370093660035,77382746112,77309411328,73334784,77310132224,0
1787748370121745671,77380648960,77309411328,71237632,77313540096,0
1787748370149727785,77381959680,77309411328,72548352,77315112960,0
1787748370177957504,77382746112,77309411328,73334784,77311438848,0
1787748370206226783,77370941440,77309411328,61530112,77313007616,0
1787748370235952570,77383786496,77309411328,74375168,77314318336,0
1787748370264534295,77383782400,77309411328,74371072,77312479232,0
1787748370292926716,77381419008,77309411328,72007680,77315096576,0
1787748370321193036,77383249920,77309411328,73838592,77312208896,0
1787748370350896591,77382463488,77309411328,73052160,77311684608,0
1787748370380268051,77382197248,77309411328,72785920,77311942656,0
1787748370408135123,77380882432,77309411328,71471104,77313511424,0
1787748370436470534,77381668864,77309411328,72257536,77315080192,0
1787748370465285583,77385072640,77309411328,75661312,77313245184,0
1787748370493882399,77384024064,77309411328,74612736,77311148032,0
1787748370521821822,77380087808,77309411328,70676480,77313241088,0
1787748370550039410,77380608000,77309411328,71196672,77314547712,0
1787748370578156907,77382443008,77309411328,73031680,77310877696,0
1787748370607246862,77379817472,77309411328,70406144,77313495040,0
1787748370636577960,77384007680,77309411328,74596352,77313490944,0
1787748370664614806,77381906432,77309411328,72495104,77315321856,0
1787748370692893605,77383741440,77309411328,74330112,77312438272,0
1787748370721933119,77381115904,77309411328,71704576,77315055616,0
1787748370750846610,77386092544,77309411328,76681216,77313740800,0
1787748370779117539,77383208960,77309411328,73797632,77311905792,0
1787748370807386449,77378228224,77309411328,68816896,77312430080,0
1787748370835713659,77380587520,77309411328,71176192,77314789376,0
1787748370864814424,77384253440,77309411328,74842112,77313212416,0
1787748370894052501,77383200768,77309411328,73789440,77312946176,0
1787748370921955014,77381361664,77309411328,71950336,77314514944,0
1787748370949962098,77382144000,77309411328,72732672,77310578688,0
1787748370977963513,77378998272,77309411328,69586944,77312675840,0
1787748371006832723,77381091328,77309411328,71680000,77312933888,0
1787748371039448283,77389742080,77309411328,80330752,77313982464,0
1787748371068306873,77385801728,77309411328,76390400,77314498560,0
1787748371096539502,77383966720,77309411328,74555392,77312401408,0
1787748371124934663,77380292608,77309411328,70881280,77313708032,0
1787748371153720942,77383962624,77309411328,74551296,77311873024,0
1787748371182552282,77381861376,77309411328,72450048,77311344640,0
1787748371211360181,77369802752,77309411328,60391424,77312905216,0
1787748371239523909,77382107136,77309411328,72695808,77310803968,0
1787748371268516751,77379219456,77309411328,69808128,77313159168,0
1787748371298400330,77384724480,77309411328,75313152,77314469888,0
1787748371327260771,77384720384,77309411328,75309056,77314465792,0
1787748371355474929,77382356992,77309411328,72945664,77311315968,0
1787748371384505363,77380255744,77309411328,70844416,77314195456,0
1787748371413899923,77383663616,77309411328,74252288,77313409024,0
1787748371443231092,77384183808,77309411328,74772480,77312880640,0
1787748371471957489,77382873088,77309411328,73461760,77311569920,0
1787748371500184178,77380509696,77309411328,71098368,77313925120,0
1787748371529707200,77383131136,77309411328,73719808,77312086016,0
1787748371558335856,77383913472,77309411328,74502144,77311823872,0
1787748371586643316,77379457024,77309411328,70045696,77313396736,0
1787748371614638081,77381287936,77309411328,71876608,77315227648,0
1787748371642987082,77382594560,77309411328,73183232,77311815680,0
1787748371671530736,77380231168,77309411328,70819840,77314170880,0
1787748371700704772,77384949760,77309411328,75538432,77313908736,0
1787748371729548322,77383634944,77309411328,74223616,77312593920,0
1787748371757974154,77381799936,77309411328,72388608,77310234624,0
1787748371786150922,77378392064,77309411328,68980736,77312065536,0
1787748371815493071,77380743168,77309411328,71331840,77314945024,0
1787748371844768179,77385986048,77309411328,76574720,77315469312,0
1787748371873698571,77384929280,77309411328,75517952,77313888256,0
1787748371902304236,77383356416,77309411328,73945088,77312577536,0
1787748371930725348,77380993024,77309411328,71581696,77314408448,0
1787748371959640230,77384925184,77309411328,75513856,77313097728,0
1787748371988401298,77383090176,77309411328,73678848,77312049152,0
1787748372017068635,77380726784,77309411328,71315456,77314666496,0
1787748372045930885,77384392704,77309411328,74981376,77313351680,0
1787748372075076391,77383081984,77309411328,73670656,77311778816,0
1787748372104697765,77383340032,77309411328,73928704,77313347584,0
1787748372133704368,77382549504,77309411328,73138176,77312294912,0
1787748372162079119,77381496832,77309411328,72085504,77315174400,0
1787748372190689455,77383589888,77309411328,74178560,77312548864,0
1787748372219100847,77373104128,77309411328,63692800,77310713856,0
1787748372247249694,77380444160,77309411328,71032832,77314121728,0
1787748372275806129,77382541312,77309411328,73129984,77311234048,0
1787748372304115539,77379391488,77309411328,69980160,77313331200,0
1787748372333399487,77381484544,77309411328,72073216,77316210688,0
1787748372363231925,77384888320,77309411328,75476992,77315694592,0
1787748372394708624,77384376320,77309411328,74964992,77321482240,0
1787748372427171360,77389111296,77309411328,79699968,77323325440,0
1787748372460698526,77391740928,77309411328,82329600,77327052800,0
1787748372494674300,77398355968,77309411328,88944640,77323718656,0
1787748372527184548,77392134144,77309411328,82722816,77322108928,0
1787748372557630077,77390528512,77309411328,81117184,77319946240,0
1787748372586459757,77388099584,77309411328,78688256,77313126400,0
1787748372617105210,77383901184,77309411328,74489856,77315219456,0
1787748372645934859,77386260480,77309411328,76849152,77311287296,0
1787748372674288020,77379960832,77309411328,70549504,77314686976,0
1787748372702374907,77382578176,77309411328,73166848,77312323584,0
1787748372731315928,77380214784,77309411328,70803456,77314940928,0
1787748372760140588,77385719808,77309411328,76308480,77314940928,0
1787748372788439248,77383884800,77309411328,74473472,77313892352,0
1787748372816603395,77382045696,77309411328,72634368,77311791104,0
1787748372844720102,77379424256,77309411328,70012928,77313363968,0
1787748372874308826,77382828032,77309411328,73416704,77313097728,0
1787748372903622564,77384658944,77309411328,75247616,77315190784,0
1787748372931830723,77383606272,77309411328,74194944,77313089536,0
1787748372960164373,77381509120,77309411328,72097792,77310992384,0
1787748372989129155,77379670016,77309411328,70258688,77314134016,0
1787748373017534547,77384646656,77309411328,75235328,77313081344,0
1787748373047555489,77384646656,77309411328,75235328,77314129920,0
1787748373077098922,77385433088,77309411328,76021760,77317537792,0
1787748373106508502,77384904704,77309411328,75493376,77315960832,0
1787748373135507865,77384114176,77309411328,74702848,77314383872,0
1787748373165258621,77385682944,77309411328,76271616,77316739072,0
1787748373194101511,77386203136,77309411328,76791808,77315424256,0
1787748373222477133,77376241664,77309411328,66830336,77310705664,0
1787748373251175280,77379383296,77309411328,69971968,77313847296,0
1787748373279810646,77383573504,77309411328,74162176,77312008192,0
1787748373308450422,77382262784,77309411328,72851456,77311746048,0
1787748373336573039,77379899392,77309411328,70488064,77313839104,0
1787748373364658575,77382520832,77309411328,73109504,77311217664,0
1787748373393499445,77379371008,77309411328,69959680,77313048576,0
1787748373422350125,77383565312,77309411328,74153984,77312786432,0
1787748373450414361,77381726208,77309411328,72314880,77314879488,0
1787748373478580168,77383032832,77309411328,73621504,77311729664,0
1787748373506373079,77378834432,77309411328,69423104,77311987712,0
1787748373534831452,77380669440,77309411328,71258112,77313822720,0
1787748373564045599,77384339456,77309411328,74928128,77314084864,0
1787748373592232097,77382496256,77309411328,73084928,77311455232,0
1787748373620148250,77379350528,77309411328,69939200,77312765952,0
1787748373648808096,77380657152,77309411328,71245824,77314596864,0
1787748373678532412,77385900032,77309411328,76488704,77315379200,0
1787748373707977993,77386940416,77309411328,77529088,77311442944,0
1787748373736105130,77380386816,77309411328,70975488,77313540096,0
1787748373764099774,77381169152,77309411328,71757824,77314846720,0
1787748373792864563,77383528448,77309411328,74117120,77312225280,0
1787748373820959979,77381951488,77309411328,72540160,77309861888,0
1787748373848700419,77377495040,77309411328,68083712,77310648320,0
1787748373876706353,77376970752,77309411328,67559424,77310382080,0
1787748373904723558,77378539520,77309411328,69128192,77312217088,0
1787748373933487307,77379584000,77309411328,70172672,77313785856,0
1787748373963010049,77384564736,77309411328,75153408,77314572288,0
1787748373991668436,77383770112,77309411328,74358784,77312466944,0
1787748374020515246,77380886528,77309411328,71475200,77314564096,0
1787748374049303225,77384290304,77309411328,74878976,77313249280,0
1787748374078925969,77384290304,77309411328,74878976,77313773568,0
1787748374108287258,77384286208,77309411328,74874880,77314293760,0
1787748374137050797,77382709248,77309411328,73297920,77311930368,0
1787748374165252055,77380870144,77309411328,71458816,77314023424,0
1787748374194188657,77382705152,77309411328,73293824,77311922176,0
1787748374222451176,77371428864,77309411328,62017536,77312970752,0
1787748374251167524,77382701056,77309411328,73289728,77311922176,0
1787748374279664647,77380861952,77309411328,71450624,77314277376,0
1787748374308595309,77383745536,77309411328,74334208,77313224704,0
1787748374337515550,77382688768,77309411328,73277440,77311123456,0
1787748374366241318,77381902336,77309411328,72491008,77315055616,0
1787748374394491537,77383999488,77309411328,74588160,77312434176,0
1787748374422375569,77380849664,77309411328,71438336,77314002944,0
1787748374451071197,77382156288,77309411328,72744960,77310853120,0
1787748374479836035,77381632000,77309411328,72220672,77314519040,0
1787748374508736296,77384249344,77309411328,74838016,77313208320,0
1787748374536785162,77381885952,77309411328,72474624,77314777088,0
1787748374564876798,77382406144,77309411328,72994816,77310840832,0
1787748374593141957,77378994176,77309411328,69582848,77311885312,0
1787748374621464168,77381877760,77309411328,72466432,77313982464,0
1787748374649889140,77382139904,77309411328,72728576,77310312448,0
1787748374678293222,77378994176,77309411328,69582848,77312671744,0
1787748374706008091,77380562944,77309411328,71151616,77313191936,0
1787748374734730749,77381611520,77309411328,72200192,77315284992,0
1787748374764152099,77386588160,77309411328,77176832,77315547136,0
1787748374792819346,77385011200,77309411328,75599872,77313445888,0
1787748374821337590,77382647808,77309411328,73236480,77311082496,0
1787748374849488177,77379497984,77309411328,70086656,77312913408,0
1787748374878568201,77381595136,77309411328,72183808,77314486272,0
1787748374907843249,77385785344,77309411328,76374016,77314482176,0
1787748374936034407,77383421952,77309411328,74010624,77311856640,0
1787748374964321597,77380009984,77309411328,70598656,77313949696,0
1787748374992701039,77381582848,77309411328,72171520,77314998272,0
1787748375022033168,77386297344,77309411328,76886016,77314469888,0
1787748375051761044,77386035200,77309411328,76623872,77315518464,0
1787748375080499332,77385240576,77309411328,75829248,77313675264,0
1787748375108846153,77382881280,77309411328,73469952,77311315968,0
1787748375137676902,77380255744,77309411328,70844416,77313671168,0
1787748375166264118,77383659520,77309411328,74248192,77311569920,0
1787748375194697720,77381300224,77309411328,71888896,77314715648,0
1787748375223096102,77374484480,77309411328,65073152,77313142784,0
1787748375251650627,77381820416,77309411328,72409088,77315497984,0
1787748375280810672,77383917568,77309411328,74506240,77312876544,0
1787748375309545430,77383131136,77309411328,73719808,77311299584,0
1787748375337444393,77379719168,77309411328,70307840,77312872448,0
1787748375365396517,77380763648,77309411328,71352320,77313916928,0
1787748375394009502,77381545984,77309411328,72134656,77315223552,0
1787748375423096747,77384167424,77309411328,74756096,77312602112,0
1787748375452177541,77382590464,77309411328,73179136,77312073728,0
1787748375480432230,77379964928,77309411328,70553600,77313380352,0
1787748375508459835,77381271552,77309411328,71860224,77314686976,0
1787748375537135772,77382840320,77309411328,73428992,77311537152,0
1787748375565737558,77382053888,77309411328,72642560,77309440000,0
1787748375593833234,77378646016,77309411328,69234688,77311537152,0
1787748375621790507,77379428352,77309411328,70017024,77312843776,0
1787748375649823013,77381263360,77309411328,71852032,77314678784,0
1787748375678825245,77382832128,77309411328,73420800,77311528960,0
1787748375707926010,77382041600,77309411328,72630272,77311000576,0
1787748375735847283,77379153920,77309411328,69742592,77312045056,0
1787748375763747186,77380198400,77309411328,70787072,77313351680,0
1787748375792604146,77380984832,77309411328,71573504,77314400256,0
1787748375821802872,77386223616,77309411328,76812288,77314134016,0
1787748375850053722,77383864320,77309411328,74452992,77311774720,0
1787748375878082727,77380456448,77309411328,71045120,77313871872,0
1787748375906044590,77381763072,77309411328,72351744,77314916352,0
1787748375934756648,77383331840,77309411328,73920512,77311766528,0
1787748375963812092,77382545408,77309411328,73134080,77310980096,0
1787748375991824897,77379133440,77309411328,69722112,77312548864,0
1787748376020101286,77380702208,77309411328,71290880,77314379776,0
1787748376048579599,77383585792,77309411328,74174464,77312200704,0
1787748376078306656,77380878336,77309411328,71467008,77316993024,0
1787748376111587397,77387243520,77309411328,77832192,77322543104,0
1787748376144026633,77390958592,77309411328,81547264,77325520896,0
1787748376176757044,77393412096,77309411328,84000768,77321183232,0
1787748376210195659,77382258688,77309411328,72847360,77319372800,0
1787748376239358925,77390409728,77309411328,80998400,77314387968,0
1787748376267696915,77383593984,77309411328,74182656,77312290816,0
1787748376295940424,77380710400,77309411328,71299072,77314650112,0
1787748376325218012,77383323648,77309411328,73912320,77312544768,0
1787748376354310987,77384372224,77309411328,74960896,77312544768,0
1787748376382475104,77381488640,77309411328,72077312,77315428352,0
1787748376410716503,77383581696,77309411328,74170368,77312540672,0
1787748376438849720,77379907584,77309411328,70496256,77313585152,0
1787748376467762871,77382791168,77309411328,73379840,77312012288,0
1787748376496955118,77382262784,77309411328,72851456,77311746048,0
1787748376524888281,77379899392,77309411328,70488064,77313576960,0
1787748376553170451,77380947968,77309411328,71536640,77315411968,0
1787748376581438810,77383041024,77309411328,73629696,77312262144,0
1787748376610527805,77381201920,77309411328,71790592,77315403776,0
1787748376639416225,77385396224,77309411328,75984896,77315141632,0
1787748376667935399,77383028736,77309411328,73617408,77312512000,0
1787748376696854041,77380669440,77309411328,71258112,77316444160,0
1787748376726061537,77384335360,77309411328,74924032,77313818624,0
1787748376754644403,77383806976,77309411328,74395648,77311979520,0
1787748376783454252,77381709824,77309411328,72298496,77315649536,0
1787748376812144889,77385117696,77309411328,75706368,77314338816,0
1787748376840576282,77381967872,77309411328,72556544,77311713280,0
1787748376869396711,77379866624,77309411328,70455296,77314330624,0
1787748376899201469,77385371648,77309411328,75960320,77315903488,0
1787748376928308544,77385105408,77309411328,75694080,77315112960,0
1787748376956842318,77381955584,77309411328,72544256,77311438848,0
1787748376985676428,77380116480,77309411328,70705152,77314318336,0
1787748377014573549,77383786496,77309411328,74375168,77312483328,0
1787748377043520360,77381951488,77309411328,72540160,77311172608,0
1787748377072211858,77380636672,77309411328,71225344,77314314240,0
1787748377100779573,77383782400,77309411328,74371072,77313003520,0
1787748377130280035,77381947392,77309411328,72536064,77311688704,0
1787748377160334207,77383249920,77309411328,73838592,77312733184,0
1787748377188704208,77382197248,77309411328,72785920,77311156224,0
1787748377216662432,77370138624,77309411328,60727296,77312724992,0
1787748377244481073,77380358144,77309411328,70946816,77313773568,0
1787748377273170360,77382193152,77309411328,72781824,77310889984,0
1787748377302548790,77381402624,77309411328,71991296,77316390912,0
1787748377331205876,77384544256,77309411328,75132928,77314289664,0
1787748377359212381,77382443008,77309411328,73031680,77310877696,0
1787748377387687694,77378772992,77309411328,69361664,77312188416,0
1787748377417103055,77382705152,77309411328,73293824,77312184320,0
1787748377446551816,77382438912,77309411328,73027584,77311922176,0
1787748377475379856,77381910528,77309411328,72499200,77311131648,0
1787748377503789988,77380333568,77309411328,70922240,77314273280,0
1787748377532377973,77382955008,77309411328,73543680,77311913984,0
1787748377561356475,77381640192,77309411328,72228864,77315317760,0
1787748377590095053,77385310208,77309411328,75898880,77314269184,0
1787748377618662438,77383995392,77309411328,74584064,77312692224,0
1787748377647175392,77381898240,77309411328,72486912,77310857216,0
1787748377676600693,77380325376,77309411328,70914048,77314785280,0
1787748377706065194,77386084352,77309411328,76673024,77315829760,0
1787748377734757411,77382672384,77309411328,73261056,77311631360,0
1787748377763106122,77381357568,77309411328,71946240,77315035136,0
1787748377791916212,77383454720,77309411328,74043392,77312151552,0
1787748377820843783,77382402048,77309411328,72990720,77309788160,0
1787748377849050661,77380304896,77309411328,70893568,77313196032,0
1787748377876946424,77381877760,77309411328,72466432,77310050304,0
1787748377905030450,77377941504,77309411328,68530176,77311356928,0
1787748377933532754,77380300800,77309411328,70889472,77313978368,0
1787748377962638268,77384491008,77309411328,75079680,77313712128,0
1787748377990947409,77382127616,77309411328,72716288,77311086592,0
1787748378019238979,77378977792,77309411328,69566464,77312917504,0
1787748378048017907,77382909952,77309411328,73498624,77311868928,0
1787748378077294055,77382119424,77309411328,72708096,77311078400,0
1787748378106922380,77382905856,77309411328,73494528,77312385024,0
1787748378135858211,77382635520,77309411328,73224192,77311594496,0
1787748378164234073,77381324800,77309411328,71913472,77314740224,0
1787748378192966031,77383680000,77309411328,74268672,77312376832,0
1787748378222647256,77372928000,77309411328,63516672,77312372736,0
1787748378251398164,77382627328,77309411328,73216000,77312106496,0
1787748378279337318,77380001792,77309411328,70590464,77313679360,0
1787748378307693269,77381836800,77309411328,72425472,77310795776,0
1787748378336804914,77378420736,77309411328,69009408,77312622592,0
1787748378365653784,77383401472,77309411328,73990144,77312098304,0
1787748378393827271,77380513792,77309411328,71102464,77314453504,0
1787748378422108851,77382610944,77309411328,73199616,77311569920,0
1787748378450825089,77377626112,77309411328,68214784,77311827968,0
1787748378479443924,77380767744,77309411328,71356416,77314445312,0
1787748378508814964,77384699904,77309411328,75288576,77314707456,0
1787748378537144335,77383385088,77309411328,73973760,77312344064,0
1787748378565133899,77379973120,77309411328,70561792,77313912832,0
1787748378594301135,77382332416,77309411328,72921088,77312339968,0
1787748378623572113,77382590464,77309411328,73179136,77311025152,0
1787748378651679079,77381279744,77309411328,71868416,77314170880,0
1787748378679994039,77382066176,77309411328,72654848,77311811584,0
1787748378708262399,77379964928,77309411328,70553600,77314166784,0
1787748378737641169,77382582272,77309411328,73170944,77312589824,0
1787748378767845624,77385728000,77309411328,76316672,77315997696,0
1787748378796183354,77384675328,77309411328,75264000,77313896448,0
1787748378824424203,77381787648,77309411328,72376320,77310746624,0
1787748378852631612,77378637824,77309411328,69226496,77313101824,0
1787748378882650513,77383880704,77309411328,74469376,77313888256,0
1787748378911443432,77383090176,77309411328,73678848,77312835584,0
1787748378939370295,77380722688,77309411328,71311360,77314400256,0
1787748378967418471,77382819840,77309411328,73408512,77311254528,0
1787748378996269231,77379145728,77309411328,69734400,77313347584,0
1787748379025060220,77383602176,77309411328,74190848,77312299008,0
1787748379053999612,77382029312,77309411328,72617984,77311512576,0
1787748379082394673,77380714496,77309411328,71303168,77314129920,0
1787748379110969958,77382811648,77309411328,73400320,77312819200,0
1787748379139829809,77380972544,77309411328,71561216,77313077248,0
1787748379169618746,77383852032,77309411328,74440704,77314121728,0
1787748379198294373,77383585792,77309411328,74174464,77312806912,0
1787748379226260807,77372313600,77309411328,62902272,77314641920,0
1787748379254985535,77382008832,77309411328,72597504,77311754240,0
1787748379284543848,77382270976,77309411328,72859648,77312012288,0
1787748379312266157,77381218304,77309411328,71806976,77314109440,0
1787748379340297632,77382004736,77309411328,72593408,77310963712,0
1787748379368356908,77377806336,77309411328,68395008,77311746048,0
1787748379397034675,77379112960,77309411328,69701632,77313314816,0
1787748379426030737,77382778880,77309411328,73367552,77312000000,0
1787748379454476490,77381730304,77309411328,72318976,77315932160,0
1787748379482692169,77383561216,77309411328,74149888,77312258048,0
1787748379511107801,77379887104,77309411328,70475776,77314088960,0
1787748379540078183,77383032832,77309411328,73621504,77312253952,0
1787748379571236925,77383294976,77309411328,73883648,77315133440,0
1787748379600327120,77386956800,77309411328,77545472,77316702208,0
1787748379629113519,77385646080,77309411328,76234752,77314863104,0
1787748379658130612,77383802880,77309411328,74391552,77312761856,0
1787748379687109545,77383016448,77309411328,73605120,77311713280,0
1787748379715825942,77381705728,77309411328,72294400,77315645440,0
1787748379744627351,77385109504,77309411328,75698176,77314478080,0
1787748379773161326,77382631424,77309411328,73220096,77311852544,0
1787748379802367322,77381058560,77309411328,71647232,77315260416,0
1787748379831942126,77386559488,77309411328,77148160,77316304896,0
1787748379860652793,77383671808,77309411328,74260480,77312892928,0
1787748379889266639,77382098944,77309411328,72687616,77311320064,0
1787748379917885455,77378949120,77309411328,69537792,77313413120,0
1787748379946829207,77383401472,77309411328,73990144,77312098304,0
1787748379975853840,77382615040,77309411328,73203712,77312098304,0
1787748380004898304,77381038080,77309411328,71626752,77315375104,0
1787748380035624208,77389819904,77309411328,80408576,77313798144,0
1787748380065354395,77384839168,77309411328,75427840,77314060288,0
1787748380094890777,77385097216,77309411328,75685888,77315104768,0
1787748380124066973,77384568832,77309411328,75157504,77314576384,0
1787748380152486346,77383778304,77309411328,74366976,77312737280,0
1787748380180754275,77380370432,77309411328,70959104,77314048000,0
1787748380209668176,77374599168,77309411328,65187840,77313257472,0
1787748380238362484,77383249920,77309411328,73838592,77312208896,0
1787748380266853477,77381148672,77309411328,71737344,77315088384,0
1787748380296637754,77383503872,77309411328,74092544,77314981888,0
1787748380329482528,77384974336,77309411328,75563008,77324496896,0
1787748380363190257,77395533824,77309411328,86122496,77325389824,0
1787748380396235434,77394853888,77309411328,85442560,77324750848,0
1787748380429417594,77393432576,77309411328,84021248,77323390976,0
1787748380461657496,77391806464,77309411328,82395136,77324378112,0
1787748380493009033,77394104320,77309411328,84692992,77319000064,0
1787748380521354323,77387415552,77309411328,78004224,77312180224,0
1787748380548505662,77353234432,77309411328,43823104,77306572800,0
1787748380643122681,77314719744,77309411328,5308416,77304233984,0
1787748380669670329,77314146304,77309411328,4734976,77309427712,0
1787748380696580093,77321207808,77309411328,11796480,77305479168,0
1787748380723471997,77316984832,77309411328,7573504,77306761216,0
1787748380750902581,77319073792,77309411328,9662464,77308588032,0
1787748380777604122,77320896512,77309411328,11485184,77305167872,0
1787748380804152360,77317476352,77309411328,8065024,77307514880,0
1787748380830670407,77319041024,77309411328,9629696,77308555264,0
1787748380857798915,77321400320,77309411328,11988992,77306195968,0
1787748380885251680,77320347648,77309411328,10936320,77305139200,0
1787748380911866489,77319270400,77309411328,9859072,77308784640,0
1787748380938490118,77323718656,77309411328,14307328,77308252160,0
1787748380965116047,77321883648,77309411328,12472320,77306155008,0
1787748380992219365,77320826880,77309411328,11415552,77305098240,0
1787748381019802122,77319778304,77309411328,10366976,77309292544,0
1787748381046927230,77323440128,77309411328,14028800,77307711488,0
1787748381073692342,77321867264,77309411328,12455936,77306662912,0
1787748381100230890,77320294400,77309411328,10883072,77304827904,0
1787748381127237096,77319245824,77309411328,9834496,77308760064,0
1787748381154640810,77323440128,77309411328,14028800,77307973632,0
1787748381181263879,77322125312,77309411328,12713984,77306396672,0
1787748381207849077,77320810496,77309411328,11399168,77305081856,0
1787748381234395325,77319761920,77309411328,10350592,77309276160,0
1787748381261350660,77323694080,77309411328,14282752,77308227584,0
1787748381288869846,77322645504,77309411328,13234176,77307179008,0
1787748381315779171,77321326592,77309411328,11915264,77305597952,0
1787748381342486471,77320278016,77309411328,10866688,77304549376,0
1787748381369236163,77318705152,77309411328,9293824,77308743680,0
1787748381396826720,77322375168,77309411328,12963840,77307695104,0
1787748381423734224,77321588736,77309411328,12177408,77306646528,0
1787748381450262992,77320011776,77309411328,10600448,77304283136,0
1787748381476777639,77318963200,77309411328,9551872,77308477440,0
1787748381503732814,77322366976,77309411328,12955648,77307162624,0
1787748381531384672,77321318400,77309411328,11907072,77306114048,0
1787748381558222825,77320794112,77309411328,11382784,77305327616,0
1787748381584780493,77318955008,77309411328,9543680,77308993536,0
1787748381611417013,77323149312,77309411328,13737984,77307420672,0
1787748381638441069,77322362880,77309411328,12951552,77306634240,0
1787748381666105328,77320261632,77309411328,10850304,77305319424,0
1787748381692701076,77318684672,77309411328,9273344,77308198912,0
1787748381719358836,77322092544,77309411328,12681216,77306626048,0
1787748381746158679,77321039872,77309411328,11628544,77305311232,0
1787748381773020142,77318942720,77309411328,9531392,77308456960,0
1787748381800524748,77322088448,77309411328,12677120,77306359808,0
1787748381827065245,77319458816,77309411328,10047488,77308973056,0
1787748381853735015,77322604544,77309411328,13193216,77306875904,0
1787748381880388755,77320507392,77309411328,11096064,77304778752,0
1787748381907323290,77318410240,77309411328,8998912,77307924480,0
1787748381934737264,77321555968,77309411328,12144640,77305827328,0
1787748381961259091,77319454720,77309411328,10043392,77308968960,0
1787748381987951471,77322600448,77309411328,13189120,77306871808,0
1787748382014726653,77320503296,77309411328,11091968,77304774656,0
1787748382041743950,77318139904,77309411328,8728576,77307654144,0
1787748382069260815,77322334208,77309411328,12922880,77306867712,0
1787748382095932476,77321281536,77309411328,11870208,77305552896,0
1787748382122463003,77319966720,77309411328,10555392,77304238080,0
1787748382148920229,77318918144,77309411328,9506816,77308432384,0
1787748382176009037,77322326016,77309411328,12914688,77307645952,0
1787748382203663825,77322326016,77309411328,12914688,77306859520,0
1787748382230261434,77321273344,77309411328,11862016,77305544704,0
1787748382256932294,77320224768,77309411328,10813440,77304496128,0
1787748382283356879,77318647808,77309411328,9236480,77308686336,0
1787748382310721242,77322579968,77309411328,13168640,77307899904,0
1787748382338073935,77322579968,77309411328,13168640,77306851328,0
1787748382364638003,77321527296,77309411328,12115968,77305798656,0
1787748382391128300,77319430144,77309411328,10018816,77309468672,0
1787748382417736869,77323886592,77309411328,14475264,77308157952,0
1787748382444755005,77322051584,77309411328,12640256,77307109376,0
1787748382472477614,77320740864,77309411328,11329536,77306060800,0
1787748382499097674,77319159808,77309411328,9748480,77309722624,0
1787748382525603691,77323354112,77309411328,13942784,77307625472,0
1787748382552220170,77322043392,77309411328,12632064,77306576896,0
1787748382579098834,77319942144,77309411328,10530816,77304737792,0
1787748382606217402,77318893568,77309411328,9482240,77308669952,0
1787748382632862891,77322821632,77309411328,13410304,77307092992,0
1787748382659462290,77321773056,77309411328,12361728,77306044416,0
1787748382686305833,77320724480,77309411328,11313152,77305257984,0
1787748382713481743,77319938048,77309411328,10526720,77304471552,0
1787748382740695573,77318623232,77309411328,9211904,77308137472,0
1787748382767540136,77322817536,77309411328,13406208,77307088896,0
1787748382794047443,77320454144,77309411328,11042816,77304725504,0
1787748382820536660,77319143424,77309411328,9732096,77308919808,0
1787748382847651558,77322551296,77309411328,13139968,77306822656,0
1787748382875129583,77320716288,77309411328,11304960,77306036224,0
1787748382901673611,77319135232,77309411328,9723904,77308649472,0
1787748382928387222,77322280960,77309411328,12869632,77306552320,0
1787748382954993811,77320183808,77309411328,10772480,77304455168,0
1787748382981975416,77318086656,77309411328,8675328,77307600896,0
1787748383009661325,77321232384,77309411328,11821056,77305503744,0
1787748383036348845,77318602752,77309411328,9191424,77308116992,0
1787748383063192199,77321744384,77309411328,12333056,77306277888,0
1787748383089775707,77318860800,77309411328,9449472,77308899328,0
1787748383117143970,77322006528,77309411328,12595200,77306540032,0
1787748383144649175,77320171520,77309411328,10760192,77305229312,0
1787748383171305925,77318070272,77309411328,8658944,77307584512,0
1787748383197866553,77321736192,77309411328,12324864,77306007552,0
1787748383224545434,77319639040,77309411328,10227712,77309415424,0
1787748383251964367,77323046912,77309411328,13635584,77307318272,0
1787748383279231338,77321736192,77309411328,12324864,77306269696,0
1787748383306052501,77319901184,77309411328,10489856,77304696832,0
1787748383332685721,77318320128,77309411328,8908800,77307834368,0
1787748383359726127,77321465856,77309411328,12054528,77305737216,0
1787748383387177962,77320417280,77309411328,11005952,77304950784,0
1787748383413876592,77319368704,77309411328,9957376,77309407232,0
1787748383440609754,77323296768,77309411328,13885440,77307568128,0
1787748383467276724,77322248192,77309411328,12836864,77306519552,0
1787748383494307030,77321199616,77309411328,11788288,77305470976,0
1787748383521746635,77320413184,77309411328,11001856,77305733120,0
1787748383548332033,77319884800,77309411328,10473472,77309661184,0
1787748383574950872,77323812864,77309411328,14401536,77308346368,0
1787748383601606552,77323026432,77309411328,13615104,77307297792,0
1787748383628574327,77322240000,77309411328,12828672,77306773504,0
1787748383656160964,77321453568,77309411328,12042240,77305724928,0
1787748383682975687,77320138752,77309411328,10727424,77304410112,0
1787748383709417043,77318819840,77309411328,9408512,77308334080,0
1787748383735992931,77323276288,77309411328,13864960,77307547648,0
1787748383762998148,77322227712,77309411328,12816384,77306499072,0
1787748383790513583,77321179136,77309411328,11767808,77306499072,0
1787748383817183533,77320388608,77309411328,10977280,77305184256,0
1787748383843781422,77319864320,77309411328,10452992,77309640704,0
1787748383870448112,77323005952,77309411328,13594624,77308063744,0
1787748383897479879,77321957376,77309411328,12546048,77306228736,0
1787748383924884452,77321170944,77309411328,11759616,77306228736,0
1787748383951548162,77321170944,77309411328,11759616,77305442304,0
1787748383978150211,77319856128,77309411328,10444800,77309370368,0
1787748384004865062,77324312576,77309411328,14901248,77308583936,0
1787748384031853188,77323522048,77309411328,14110720,77307793408,0
1787748384059438615,77322473472,77309411328,13062144,77306744832,0
1787748384086130425,77321158656,77309411328,11747328,77306216448,0
1787748384112711253,77320101888,77309411328,10690560,77304897536,0
1787748384139239321,77319049216,77309411328,9637888,77308563456,0
1787748384166300328,77323243520,77309411328,13832192,77308039168,0
1787748384193813954,77323505664,77309411328,14094336,77307777024,0
1787748384220642447,77321932800,77309411328,12521472,77306728448,0
1787748384247344697,77320093696,77309411328,10682368,77304889344,0
1787748384273855414,77318778880,77309411328,9367552,77308293120,0
1787748384300831380,77322448896,77309411328,13037568,77307244544,0
1787748384328070601,77321400320,77309411328,11988992,77306195968,0
1787748384354741361,77320085504,77309411328,10674176,77304356864,0
1787748384381285278,77319032832,77309411328,9621504,77308547072,0
1787748384408036510,77322178560,77309411328,12767232,77306449920,0
1787748384435079837,77321125888,77309411328,11714560,77305397248,0
1787748384462642003,77320339456,77309411328,10928128,77305659392,0
1787748384489269993,77319286784,77309411328,9875456,77310111744,0
1787748384515849111,77324267520,77309411328,14856192,77309849600,0
1787748384542453560,77324005376,77309411328,14594048,77309063168,0
1787748384569771952,77323743232,77309411328,14331904,77309325312,0
1787748384597228086,77324001280,77309411328,14589952,77309321216,0
1787748384623822505,77323735040,77309411328,14323712,77309054976,0
1787748384650558606,77323472896,77309411328,14061568,77305909248,0
1787748384677551592,77320851456,77309411328,11440128,77307482112,0
1787748384705198640,77322153984,77309411328,12742656,77308784640,0
1787748384732150626,77323460608,77309411328,14049280,77306159104,0
1787748384758718254,77319770112,77309411328,10358784,77306925056,0
1787748384785372023,77321342976,77309411328,11931648,77308235776,0
1787748384812393040,77322915840,77309411328,13504512,77305352192,0
1787748384839974317,77320294400,77309411328,10883072,77307449344,0
1787748384866604916,77321334784,77309411328,11923456,77308227584,0
1787748384893317147,77322117120,77309411328,12705792,77308747776,0
1787748384920027508,77323427840,77309411328,14016512,77305602048,0
1787748384947056294,77319757824,77309411328,10346496,77306912768,0
1787748384974511779,77321052160,77309411328,11640832,77307944960,0
1787748385001245710,77322096640,77309411328,12685312,77308727296,0
1787748385027993972,77322878976,77309411328,13467648,77305053184,0
1787748385054809444,77319733248,77309411328,10321920,77306363904,0
1787748385081766160,77321039872,77309411328,11628544,77307670528,0
1787748385109323956,77322350592,77309411328,12939264,77309243392,0
1787748385135980266,77323395072,77309411328,13983744,77305569280,0
1787748385162653156,77320249344,77309411328,10838016,77306880000,0
1787748385189225544,77320245248,77309411328,10833920,77306875904,0
1787748385216250361,77321293824,77309411328,11882496,77308186624,0
1787748385243675595,77321818112,77309411328,12406784,77309497344,0
1787748385270433176,77323124736,77309411328,13713408,77305298944,0
1787748385296996835,77318930432,77309411328,9519104,77305561088,0
1787748385323828068,77319454720,77309411328,10043392,77306085376,0
1787748385350831134,77319712768,77309411328,10301440,77306343424,0
1787748385377842570,77320232960,77309411328,10821632,77307912192,0
1787748385404512470,77321543680,77309411328,12132352,77308170240,0
1787748385431074028,77322588160,77309411328,13176832,77309218816,0
1787748385457815710,77322850304,77309411328,13438976,77305810944,0
1787748385484779765,77319704576,77309411328,10293248,77306335232,0
1787748385512321901,77321015296,77309411328,11603968,77308694528,0
1787748385538869109,77321793536,77309411328,12382208,77309472768,0
1787748385565613320,77323104256,77309411328,13692928,77306064896,0
1787748385592144418,77319958528,77309411328,10547200,77307375616,0
1787748385619058582,77321261056,77309411328,11849728,77308940288,0
1787748385646509867,77323358208,77309411328,13946880,77306056704,0
1787748385673204347,77320470528,77309411328,11059200,77307101184,0
1787748385699767126,77321515008,77309411328,12103680,77308145664,0
1787748385726431335,77322563584,77309411328,13152256,77309456384,0
1787748385753758228,77324136448,77309411328,14725120,77306310656,0
1787748385781163581,77320990720,77309411328,11579392,77307621376,0
1787748385807705039,77322031104,77309411328,12619776,77309186048,0
1787748385834456220,77323603968,77309411328,14192640,77306564608,0
1787748385861354405,77320458240,77309411328,11046912,77307875328,0
1787748385888703197,77322817536,77309411328,13406208,77304991744,0
1787748385916080010,77319671808,77309411328,10260480,77306302464,0
1787748385942613908,77321502720,77309411328,12091392,77308395520,0
1787748385969422930,77322280960,77309411328,12869632,77309435904,0
1787748385996436597,77323591680,77309411328,14180352,77305765888,0
1787748386024177287,77319921664,77309411328,10510336,77306814464,0
1787748386050890777,77321228288,77309411328,11816960,77307858944,0
1787748386077548367,77321490432,77309411328,12079104,77308121088,0
1787748386104187577,77322272768,77309411328,12861440,77309689856,0
1787748386131326155,77323313152,77309411328,13901824,77305487360,0
1787748386158636217,77319901184,77309411328,10489856,77306531840,0
1787748386185675894,77321474048,77309411328,12062720,77307838464,0
1787748386212256243,77322514432,77309411328,13103104,77309145088,0
1787748386238981434,77323825152,77309411328,14413824,77305999360,0
1787748386265777506,77320679424,77309411328,11268096,77307310080,0
1787748386293391983,77321990144,77309411328,12578816,77308620800,0
1787748386320248937,77323034624,77309411328,13623296,77305208832,0
1787748386346804305,77319622656,77309411328,10211328,77306253312,0
1787748386373442214,77320409088,77309411328,10997760,77308350464,0
1787748386400554312,77322506240,77309411328,13094912,77306253312,0
1787748386428044778,77321719808,77309411328,12308480,77309136896,0
1787748386454783649,77324075008,77309411328,14663680,77307297792,0
1787748386481390988,77321973760,77309411328,12562432,77309390848,0
1787748386508214191,77323018240,77309411328,13606912,77307027456,0
1787748386535040484,77320921088,77309411328,11509760,77308338176,0
1787748386562588410,77323276288,77309411328,13864960,77306499072,0
1787748386589144408,77319864320,77309411328,10452992,77308067840,0
1787748386615691356,77321961472,77309411328,12550144,77309378560,0
1787748386642249044,77322743808,77309411328,13332480,77305966592,0
1787748386669234480,77319598080,77309411328,10186752,77307801600,0
1787748386696625173,77321695232,77309411328,12283904,77309112320,0
1787748386723343084,77322739712,77309411328,13328384,77306748928,0
1787748386749775480,77320114176,77309411328,10702848,77307531264,0
1787748386776408839,77321424896,77309411328,12013568,77308841984,0
1787748386803423755,77322469376,77309411328,13058048,77306216448,0
1787748386830940571,77320630272,77309411328,11218944,77309095936,0
1787748386857632311,77322461184,77309411328,13049856,77306470400,0
1787748386884354032,77320364032,77309411328,10952704,77308043264,0
1787748386911116504,77322461184,77309411328,13049856,77305683968,0
1787748386938151891,77319311360,77309411328,9900032,77307514880,0
1787748386965607635,77321146368,77309411328,11735040,77308825600,0
1787748386992465259,77323243520,77309411328,13832192,77306466304,0
1787748387019129639,77319831552,77309411328,10420224,77307248640,0
1787748387046172866,77322190848,77309411328,12779520,77305675776,0
1787748387073446587,77320351744,77309411328,10940416,77308555264,0
1787748387100835080,77322186752,77309411328,12775424,77306458112,0
1787748387127432599,77319823360,77309411328,10412032,77307240448,0
1787748387154132650,77321920512,77309411328,12509184,77309337600,0
1787748387180923922,77322969088,77309411328,13557760,77306978304,0
1787748387208520409,77321134080,77309411328,11722752,77309337600,0
1787748387235291311,77323489280,77309411328,14077952,77307236352,0
1787748387261900270,77321388032,77309411328,11976704,77309067264,0
1787748387288585450,77322956800,77309411328,13545472,77307228160,0
1787748387315844351,77321117696,77309411328,11706368,77309321216,0
1787748387343102292,77323997184,77309411328,14585856,77307219968,0
1787748387369627629,77321900032,77309411328,12488704,77309317120,0
1787748387396362761,77323997184,77309411328,14585856,77307219968,0
1787748387422972540,77322162176,77309411328,12750848,77305384960,0
1787748387449953955,77319016448,77309411328,9605120,77306433536,0
1787748387477470271,77321371648,77309411328,11960320,77309575168,0
1787748387504183012,77324509184,77309411328,15097856,77307731968,0
1787748387530620358,77321875456,77309411328,12464128,77309554688,0
1787748387557276207,77323186176,77309411328,13774848,77306671104,0
1787748387583995778,77321089024,77309411328,11677696,77308506112,0
1787748387611450243,77322133504,77309411328,12722176,77306142720,0
1787748387638102053,77318983680,77309411328,9572352,77306400768,0
1787748387664624370,77319766016,77309411328,10354688,77307183104,0
1787748387691095506,77320544256,77309411328,11132928,77307961344,0
1787748387718017451,77321592832,77309411328,12181504,77309009920,0
1787748387745413515,77322633216,77309411328,13221888,77306904576,0
1787748387772090335,77319745536,77309411328,10334208,77308211200,0
1787748387798495130,77320527872,77309411328,11116544,77307944960,0
1787748387825066428,77322625024,77309411328,13213696,77305847808,0
1787748387851997753,77320527872,77309411328,11116544,77307944960,0
1787748387879371516,77322625024,77309411328,13213696,77305847808,0
1787748387905898034,77319995392,77309411328,10584064,77307412480,0
1787748387932328919,77321043968,77309411328,11632640,77308461056,0
1787748387958941828,77322092544,77309411328,12681216,77305315328,0
1787748387985765671,77319208960,77309411328,9797632,77306626048,0
1787748388013129024,77320257536,77309411328,10846208,77307674624,0
1787748388039779804,77320773632,77309411328,11362304,77308190720,0
1787748388066410873,77321822208,77309411328,12410880,77309239296,0
1787748388092967411,77322870784,77309411328,13459456,77306093568,0
1787748388119881145,77319987200,77309411328,10575872,77307666432,0
1787748388147251268,77322084352,77309411328,12673024,77305307136,0
1787748388173826727,77319708672,77309411328,10297344,77307387904,0
1787748388200319524,77320753152,77309411328,11341824,77308170240,0
1787748388226926422,77322326016,77309411328,12914688,77305548800,0
1787748388253733615,77319176192,77309411328,9764864,77306593280,0
1787748388281129848,77320220672,77309411328,10809344,77307637760,0
1787748388307932321,77321269248,77309411328,11857920,77308948480,0
1787748388334502479,77323350016,77309411328,13938688,77306572800,0
1787748388361045707,77320200192,77309411328,10788864,77307617280,0
1787748388388179076,77322297344,77309411328,12886016,77305520128,0
1787748388415342475,77320720384,77309411328,11309056,77308137472,0
1787748388441958004,77321502720,77309411328,12091392,77308919808,0
1787748388468545042,77322809344,77309411328,13398016,77306818560,0
1787748388495445917,77320179712,77309411328,10768384,77307858944,0
1787748388522933422,77321490432,77309411328,12079104,77308907520,0
1787748388549558051,77322522624,77309411328,13111296,77305745408,0
1787748388576098309,77319372800,77309411328,9961472,77306789888,0
1787748388602510354,77320151040,77309411328,10739712,77307830272,0
1787748388629479109,77320675328,77309411328,11264000,77308878848,0
1787748388657058976,77322772480,77309411328,13361152,77307043840,0
1787748388683667125,77321195520,77309411328,11784192,77308874752,0
1787748388710305975,77322760192,77309411328,13348864,77306769408,0
1787748388736719360,77320400896,77309411328,10989568,77307817984,0
1787748388763689286,77321711616,77309411328,12300288,77309652992,0
1787748388791354544,77323808768,77309411328,14397440,77307031552,0
1787748388817979563,77320658944,77309411328,11247616,77308076032,0
1787748388844527171,77320650752,77309411328,11239424,77308067840,0
1787748388871171291,77321699328,77309411328,12288000,77309378560,0
1787748388898132496,77321961472,77309411328,12550144,77309378560,0
1787748388925603521,77323010048,77309411328,13598720,77306232832,0
1787748388952347312,77319335936,77309411328,9924608,77307015168,0
1787748388978884000,77319331840,77309411328,9920512,77307011072,0
1787748389008322921,77321428992,77309411328,12017664,77308846080,0
1787748389035434219,77322477568,77309411328,13066240,77305700352,0
1787748389063004356,77319593984,77309411328,10182656,77307535360,0
1787748389089604514,77320110080,77309411328,10698752,77308051456,0
1787748389116218853,77321158656,77309411328,11747328,77308837888,0
1787748389142813692,77322461184,77309411328,13049856,77305683968,0
1787748389169786928,77319053312,77309411328,9641984,77306994688,0
1787748389197275983,77319577600,77309411328,10166272,77308043264,0
1787748389223800330,77320359936,77309411328,10948608,77307777024,0
1787748389250482011,77321142272,77309411328,11730944,77309083648,0
1787748389277033439,77321658368,77309411328,12247040,77309075456,0
1787748389304260669,77322182656,77309411328,12771328,77305929728,0
1787748389331665552,77318512640,77309411328,9101312,77305929728,0
1787748389358270021,77318246400,77309411328,8835072,77305925632,0
1787748389385114585,77318246400,77309411328,8835072,77306712064,0
1787748389412205402,77319028736,77309411328,9617408,77306445824,0
1787748389439636976,77319290880,77309411328,9879552,77306970112,0
1787748389466292916,77319548928,77309411328,10137600,77307490304,0
1787748389492879215,77320073216,77309411328,10661888,77307490304,0
1787748389519516594,77320073216,77309411328,10661888,77307490304,0
1787748389546285426,77320073216,77309411328,10661888,77307490304,0
1787748389573630889,77320335360,77309411328,10924032,77308276736,0
1787748389600376110,77320069120,77309411328,10657792,77308272640,0
1787748389626947298,77320069120,77309411328,10657792,77307486208,0
1787748389653583098,77320327168,77309411328,10915840,77308530688,0
1787748389680504182,77321109504,77309411328,11698176,77308526592,0
1787748389708023868,77322158080,77309411328,12746752,77305380864,0
1787748389734637157,77319012352,77309411328,9601024,77306429440,0
1787748389761312657,77320056832,77309411328,10645504,77307473920,0
1787748389787852005,77320052736,77309411328,10641408,77307469824,0
1787748389814879402,77321101312,77309411328,11689984,77308518400,0
1787748389842339096,77322149888,77309411328,12738560,77305372672,0
1787748389868982766,77318733824,77309411328,9322496,77306150912,0
1787748389895622925,77318463488,77309411328,9052160,77306142720,0
1787748389922187023,77319512064,77309411328,10100736,77306929152,0
1787748389949212130,77319774208,77309411328,10362880,77307977728,0
1787748389976545522,77321609216,77309411328,12197888,77309026304,0
1787748390003296524,77322391552,77309411328,12980224,77305614336,0
1787748390029857662,77319245824,77309411328,9834496,77306662912,0
1787748390056650394,77320818688,77309411328,11407360,77308235776,0
1787748390083560969,77321859072,77309411328,12447744,77309276160,0
1787748390111113605,77323956224,77309411328,14544896,77307179008,0
1787748390137707754,77321842688,77309411328,12431360,77309259776,0
1787748390164310743,77323939840,77309411328,14528512,77307162624,0
1787748390190919352,77321842688,77309411328,12431360,77309259776,0
1787748390218316635,77323673600,77309411328,14262272,77306896384,0
1787748390245720069,77321576448,77309411328,12165120,77308993536,0
1787748390272428759,77323673600,77309411328,14262272,77306896384,0
1787748390299295023,77321310208,77309411328,11898880,77308727296,0
1787748390325941623,77323141120,77309411328,13729792,77306363904,0
1787748390353211694,77320257536,77309411328,10846208,77308461056,0
1787748390380660588,77322350592,77309411328,12939264,77305573376,0
1787748390407265337,77319983104,77309411328,10571776,77307400192,0
1787748390433896726,77321289728,77309411328,11878400,77308706816,0
1787748390460710219,77323108352,77309411328,13697024,77307117568,0
1787748390488034971,77320749056,77309411328,11337728,77308428288,0
1787748390515282832,77322842112,77309411328,13430784,77306064896,0
1787748390541884451,77320470528,77309411328,11059200,77308149760,0
1787748390568413618,77321777152,77309411328,12365824,77309456384,0
1787748390595499536,77324132352,77309411328,14721024,77307355136,0
1787748390622668765,77322035200,77309411328,12623872,77305257984,0
1787748390650024378,77319938048,77309411328,10526720,77308141568,0
1787748390676647657,77321764864,77309411328,12353536,77309968384,0
1787748390703348468,77323862016,77309411328,14450688,77307871232,0
1787748390730488536,77322027008,77309411328,12615680,77306036224,0
1787748390757639675,77320716288,77309411328,11304960,77308133376,0
1787748390785122590,77322813440,77309411328,13402112,77306822656,0
1787748390811667648,77320183808,77309411328,10772480,77308125184,0
1787748390838380399,77322543104,77309411328,13131776,77306814464,0
1787748390865290744,77320708096,77309411328,11296768,77308649472,0
1787748390892936061,77322805248,77309411328,13393920,77306552320,0
1787748390919537770,77320441856,77309411328,11030528,77307858944,0
1787748390946038407,77321490432,77309411328,12079104,77308907520,0
1787748390972602535,77322534912,77309411328,13123584,77305757696,0
1787748390999551351,77319389184,77309411328,9977856,77307068416,0
1787748391026955874,77321482240,77309411328,12070912,77309947904,0
1787748391053778027,77323575296,77309411328,14163968,77307584512,0
1787748391080365506,77321216000,77309411328,11804672,77309419520,0
1787748391106999465,77323313152,77309411328,13901824,77306535936,0
1787748391133784667,77321216000,77309411328,11804672,77308633088,0
1787748391161314123,77323575296,77309411328,14163968,77306798080,0
1787748391188019554,77320945664,77309411328,11534336,77309411328,0
1787748391214583652,77323042816,77309411328,13631488,77306789888,0
1787748391241194701,77320945664,77309411328,11534336,77308624896,0
1787748391268192037,77323042816,77309411328,13631488,77306789888,0
1787748391295600921,77320945664,77309411328,11534336,77308624896,0
1787748391322423184,77322776576,77309411328,13365248,77305999360,0
1787748391349000442,77319888896,77309411328,10477568,77307830272,0
1787748391375452368,77321195520,77309411328,11784192,77308612608,0
1787748391402362123,77323292672,77309411328,13881344,77306515456,0
1787748391429670714,77321453568,77309411328,12042240,77309919232,0
1787748391456470997,77324070912,77309411328,14659584,77307817984,0
1787748391482970084,77321707520,77309411328,12296192,77309124608,0
1787748391509583003,77323804672,77309411328,14393344,77307027456,0
1787748391536753742,77321703424,77309411328,12292096,77309120512,0
1787748391563757968,77323796480,77309411328,14385152,77307019264,0
1787748391590401308,77321699328,77309411328,12288000,77309116416,0
1787748391617035787,77323796480,77309411328,14385152,77307019264,0
1787748391643590505,77320384512,77309411328,10973184,77307801600,0
1787748391670661933,77322481664,77309411328,13070336,77305704448,0
1787748391698235409,77320646656,77309411328,11235328,77308588032,0
1787748391724839678,77323005952,77309411328,13594624,77306228736,0
1787748391751720682,77319852032,77309411328,10440704,77308055552,0
1787748391778279290,77321420800,77309411328,12009472,77309362176,0
1787748391805252356,77322731520,77309411328,13320192,77306216448,0
1787748391832553558,77320630272,77309411328,11218944,77308309504,0
1787748391859257758,77322473472,77309411328,13062144,77305696256,0
1787748391885800296,77319061504,77309411328,9650176,77306478592,0
1787748391912456806,77321158656,77309411328,11747328,77308575744,0
1787748391939349860,77323255808,77309411328,13844480,77307002880,0
1787748391966792064,77321420800,77309411328,12009472,77309624320,0
1787748391993465414,77323776000,77309411328,14364672,77307523072,0
1787748392020209836,77321154560,77309411328,11743232,77309358080,0
1787748392046961697,77323243520,77309411328,13832192,77306466304,0
1787748392074004674,77321142272,77309411328,11730944,77308555264,0
1787748392101465249,77323235328,77309411328,13824000,77306458112,0
1787748392128134179,77321134080,77309411328,11722752,77308551168,0
1787748392154764568,77322964992,77309411328,13553664,77306187776,0
1787748392181376227,77320867840,77309411328,11456512,77308284928,0
1787748392208383384,77322964992,77309411328,13553664,77306187776,0
1787748392235833438,77320867840,77309411328,11456512,77308547072,0
1787748392262587470,77322960896,77309411328,13549568,77306707968,0
1787748392289288670,77320863744,77309411328,11452416,77308542976,0
1787748392316155654,77322694656,77309411328,13283328,77306179584,0
1787748392343204741,77320597504,77309411328,11186176,77308538880,0
1787748392370512133,77323218944,77309411328,13807616,77306966016,0
1787748392397091471,77321641984,77309411328,12230656,77309059072,0
1787748392423776992,77323739136,77309411328,14327808,77307224064,0
1787748392450457912,77321117696,77309411328,11706368,77309321216,0
1787748392477591691,77322944512,77309411328,13533184,77307215872,0
1787748392504854492,77320847360,77309411328,11436032,77309313024,0
1787748392531607863,77322932224,77309411328,13520896,77307199488,0
1787748392558172911,77320826880,77309411328,11415552,77308506112,0
1787748392584882712,77322924032,77309411328,13512704,77306146816,0
1787748392611875698,77320560640,77309411328,11149312,77307977728,0
1787748392639206010,77322395648,77309411328,12984320,77305880576,0
1787748392665893461,77319774208,77309411328,10362880,77307977728,0
1787748392692509000,77321338880,77309411328,11927552,77308755968,0
1787748392719144099,77323436032,77309411328,14024704,77307183104,0
1787748392746295478,77321863168,77309411328,12451840,77306134528,0
1787748392773735692,77320814592,77309411328,11403264,77308751872,0
1787748392800353172,77323427840,77309411328,14016512,77307699200,0
1787748392827083603,77322633216,77309411328,13221888,77306904576,0
1787748392853711062,77321842688,77309411328,12431360,77307424768,0
1787748392880665097,77322366976,77309411328,12955648,77308735488,0
1787748392908178923,77323149312,77309411328,13737984,77309255680,0
1787748392934754481,77323669504,77309411328,14258176,77307416576,0
1787748392961323359,77321834496,77309411328,12423168,77308465152,0
1787748392988003500,77322883072,77309411328,13471744,77310300160,0
1787748393014857583,77324193792,77309411328,14782464,77308203008,0
1787748393042388559,77323145216,77309411328,13733888,77306368000,0
1787748393069263373,77321048064,77309411328,11636736,77307416576,0
1787748393095862382,77321564160,77309411328,12152832,77307932672,0
1787748393122438620,77322612736,77309411328,13201408,77308981248,0
1787748393149683121,77323661312,77309411328,14249984,77306884096,0
1787748393177215107,77321564160,77309411328,12152832,77307932672,0
1787748393203735964,77322080256,77309411328,12668928,77308448768,0
1787748393230325483,77322604544,77309411328,13193216,77309497344,0
1787748393256870530,77323390976,77309411328,13979648,77306613760,0
1787748393284014559,77322080256,77309411328,12668928,77308448768,0
1787748393311522065,77323120640,77309411328,13709312,77307392000,0
1787748393338021792,77321015296,77309411328,11603968,77307908096,0
1787748393364573570,77322063872,77309411328,12652544,77308956672,0
1787748393391142278,77323636736,77309411328,14225408,77306859520,0
1787748393418237696,77321539584,77309411328,12128256,77307908096,0
1787748393445562618,77322846208,77309411328,13434880,77309476864,0
1787748393472224708,77323628544,77309411328,14217216,77307113472,0
1787748393498692884,77321265152,77309411328,11853824,77307633664,0
1787748393525488806,77322575872,77309411328,13164544,77308944384,0
1787748393552792378,77323624448,77309411328,14213120,77306847232,0
1787748393580220922,77321777152,77309411328,12365824,77309194240,0
1787748393606849022,77323866112,77309411328,14454784,77307088896,0
1787748393633658134,77321768960,77309411328,12357632,77308137472,0
1787748393660706441,77322817536,77309411328,13406208,77308919808,0
1787748393688421860,77323599872,77309411328,14188544,77306822656,0
1787748393715076260,77321236480,77309411328,11825152,77308129280,0
1787748393741602998,77322547200,77309411328,13135872,77308915712,0
1787748393768299018,77323595776,77309411328,14184448,77306818560,0
1787748393795159992,77320974336,77309411328,11563008,77307867136,0
1787748393822649977,77321498624,77309411328,12087296,77308129280,0
1787748393849238606,77322014720,77309411328,12603392,77308383232,0
1787748393875864315,77322014720,77309411328,12603392,77308383232,0
1787748393902437773,77322534912,77309411328,13123584,77309689856,0
1787748393929525611,77323321344,77309411328,13910016,77306544128,0
1787748393956878234,77320962048,77309411328,11550720,77307592704,0
1787748393983629345,77322002432,77309411328,12591104,77308370944,0
1787748394010467548,77323051008,77309411328,13639680,77306011648,0
1787748394037246430,77319643136,77309411328,10231808,77306011648,0
1787748394064395369,77320691712,77309411328,11280384,77307060224,0
1787748394091885314,77322002432,77309411328,12591104,77308633088,0
1787748394118584555,77322256384,77309411328,12845056,77309411328,0
1787748394145273066,77323304960,77309411328,13893632,77306523648,0
1787748394171890115,77320146944,77309411328,10735616,77307564032,0
1787748394198819029,77321441280,77309411328,12029952,77308858368,0
1787748394226272054,77323538432,77309411328,14127104,77307547648,0
1787748394252796721,77321428992,77309411328,12017664,77309370368,0
1787748394279479612,77323526144,77309411328,14114816,77307797504,0
1787748394306104411,77321428992,77309411328,12017664,77309370368,0
1787748394333362302,77323522048,77309411328,14110720,77308841984,0
1787748394360487380,77323255808,77309411328,13844480,77307527168,0
1787748394387202841,77322469376,77309411328,13058048,77306740736,0
1787748394413720618,77321420800,77309411328,12009472,77308837888,0
1787748394440417339,77323517952,77309411328,14106624,77308051456,0
1787748394467257722,77322207232,77309411328,12795904,77307265024,0
1787748394494832129,77321682944,77309411328,12271616,77309362176,0
1787748394521499299,77323509760,77309411328,14098432,77307781120,0
1787748394548063307,77322461184,77309411328,13049856,77306732544,0
1787748394574680546,77321412608,77309411328,12001280,77308829696,0
1787748394601636482,77322981376,77309411328,13570048,77307514880,0
1787748394629158467,77322194944,77309411328,12783616,77306466304,0
1787748394655803287,77320880128,77309411328,11468800,77308297216,0
1787748394682509258,77322977280,77309411328,13565952,77307248640,0
1787748394709080096,77321924608,77309411328,12513280,77309341696,0
1787748394736137453,77323235328,77309411328,13824000,77308293120,0
1787748394763621528,77321924608,77309411328,12513280,77309865984,0
1787748394790327089,77323755520,77309411328,14344192,77308026880,0
1787748394816843356,77321392128,77309411328,11980800,77308809216,0
1787748394843501276,77322440704,77309411328,13029376,77307498496,0
1787748394870828468,77321392128,77309411328,11980800,77308809216,0
1787748394898399635,77323227136,77309411328,13815808,77307760640,0
1787748394924945943,77321125888,77309411328,11714560,77308542976,0
1787748394951524911,77322432512,77309411328,13021184,77306703872,0
1787748394978281333,77319811072,77309411328,10399744,77307752448,0
1787748395005426742,77321117696,77309411328,11706368,77308534784,0
1787748395032925717,77322428416,77309411328,13017088,77307748352,0
1787748395059572947,77321113600,77309411328,11702272,77309054976,0
1787748395086293118,77323210752,77309411328,13799424,77307482112,0
1787748395113880325,77322162176,77309411328,12750848,77306433536,0
1787748395142756765,77321113600,77309411328,11702272,77309579264,0
1787748395169538047,77322940416,77309411328,13529088,77307211776,0
1787748395196068255,77321105408,77309411328,11694080,77308522496,0
1787748395222648763,77322416128,77309411328,13004800,77307473920,0
1787748395249630349,77321105408,77309411328,11694080,77308522496,0
1787748395277042423,77322416128,77309411328,13004800,77307473920,0
1787748395303674252,77321359360,77309411328,11948032,77308776448,0
1787748395330563206,77322407936,77309411328,12996608,77306675200,0
1787748395357100514,77320302592,77309411328,10891264,77307719680,0
1787748395384162251,77321347072,77309411328,11935744,77309026304,0
1787748395411503454,77323702272,77309411328,14290944,77307973632,0
1787748395438111713,77321859072,77309411328,12447744,77309276160,0
1787748395464813973,77323161600,77309411328,13750272,77308219392,0
1787748395491529264,77320798208,77309411328,11386880,77308739584,0
1787748395518412438,77321846784,77309411328,12435456,77309263872,0
1787748395545849892,77321846784,77309411328,12435456,77310312448,0
1787748395572489532,77322366976,77309411328,12955648,77307162624,0
1787748395599106951,77319221248,77309411328,9809920,77307162624,0
1787748395625619318,77318959104,77309411328,9547776,77307162624,0
1787748395652506852,77318696960,77309411328,9285632,77309784064,0
1787748395680016168,77321838592,77309411328,12427264,77310042112,0
1787748395706617147,77322092544,77309411328,12681216,77306626048,0
1787748395733254996,77318946816,77309411328,9535488,77306626048,0
1787748395759706842,77318684672,77309411328,9273344,77309771776,0
1787748395786739539,77322092544,77309411328,12681216,77306888192,0
1787748395814241764,77319208960,77309411328,9797632,77306888192,0
1787748395840717511,77318414336,77309411328,9003008,77309501440,0
1787748395867262479,77321293824,77309411328,11882496,77308710912,0
1787748395894001320,77321285632,77309411328,11874304,77308702720,0
1787748395921222540,77321285632,77309411328,11874304,77308702720,0
1787748395948655574,77321285632,77309411328,11874304,77309489152,0
1787748395975388846,77322330112,77309411328,12918784,77306863616,0
1787748396002115357,77319430144,77309411328,10018816,77306847232,0
1787748396029013171,77319163904,77309411328,9752576,77306580992,0
1787748396056237901,77319950336,77309411328,10539008,77307891712,0
1787748396082819630,77320470528,77309411328,11059200,77307887616,0
1787748396109360748,77320458240,77309411328,11046912,77307875328,0
1787748396135778143,77320187904,77309411328,10776576,77307604992,0
1787748396162733718,77320450048,77309411328,11038720,77307867136,0
1787748396190065021,77321498624,77309411328,12087296,77308915712,0
1787748396216528007,77321232384,77309411328,11821056,77308649472,0
1787748396243049884,77321494528,77309411328,12083200,77309698048,0
1787748396269534091,77322280960,77309411328,12869632,77306552320,0
1787748396296432135,77319135232,77309411328,9723904,77306552320,0
1787748396323718087,77321232384,77309411328,11821056,77308649472,0
1787748396350196413,77321748480,77309411328,12337152,77309427712,0
1787748396376714430,77323845632,77309411328,14434304,77308116992,0
1787748396403239618,77322797056,77309411328,13385728,77307068416,0
1787748396431230172,77321748480,77309411328,12337152,77309165568,0
1787748396458598645,77323845632,77309411328,14434304,77308379136,0
1787748396485230905,77322264576,77309411328,12853248,77306535936,0
1787748396511700411,77320425472,77309411328,11014144,77307842560,0
1787748396538191368,77321474048,77309411328,12062720,77309677568,0
1787748396565156043,77323829248,77309411328,14417920,77308100608,0
1787748396592610388,77322510336,77309411328,13099008,77307043840,0
1787748396619040354,77320142848,77309411328,10731520,77307559936,0
1787748396645553531,77321711616,77309411328,12300288,77309652992,0
1787748396672053238,77323284480,77309411328,13873152,77307555840,0
1787748396698837130,77321187328,77309411328,11776000,77308604416,0
1787748396726264884,77322489856,77309411328,13078528,77307809792,0
1787748396752722530,77321175040,77309411328,11763712,77308592128,0
1787748396779293548,77321175040,77309411328,11763712,77309116416,0
1787748396805735304,77321957376,77309411328,12546048,77309374464,0
1787748396832742391,77323005952,77309411328,13594624,77307277312,0
1787748396860074383,77320908800,77309411328,11497472,77308325888,0
1787748396886611430,77321166848,77309411328,11755520,77309370368,0
1787748396913087797,77321949184,77309411328,12537856,77309366272,0
1787748396939573354,77323776000,77309411328,14364672,77308047360,0
1787748396966616981,77320617984,77309411328,11206656,77308821504,0
1787748396993934693,77321666560,77309411328,12255232,77309083648,0
1787748397020544962,77321134080,77309411328,11722752,77309599744,0
1787748397047226122,77321912320,77309411328,12500992,77310115840,0
1787748397073894162,77322432512,77309411328,13021184,77307228160,0
1787748397101046181,77320073216,77309411328,10661888,77307490304,0
1787748397128186800,77321383936,77309411328,11972608,77308801024,0
1787748397154756838,77322432512,77309411328,13021184,77307490304,0
1787748397181358647,77319540736,77309411328,10129408,77306957824,0
1787748397208137859,77320589312,77309411328,11177984,77308006400,0
1787748397235475861,77320589312,77309411328,11177984,77308006400,0
1787748397262105690,77321113600,77309411328,11702272,77309317120,0
1787748397288647238,77321891840,77309411328,12480512,77309308928,0
1787748397315512242,77322936320,77309411328,13524992,77307990016,0
1787748397342426657,77321355264,77309411328,11943936,77308772352,0
1787748397369700408,77322403840,77309411328,12992512,77307461632,0
1787748397396437659,77321093120,77309411328,11681792,77308510208,0
1787748397423006397,77321875456,77309411328,12464128,77309554688,0
1787748397449570135,77322137600,77309411328,12726272,77307195392,0
1787748397476665413,77320826880,77309411328,11415552,77308243968,0
1787748397504095207,77321875456,77309411328,12464128,77309292544,0
1787748397530746147,77322657792,77309411328,13246464,77307715584,0
1787748397557402677,77320560640,77309411328,11149312,77308764160,0
1787748397583996886,77321342976,77309411328,11931648,77308760064,0
1787748397611057263,77322653696,77309411328,13242368,77307711488,0
1787748397638471957,77322391552,77309411328,12980224,77307711488,0
1787748397665224778,77321863168,77309411328,12451840,77309804544,0
1787748397691832007,77323960320,77309411328,14548992,77309018112,0
1787748397718496387,77323694080,77309411328,14282752,77308751872,0
1787748397745449683,77322117120,77309411328,12705792,77307961344,0
1787748397773045300,77321850880,77309411328,12439552,77309792256,0
1787748397799601508,77323681792,77309411328,14270464,77308739584,0
1787748397826323119,77322629120,77309411328,13217792,77308735488,0
1787748397852920077,77322366976,77309411328,12955648,77307240448,0
1787748397880253130,77320871936,77309411328,11460608,77309534208,0
1787748397908228314,77324214272,77309411328,14802944,77309468672,0
1787748397935292491,77323354112,77309411328,13942784,77309792256,0
1787748397962414620,77323423744,77309411328,14012416,77309509632,0
1787748397989519818,77324189696,77309411328,14778368,77308944384,0
1787748398016993753,77323624448,77309411328,14213120,77308624896,0
1787748398044998897,77323829248,77309411328,14417920,77309886464,0
1787748398072016744,77323513856,77309411328,14102528,77308788736,0
1787748398099140402,77322420224,77309411328,13008896,77308706816,0
1787748398126286281,77322338304,77309411328,12926976,77308424192,0
1787748398154265145,77322317824,77309411328,12906496,77307990016,0
1787748398182161028,77322141696,77309411328,12730368,77307985920,0
1787748398209387858,77321875456,77309411328,12464128,77310078976,0
1787748398236678270,77323972608,77309411328,14561280,77309816832,0
1787748398264003142,77323972608,77309411328,14561280,77309493248,0
1787748398291703681,77324173312,77309411328,14761984,77306445824,0
1787748398319419800,77321125888,77309411328,11714560,77309648896,0
1787748398346633480,77323010048,77309411328,13598720,77309480960,0
1787748398373617086,77323636736,77309411328,14225408,77309341696,0
1787748398400946748,77323493376,77309411328,14082048,77309861888,0
1787748398429289499,77323747328,77309411328,14336000,77309853696,0
1787748398456428138,77324267520,77309411328,14856192,77309911040,0
1787748398484066406,77324591104,77309411328,15179776,77307813888,0
1787748398511112173,77322227712,77309411328,12816384,77307617280,0
1787748398538437055,77322559488,77309411328,13148160,77307813888,0
1787748398565979611,77322493952,77309411328,13082624,77308338176,0
1787748398592542479,77321961472,77309411328,12550144,77309378560,0
1787748398619212439,77324058624,77309411328,14647296,77309378560,0
1787748398645743047,77323272192,77309411328,13860864,77309378560,0
1787748398672701132,77323010048,77309411328,13598720,77309116416,0
1787748398700243308,77323259904,77309411328,13848576,77309628416,0
1787748398727017070,77323255808,77309411328,13844480,77308575744,0
1787748398753575038,77321678848,77309411328,12267520,77309358080,0
1787748398780125616,77321936896,77309411328,12525568,77309353984,0
1787748398807171553,77322981376,77309411328,13570048,77308301312,0
1787748398834701439,77321932800,77309411328,12521472,77309874176,0
1787748398861407490,77322715136,77309411328,13303808,77308035072,0
1787748398887895657,77321666560,77309411328,12255232,77309083648,0
1787748398914622708,77322715136,77309411328,13303808,77308035072,0
1787748398941497842,77321400320,77309411328,11988992,77308817408,0
1787748398969086008,77321924608,77309411328,12513280,77309865984,0
1787748398995683517,77322706944,77309411328,13295616,77308551168,0
1787748399022348057,77321396224,77309411328,11984896,77308813312,0
1787748399049231111,77322706944,77309411328,13295616,77308026880,0
1787748399076182776,77321658368,77309411328,12247040,77309337600,0
1787748399103789644,77323755520,77309411328,14344192,77310124032,0
1787748399130448364,77323485184,77309411328,14073856,77309329408,0
1787748399157197775,77323476992,77309411328,14065664,77309059072,0
1787748399183809764,77323476992,77309411328,14065664,77308796928,0
1787748399211237078,77323476992,77309411328,14065664,77308796928,0
1787748399238708533,77323468800,77309411328,14057472,77308788736,0
1787748399268710334,77325033472,77309411328,15622144,77307207680,0
1787748399295292893,77321887744,77309411328,12476416,77309304832,0
1787748399322838079,77323198464,77309411328,13787136,77309304832,0
1787748399349870926,77323194368,77309411328,13783040,77309300736,0
1787748399376507105,77323190272,77309411328,13778944,77308510208,0
1787748399403260207,77323452416,77309411328,14041088,77308772352,0
1787748399429919147,77322665984,77309411328,13254656,77308772352,0
1787748399457010755,77322661888,77309411328,13250560,77307981824,0
1787748399484569091,77322395648,77309411328,12984320,77307715584,0
1787748399511413354,77321871360,77309411328,12460032,77310074880,0
1787748399538001623,77323702272,77309411328,14290944,77309022208,0
1787748399564711244,77323177984,77309411328,13766656,77309022208,0
1787748399591644519,77322383360,77309411328,12972032,77307703296,0
1787748399619355478,77322366976,77309411328,12955648,77308735488,0
1787748399646084999,77322100736,77309411328,12689408,77308207104,0
1787748399672758789,77322100736,77309411328,12689408,77307420672,0
1787748399699443930,77321314304,77309411328,11902976,77309730816,0
1787748399726493507,77323362304,77309411328,13950976,77308682240,0
1787748399754233317,77322838016,77309411328,13426688,77308682240,0
1787748399780749764,77321781248,77309411328,12369920,77309460480,0
1787748399807338943,77323616256,77309411328,14204928,77309460480,0
1787748399834008073,77323091968,77309411328,13680640,77308411904,0
1787748399860950518,77322567680,77309411328,13156352,77308149760,0
1787748399888492904,77322829824,77309411328,13418496,77308149760,0
1787748399915098283,77321244672,77309411328,11833344,77308923904,0
1787748399941752703,77322539008,77309411328,13127680,77307858944,0
1787748399968361852,77321740288,77309411328,12328960,77309157376,0
1787748399995449429,77323046912,77309411328,13635584,77308366848,0
1787748400022998176,77321199616,77309411328,11788288,77309665280,0
1787748400049803708,77321981952,77309411328,12570624,77309399040,0
1787748400076384427,77321715712,77309411328,12304384,77309132800,0
1787748400102966605,77321715712,77309411328,12304384,77309132800,0
1787748400130380409,77322502144,77309411328,13090816,77308084224,0
1787748400157696411,77320929280,77309411328,11517952,77308346368,0
1787748400184400752,77320663040,77309411328,11251712,77308080128,0
1787748400210940149,77320396800,77309411328,10985472,77307813888,0
1787748400237852004,77320650752,77309411328,11239424,77308329984,0
1787748400265544413,77320908800,77309411328,11497472,77308325888,0
1787748400292338865,77321428992,77309411328,12017664,77309370368,0
1787748400319083347,77321953280,77309411328,12541952,77309632512,0
1787748400345787507,77323001856,77309411328,13590528,77308583936,0
1787748400372654741,77321687040,77309411328,12275712,77309628416,0
1787748400400179327,77323784192,77309411328,14372864,77309104128,0
1787748400426749955,77323784192,77309411328,14372864,77309104128,0
1787748400453511347,77324042240,77309411328,14630912,77309362176,0
1787748400480325330,77323780096,77309411328,14368768,77309358080,0
1787748400507486799,77323251712,77309411328,13840384,77309358080,0
1787748400535204318,77324300288,77309411328,14888960,77306474496,0
1787748400561683855,77320888320,77309411328,11476992,77308305408,0
1787748400588223342,77321936896,77309411328,12525568,77309878272,0
1787748400614860822,77324025856,77309411328,14614528,77309345792,0
1787748400641811967,77322706944,77309411328,13295616,77308026880,0
1787748400669301542,77322698752,77309411328,13287424,77308805120,0
1787748400695835400,77322678272,77309411328,13266944,77308260352,0
1787748400722485310,77322670080,77309411328,13258752,77307990016,0
1787748400749143970,77322932224,77309411328,13520896,77308252160,0
1787748400776581574,77322932224,77309411328,13520896,77308252160,0
1787748400804361254,77322928128,77309411328,13516800,77308243968,0
1787748400831122966,77322387456,77309411328,12976128,77307969536,0
1787748400857807926,77321601024,77309411328,12189696,77309018112,0
1787748400884603449,77322649600,77309411328,13238272,77309018112,0
1787748400911927591,77322645504,77309411328,13234176,77307965440,0
1787748400939712152,77323169792,77309411328,13758464,77308489728,0
1787748400966498984,77322641408,77309411328,13230080,77308223488,0
1787748400993225275,77321588736,77309411328,12177408,77309005824,0
1787748401020323423,77323685888,77309411328,14274560,77309005824,0
1787748401048104513,77323685888,77309411328,14274560,77309267968,0
1787748401074928196,77323685888,77309411328,14274560,77310054400,0
1787748401101737339,77323939840,77309411328,14528512,77306900480,0
1787748401128491461,77321318400,77309411328,11907072,77307686912,0
1787748401155554198,77322366976,77309411328,12955648,77308473344,0
1787748401183437210,77323153408,77309411328,13742080,77307686912,0
1787748401210299164,77321838592,77309411328,12427264,77307944960,0
1787748401236933853,77321834496,77309411328,12423168,77307940864,0
1787748401263678705,77322096640,77309411328,12685312,77308465152,0
1787748401290535178,77322883072,77309411328,13471744,77308989440,0
1787748401318312449,77323669504,77309411328,14258176,77308203008,0
1787748401345044590,77321830400,77309411328,12419072,77308461056,0
1787748401371772951,77322862592,77309411328,13451264,77308968960,0
1787748401398547763,77323644928,77309411328,14233600,77307125760,0
1787748401425707232,77321019392,77309411328,11608064,77307912192,0
1787748401453355621,77322330112,77309411328,12918784,77308698624,0
1787748401480204284,77322850304,77309411328,13438976,77309218816,0
1787748401506822413,77323112448,77309411328,13701120,77309218816,0
1787748401533636416,77323898880,77309411328,14487552,77307645952,0
1787748401560675373,77321269248,77309411328,11857920,77308424192,0
1787748401588387752,77322051584,77309411328,12640256,77308157952,0
1787748401615016901,77321519104,77309411328,12107776,77307625472,0
1787748401641726922,77321256960,77309411328,11845632,77307363328,0
1787748401668372412,77320994816,77309411328,11583488,77307101184,0
1787748401695416999,77320208384,77309411328,10797056,77309198336,0
1787748401723363462,77323878400,77309411328,14467072,77307625472,0
1787748401749964401,77321773056,77309411328,12361728,77307879424,0
1787748401776659772,77322559488,77309411328,13148160,77308665856,0
1787748401803310132,77323870208,77309411328,14458880,77307617280,0
1787748401830385919,77322297344,77309411328,12886016,77308403712,0
1787748401858011867,77323345920,77309411328,13934592,77307355136,0
1787748401884707517,77321240576,77309411328,11829248,77308133376,0
1787748401911367037,77322027008,77309411328,12615680,77308395520,0
1787748401938125059,77322833920,77309411328,13422592,77309464576,0
1787748401965390700,77323882496,77309411328,14471168,77308416000,0
1787748401993044928,77323096064,77309411328,13684736,77309202432,0
1787748402020038474,77323612160,77309411328,14200832,77307359232,0
1787748402046986429,77322039296,77309411328,12627968,77308669952,0
1787748402073694550,77323087872,77309411328,13676544,77309718528,0
1787748402101114104,77324660736,77309411328,15249408,77308669952,0
1787748402128763402,77323350016,77309411328,13938688,77308669952,0
1787748402155564855,77322817536,77309411328,13406208,77308923904,0
1787748402182279526,77322813440,77309411328,13402112,77308919808,0
1787748402209498376,77323599872,77309411328,14188544,77308919808,0
1787748402236805358,77323599872,77309411328,14188544,77308919808,0
1787748402264332804,77323599872,77309411328,14188544,77309968384,0
1787748402291077025,77323857920,77309411328,14446592,77309702144,0
1787748402318063301,77323595776,77309411328,14184448,77309702144,0
1787748402345268711,77324378112,77309411328,14966784,77307600896,0
1787748402373097282,77322280960,77309411328,12869632,77307600896,0
1787748402399730212,77322014720,77309411328,12603392,77307334656,0
1787748402426384012,77322014720,77309411328,12603392,77307334656,0
1787748402453155304,77322014720,77309411328,12603392,77307334656,0
1787748402480156120,77322268672,77309411328,12857344,77307588608,0
1787748402507778817,77322530816,77309411328,13119488,77307850752,0
1787748402534493598,77321998336,77309411328,12587008,77307318272,0
1787748402561196849,77322260480,77309411328,12849152,77307580416,0
1787748402587760287,77322522624,77309411328,13111296,77307842560,0
1787748402614859235,77321469952,77309411328,12058624,77309673472,0
1787748402642481363,77323567104,77309411328,14155776,77309935616,0
1787748402669341966,77323567104,77309411328,14155776,77309140992,0
1787748402696021167,77323296768,77309411328,13885440,77308616704,0
1787748402722607165,77322510336,77309411328,13099008,77307830272,0
1787748402749540790,77321723904,77309411328,12312576,77309927424,0
1787748402777214959,77323558912,77309411328,14147584,77308878848,0
1787748402803946490,77322502144,77309411328,13090816,77308608512,0
1787748402830544879,77322240000,77309411328,12828672,77307559936,0
1787748402857189328,77321453568,77309411328,12042240,77308870656,0
1787748402884273486,77322764288,77309411328,13352960,77308084224,0
1787748402911873753,77321973760,77309411328,12562432,77309390848,0
1787748402938545823,77322223616,77309411328,12812288,77307805696,0
1787748402965136812,77320642560,77309411328,11231232,77308059648,0
1787748402991801032,77320904704,77309411328,11493376,77309108224,0
1787748403019096314,77321691136,77309411328,12279808,77309108224,0
1787748403046463297,77323784192,77309411328,14372864,77309104128,0
1787748403073172267,77322731520,77309411328,13320192,77308837888,0
1787748403099835667,77322469376,77309411328,13058048,77307789312,0
1787748403126412106,77321678848,77309411328,12267520,77309882368,0
1787748403153750788,77323513856,77309411328,14102528,77308833792,0
1787748403181417547,77322465280,77309411328,13053952,77307785216,0
1787748403208026146,77320876032,77309411328,11464704,77308293120,0
1787748403234523473,77321924608,77309411328,12513280,77309341696,0
1787748403261302365,77322964992,77309411328,13553664,77308547072,0
1787748403288592016,77321916416,77309411328,12505088,77310119936,0
1787748403315987200,77323489280,77309411328,14077952,77309333504,0
1787748403342564728,77322170368,77309411328,12759040,77307752448,0
1787748403369225438,77321383936,77309411328,11972608,77308801024,0
1787748403396236574,77323202560,77309411328,13791232,77309046784,0
1787748403423474435,77323726848,77309411328,14315520,77309046784,0
1787748403450744826,77323726848,77309411328,14315520,77309046784,0
1787748403477483977,77323726848,77309411328,14315520,77309046784,0
1787748403504211299,77322932224,77309411328,13520896,77308514304,0
1787748403531238165,77322145792,77309411328,12734464,77307465728,0
1787748403558503896,77322145792,77309411328,12734464,77307465728,0
1787748403585837839,77322141696,77309411328,12730368,77308248064,0
1787748403612639161,77322137600,77309411328,12726272,77307191296,0
1787748403639325421,77320818688,77309411328,11407360,77308235776,0
1787748403666347138,77322125312,77309411328,12713984,77307969536,0
1787748403693920755,77321601024,77309411328,12189696,77310066688,0
1787748403720882820,77324480512,77309411328,15069184,77307703296,0
1787748403747471579,77322121216,77309411328,12709888,77307703296,0
1787748403774069508,77321859072,77309411328,12447744,77309800448,0
1787748403801174826,77323952128,77309411328,14540800,77310058496,0
1787748403828923896,77324472320,77309411328,15060992,77307957248,0
1787748403855633457,77321842688,77309411328,12431360,77309521920,0
1787748403882340237,77323153408,77309411328,13742080,77308473344,0
1787748403908957786,77322629120,77309411328,13217792,77308473344,0
1787748403935968503,77322362880,77309411328,12951552,77307682816,0
1787748403963348576,77322362880,77309411328,12951552,77308207104,0
1787748403990092778,77322092544,77309411328,12681216,77307412480,0
1787748404016800598,77320777728,77309411328,11366400,77308194816,0
1787748404043583150,77322346496,77309411328,12935168,77308190720,0
1787748404070497995,77321805824,77309411328,12394496,77309222912,0
1787748404098044691,77323902976,77309411328,14491648,77309222912,0
1787748404124860544,77323632640,77309411328,14221312,77308952576,0
1787748404151496754,77323632640,77309411328,14221312,77308952576,0
1787748404178290676,77323366400,77309411328,13955072,77308686336,0
1787748404205323043,77323366400,77309411328,13955072,77308686336,0
1787748404232873389,77323366400,77309411328,13955072,77309734912,0
1787748404259705152,77324410880,77309411328,14999552,77307633664,0
1787748404286331501,77320994816,77309411328,11583488,77308936192,0
1787748404313326968,77323091968,77309411328,13680640,77308674048,0
1787748404340403945,77323345920,77309411328,13934592,77308665856,0
1787748404367828729,77323067392,77309411328,13656064,77309435904,0
1787748404394498809,77323063296,77309411328,13651968,77308907520,0
1787748404421249881,77323059200,77309411328,13647872,77308903424,0
1787748404448079104,77323059200,77309411328,13647872,77308641280,0
1787748404475219583,77323059200,77309411328,13647872,77308641280,0
1787748404502813940,77323321344,77309411328,13910016,77309689856,0
1787748404529571681,77322784768,77309411328,13373440,77308628992,0
1787748404556187471,77322780672,77309411328,13369344,77308100608,0
1787748404582740308,77321732096,77309411328,12320768,77309935616,0
1787748404609778045,77323829248,77309411328,14417920,77309149184,0
1787748404637426213,77323829248,77309411328,14417920,77310197760,0
1787748404664146704,77323829248,77309411328,14417920,77310197760,0
1787748404690807584,77323821056,77309411328,14409728,77309140992,0
1787748404717404203,77323538432,77309411328,14127104,77308858368,0
1787748404744562522,77323530240,77309411328,14118912,77308850176,0
1787748404772147859,77323530240,77309411328,14118912,77309636608,0
1787748404798759778,77323264000,77309411328,13852672,77309108224,0
1787748404825441109,77323264000,77309411328,13852672,77308583936,0
1787748404852145689,77322997760,77309411328,13586432,77308317696,0
1787748404879050724,77322997760,77309411328,13586432,77308317696,0
1787748404906579360,77322989568,77309411328,13578240,77308309504,0
1787748404933300491,77322723328,77309411328,13312000,77308043264,0
1787748404959866219,77322457088,77309411328,13045760,77307777024,0
1787748404986564290,77322452992,77309411328,13041664,77308035072,0
1787748405013503245,77321666560,77309411328,12255232,77309607936,0
1787748405041074721,77323763712,77309411328,14352384,77309083648,0
1787748405067808703,77323497472,77309411328,14086144,77308817408,0
1787748405094437062,77322448896,77309411328,13037568,77307768832,0
1787748405121170603,77321400320,77309411328,11988992,77309079552,0
1787748405148463055,77323231232,77309411328,13819904,77308551168,0
1787748405176139293,77322182656,77309411328,12771328,77308551168,0
1787748405202707142,77321916416,77309411328,12505088,77309333504,0
1787748405229404712,77322964992,77309411328,13553664,77308284928,0
1787748405256121043,77321916416,77309411328,12505088,77309333504,0
1787748405283471146,77323751424,77309411328,14340096,77309333504,0
1787748405311135764,77322698752,77309411328,13287424,77309067264,0
1787748405337749483,77321908224,77309411328,12496896,77308014592,0
1787748405364466154,77320597504,77309411328,11186176,77308538880,0
1787748405391509281,77321908224,77309411328,12496896,77308014592,0
1787748405419024897,77321646080,77309411328,12234752,77307752448,0
1787748405446000083,77321117696,77309411328,11706368,77309845504,0
1787748405472575531,77322952704,77309411328,13541376,77309059072,0
1787748405499444425,77321375744,77309411328,11964416,77308530688,0
1787748405526309228,77321113600,77309411328,11702272,77309317120,0
1787748405553610160,77322686464,77309411328,13275136,77309054976,0
1787748405580695798,77321371648,77309411328,11960320,77308526592,0
1787748405607293777,77320843264,77309411328,11431936,77309046784,0
1787748405633940716,77321629696,77309411328,12218368,77307736064,0
1787748405660826910,77320318976,77309411328,10907648,77309046784,0
1787748405688331956,77322153984,77309411328,12742656,77308260352,0
1787748405714925585,77320839168,77309411328,11427840,77309829120,0
1787748405741494193,77322412032,77309411328,13000704,77308518400,0
1787748405768139423,77321101312,77309411328,11689984,77309304832,0
1787748405795036177,77321887744,77309411328,12476416,77307994112,0
1787748405822442520,77320577024,77309411328,11165696,77309829120,0
1787748405849279754,77322149888,77309411328,12738560,77307985920,0
1787748405875767040,77320568832,77309411328,11157504,77308772352,0
1787748405902444751,77320298496,77309411328,10887168,77309550592,0
1787748405929324085,77321084928,77309411328,11673600,77309550592,0
1787748405956783599,77321871360,77309411328,12460032,77309026304,0
1787748405983379858,77320552448,77309411328,11141120,77309542400,0
1787748406010040858,77321076736,77309411328,11665408,77309280256,0
1787748406037061874,77321596928,77309411328,12185600,77308489728,0
1787748406064286715,77321334784,77309411328,11923456,77307441152,0
1787748406091496275,77321072640,77309411328,11661312,77309276160,0
1787748406118092824,77321592832,77309411328,12181504,77307699200,0
1787748406144710553,77320282112,77309411328,10870784,77309272064,0
1787748406171311842,77322117120,77309411328,12705792,77308747776,0
1787748406198305488,77322903552,77309411328,13492224,77309272064,0
1787748406225784223,77323681792,77309411328,14270464,77309526016,0
1787748406252457073,77323935744,77309411328,14524416,77309513728,0
1787748406279357547,77323137024,77309411328,13725696,77309243392,0
1787748406306017767,77322874880,77309411328,13463552,77310029824,0
1787748406333477522,77323915264,77309411328,14503936,77310283776,0
1787748406360699112,77324697600,77309411328,15286272,77307920384,0
1787748406387396573,77322600448,77309411328,13189120,77308968960,0
1787748406414100493,77323382784,77309411328,13971456,77308702720,0
1787748406440709482,77322596352,77309411328,13185024,77309751296,0
1787748406468039285,77323907072,77309411328,14495744,77309751296,0
1787748406495646672,77324693504,77309411328,15282176,77307916288,0
1787748406522322522,77322063872,77309411328,12652544,77308432384,0
1787748406548975052,77323112448,77309411328,13701120,77308432384,0
1787748406576066600,77323112448,77309411328,13701120,77308432384,0
1787748406603122397,77323112448,77309411328,13701120,77308432384,0
1787748406630492150,77323100160,77309411328,13688832,77308420096,0
1787748406657143170,77322559488,77309411328,13148160,77308928000,0
1787748406683859721,77323608064,77309411328,14196736,77308928000,0
1787748406710846037,77323608064,77309411328,14196736,77308928000,0
1787748406738513835,77323608064,77309411328,14196736,77309190144,0
1787748406765274627,77323341824,77309411328,13930496,77308661760,0
1787748406791864446,77322293248,77309411328,12881920,77309448192,0
1787748406818638378,77323603968,77309411328,14192640,77308923904,0
1787748406845641384,77322285056,77309411328,12873728,77309440000,0
1787748406873318132,77323333632,77309411328,13922304,77308915712,0
1787748406900129325,77323333632,77309411328,13922304,77308653568,0
1787748406926830726,77322018816,77309411328,12607488,77308387328,0
1787748406953455745,77322018816,77309411328,12607488,77308649472,0
1787748406980410230,77322014720,77309411328,12603392,77308383232,0
1787748407009085198,77323059200,77309411328,13647872,77308379136,0
1787748407035925411,77321478144,77309411328,12066816,77307846656,0
1787748407062654932,77321478144,77309411328,12066816,77308633088,0
1787748407089295372,77321736192,77309411328,12324864,77308366848,0
1787748407116346439,77321736192,77309411328,12324864,77308104704,0
1787748407143636530,77323038720,77309411328,13627392,77309407232,0
1787748407170396512,77323554816,77309411328,14143488,77309136896,0
1787748407197043312,77322502144,77309411328,13090816,77308870656,0
1787748407223759773,77322760192,77309411328,13348864,77309915136,0
1787748407250798629,77323546624,77309411328,14135296,77308866560,0
1787748407278417197,77323546624,77309411328,14135296,77308866560,0
1787748407305152198,77322489856,77309411328,13078528,77309120512,0
1787748407331930420,77323538432,77309411328,14127104,77308858368,0
1787748407358600131,77322481664,77309411328,13070336,77308850176,0
1787748407386779208,77323530240,77309411328,14118912,77308850176,0
1787748407414213683,77323530240,77309411328,14118912,77309112320,0
1787748407440790771,77322997760,77309411328,13586432,77309366272,0
1787748407467469991,77324046336,77309411328,14635008,77309366272,0
1787748407494236893,77324046336,77309411328,14635008,77309366272,0
1787748407521198569,77324038144,77309411328,14626816,77309358080,0
1787748407548741855,77324034048,77309411328,14622720,77309353984,0
1787748407575619329,77322715136,77309411328,13303808,77310132224,0
1787748407602237068,77322973184,77309411328,13561856,77309865984,0
1787748407628810256,77322448896,77309411328,13037568,77309603840,0
1787748407655877074,77322973184,77309411328,13561856,77309865984,0
1787748407683429230,77323497472,77309411328,14086144,77309865984,0
1787748407710151911,77323231232,77309411328,13819904,77308813312,0
1787748407736717059,77323231232,77309411328,13819904,77308551168,0
1787748407763460861,77322182656,77309411328,12771328,77309599744,0
1787748407790425996,77322964992,77309411328,13553664,77309595648,0
1787748407817856770,77324013568,77309411328,14602240,77310382080,0
1787748407844513970,77324009472,77309411328,14598144,77310115840,0
1787748407871179280,77324009472,77309411328,14598144,77310377984,0
1787748407897670307,77324009472,77309411328,14598144,77309591552,0
1787748407924614642,77324009472,77309411328,14598144,77309329408,0
1787748407952172399,77323743232,77309411328,14331904,77310111744,0
1787748407978899220,77324001280,77309411328,14589952,77309321216,0
1787748408005487699,77322940416,77309411328,13529088,77310095360,0
1787748408032230760,77323726848,77309411328,14315520,77309046784,0
1787748408059146665,77323984896,77309411328,14573568,77309304832,0
1787748408086716561,77323984896,77309411328,14573568,77310353408,0
1787748408113372691,77323714560,77309411328,14303232,77309820928,0
1787748408139837298,77323452416,77309411328,14041088,77309296640,0
1787748408166459357,77323452416,77309411328,14041088,77308772352,0
1787748408193394352,77323452416,77309411328,14041088,77308772352,0
1787748408220682813,77323452416,77309411328,14041088,77309558784,0
1787748408247441445,77323186176,77309411328,13774848,77309026304,0
1787748408273864711,77322919936,77309411328,13508608,77309550592,0
1787748408300514550,77323968512,77309411328,14557184,77309288448,0
1787748408327945184,77323968512,77309411328,14557184,77309550592,0
1787748408354961521,77323436032,77309411328,14024704,77309280256,0
1787748408381539319,77323436032,77309411328,14024704,77308755968,0
1787748408408076097,77323431936,77309411328,14020608,77308751872,0
1787748408434511833,77322379264,77309411328,12967936,77308747776,0
1787748408461725053,77323427840,77309411328,14016512,77308747776,0
1787748408489330910,77323427840,77309411328,14016512,77308747776,0
1787748408516045721,77323427840,77309411328,14016512,77308747776,0
1787748408542686261,77322895360,77309411328,13484032,77309263872,0
1787748408569300550,77323943936,77309411328,14532608,77309263872,0
1787748408596433979,77323673600,77309411328,14262272,77308993536,0
1787748408623969145,77323673600,77309411328,14262272,77309779968,0
1787748408650567413,77323403264,77309411328,13991936,77308723200,0
1787748408677078871,77323399168,77309411328,13987840,77308719104,0
1787748408703926824,77323399168,77309411328,13987840,77308719104,0
1787748408731346758,77323399168,77309411328,13987840,77308452864,0
1787748408758895864,77323132928,77309411328,13721600,77308977152,0
1787748408785470362,77322600448,77309411328,13189120,77309755392,0
1787748408812069391,77323911168,77309411328,14499840,77309231104,0
1787748408838700961,77322862592,77309411328,13451264,77309231104,0
1787748408866006713,77323907072,77309411328,14495744,77309227008,0
1787748408893640580,77324161024,77309411328,14749696,77308170240,0
1787748408920161548,77321527296,77309411328,12115968,77307895808,0
1787748408946731446,77322575872,77309411328,13164544,77308944384,0
1787748408973597270,77322838016,77309411328,13426688,77309992960,0
1787748409000823480,77323358208,77309411328,13946880,77308940288,0
1787748409028363496,77323358208,77309411328,13946880,77308940288,0
1787748409055143218,77322305536,77309411328,12894208,77308936192,0
1787748409081679196,77322829824,77309411328,13418496,77309722624,0
1787748409108594881,77323612160,77309411328,14200832,77308932096,0
1787748409135786440,77322563584,77309411328,13152256,77309980672,0
1787748409163147083,77323612160,77309411328,14200832,77308932096,0
1787748409189743952,77322031104,77309411328,12619776,77308399616,0
1787748409216242009,77321768960,77309411328,12357632,77308399616,0
1787748409242997551,77320982528,77309411328,11571200,77307351040,0
1787748409270381284,77320716288,77309411328,11304960,77309968384,0
1787748409297142896,77322547200,77309411328,13135872,77309702144,0
1787748409323837186,77322547200,77309411328,13135872,77309440000,0
1787748409350440725,77322547200,77309411328,13135872,77308915712,0
1787748409377332779,77322280960,77309411328,12869632,77308911616,0
1787748409404683022,77321494528,77309411328,12083200,77310222336,0
1787748409431317851,77322539008,77309411328,13127680,77309956096,0
1787748409457900210,77322539008,77309411328,13127680,77309169664,0
1787748409485106700,77322801152,77309411328,13389824,77309169664,0
1787748409512114296,77322534912,77309411328,13123584,77308903424,0
1787748409539557101,77322788864,77309411328,13377536,77309157376,0
1787748409566373123,77322780672,77309411328,13369344,77309149184,0
1787748409593014963,77322780672,77309411328,13369344,77309673472,0
1787748409619516750,77321990144,77309411328,12578816,77309407232,0
1787748409646511356,77323034624,77309411328,13623296,77309403136,0
1787748409673645105,77323558912,77309411328,14147584,77309140992,0
1787748409700835805,77322342400,77309411328,12931072,77309759488,0
1787748409727472504,77323124736,77309411328,13713408,77308968960,0
1787748409754057873,77322596352,77309411328,13185024,77308964864,0
1787748409780980857,77323644928,77309411328,14233600,77308702720,0
1787748409808165627,77322596352,77309411328,13185024,77309751296,0
1787748409835369477,77323382784,77309411328,13971456,77309489152,0
1787748409862055717,77322854400,77309411328,13443072,77309222912,0
1787748409888817529,77322850304,77309411328,13438976,77309743104,0
1787748409915927797,77323898880,77309411328,14487552,77308956672,0
1787748409943458203,77323636736,77309411328,14225408,77308694528,0
1787748409970370418,77322321920,77309411328,12910592,77309476864,0
1787748409997065688,77322059776,77309411328,12648448,77310001152,0
1787748410023890581,77322317824,77309411328,12906496,77309472768,0
1787748410051040900,77323628544,77309411328,14217216,77309210624,0
1787748410078658388,77323624448,77309411328,14213120,77308944384,0
1787748410105578873,77323358208,77309411328,13946880,77308678144,0
1787748410132240323,77322309632,77309411328,12898304,77308678144,0
1787748410158942373,77322309632,77309411328,12898304,77308940288,0
1787748410186353087,77322567680,77309411328,13156352,77309460480,0
1787748410213832962,77322305536,77309411328,12894208,77309460480,0
1787748410240452941,77322039296,77309411328,12627968,77308669952,0
1787748410267128871,77322027008,77309411328,12615680,77308395520,0
1787748410293606568,77320712192,77309411328,11300864,77309177856,0
1787748410321105803,77322809344,77309411328,13398016,77309177856,0
1787748410348342634,77323587584,77309411328,14176256,77308907520,0
1787748410375033535,77323583488,77309411328,14172160,77308903424,0
1787748410401810207,77322534912,77309411328,13123584,77309689856,0
1787748410428576399,77323583488,77309411328,14172160,77308903424,0
1787748410455612085,77322792960,77309411328,13381632,77309685760,0
1787748410483286294,77323317248,77309411328,13905920,77309685760,0
1787748410509961774,77323051008,77309411328,13639680,77309157376,0
1787748410536512682,77322784768,77309411328,13373440,77309153280,0
1787748410563184632,77323833344,77309411328,14422016,77309153280,0
1787748410590182908,77322784768,77309411328,13373440,77309939712,0
1787748410617750085,77323833344,77309411328,14422016,77310201856,0
1787748410644529097,77313863680,77309411328,4452352,77308620800,0
