ts_ns,current_before,target_current,requested,current_after,rc
1787748066998120084,77316505600,77309411328,7094272,77306470400,0
1787748067026352441,77375152128,77309411328,65740800,77312499712,0
1787748067055324762,77384327168,77309411328,74915840,77313024000,0
1787748067084274943,77379870720,77309411328,70459392,77316431872,0
1787748067112459870,77375938560,77309411328,66527232,77314859008,0
1787748067140593146,77373054976,77309411328,63643648,77311713280,0
1787748067168870174,77370433536,77309411328,61022208,77313810432,0
1787748067197496409,77370957824,77309411328,61546496,77314859008,0
1787748067225845228,77366763520,77309411328,57352192,77310402560,0
1787748067253920833,77367287808,77309411328,57876480,77310664704,0
1787748067281837365,77367025664,77309411328,57614336,77310664704,0
1787748067310504730,77367025664,77309411328,57614336,77310664704,0
1787748067339821498,77369122816,77309411328,59711488,77312761856,0
1787748067368130096,77369909248,77309411328,60497920,77313286144,0
1787748067396208331,77370433536,77309411328,61022208,77313810432,0
1787748067424253425,77370433536,77309411328,61022208,77313548288,0
1787748067453688375,77371482112,77309411328,62070784,77309878272,0
1787748067481613147,77370433536,77309411328,61022208,77312499712,0
1787748067509066410,77380919296,77309411328,71507968,77308829696,0
1787748067536401821,77377249280,77309411328,67837952,77310926848,0
1787748067564186470,77379870720,77309411328,70459392,77313286144,0
1787748067592986908,77374889984,77309411328,65478656,77313024000,0
1787748067620982161,77372268544,77309411328,62857216,77310140416,0
1787748067648627588,77368860672,77309411328,59449344,77311713280,0
1787748067676413127,77368860672,77309411328,59449344,77312237568,0
1787748067704826578,77368860672,77309411328,59449344,77312237568,0
1787748067733431413,77370171392,77309411328,60760064,77313024000,0
1787748067761120270,77369909248,77309411328,60497920,77313286144,0
1787748067789200635,77369909248,77309411328,60497920,77313548288,0
1787748067816866032,77370171392,77309411328,60760064,77313286144,0
1787748067845189541,77370171392,77309411328,60760064,77313286144,0
1787748067873691984,77371219968,77309411328,61808640,77314072576,0
1787748067901379721,77370433536,77309411328,61022208,77313548288,0
1787748067929022488,77370171392,77309411328,60760064,77313286144,0
1787748067957097022,77368074240,77309411328,58662912,77311188992,0
1787748067985595255,77368860672,77309411328,59449344,77312237568,0
1787748068013531437,77368860672,77309411328,59449344,77311975424,0
1787748068041795815,77368336384,77309411328,58925056,77311451136,0
1787748068069919191,77369122816,77309411328,59711488,77312237568,0
1787748068098301791,77368074240,77309411328,58662912,77311451136,0
1787748068126954056,77368074240,77309411328,58662912,77311451136,0
1787748068154619633,77369647104,77309411328,60235776,77311451136,0
1787748068182217709,77380919296,77309411328,71507968,77306994688,0
1787748068209304376,77363617792,77309411328,54206464,77310140416,0
1787748068237186907,77378035712,77309411328,68624384,77311713280,0
1787748068266081936,77373579264,77309411328,64167936,77311713280,0
1787748068294301594,77370957824,77309411328,61546496,77314072576,0
1787748068321949450,77370695680,77309411328,61284352,77313810432,0
1787748068349808811,77370695680,77309411328,61284352,77313286144,0
1787748068377969547,77383278592,77309411328,73867264,77311451136,0
1787748068406000631,77381181440,77309411328,71770112,77309091840,0
1787748068433873762,77378822144,77309411328,69410816,77312237568,0
1787748068461963407,77373579264,77309411328,64167936,77310664704,0
1787748068490945568,77370171392,77309411328,60760064,77313810432,0
1787748068520217015,77372530688,77309411328,63119360,77310402560,0
1787748068548261069,77369909248,77309411328,60497920,77313286144,0
1787748068576068099,77369909248,77309411328,60497920,77313286144,0
1787748068603679865,77369384960,77309411328,59973632,77312499712,0
1787748068632596015,77369909248,77309411328,60497920,77313548288,0
1787748068661095157,77370695680,77309411328,61284352,77313810432,0
1787748068689049480,77370957824,77309411328,61546496,77314334720,0
1787748068716657086,77370695680,77309411328,61284352,77313548288,0
1787748068744642419,77370433536,77309411328,61022208,77313548288,0
1787748068772712573,77383016448,77309411328,73605120,77310926848,0
1787748068800501163,77376987136,77309411328,67575808,77310140416,0
1787748068828223271,77376462848,77309411328,67051520,77313024000,0
1787748068856142763,77375152128,77309411328,65740800,77312499712,0
1787748068884588344,77372006400,77309411328,62595072,77309878272,0
1787748068913200369,77369909248,77309411328,60497920,77313024000,0
1787748068941273573,77370433536,77309411328,61022208,77313548288,0
1787748068969019092,77370433536,77309411328,61022208,77313286144,0
1787748068996859122,77370171392,77309411328,60760064,77313024000,0
1787748069025569368,77370695680,77309411328,61284352,77313810432,0
1787748069054711283,77371744256,77309411328,62332928,77309878272,0
1787748069082813408,77369384960,77309411328,59973632,77312499712,0
1787748069110578847,77369647104,77309411328,60235776,77312499712,0
1787748069138619891,77368860672,77309411328,59449344,77311975424,0
1787748069166996371,77369122816,77309411328,59711488,77311975424,0
1787748069195200238,77369647104,77309411328,60235776,77312499712,0
1787748069223164471,77365714944,77309411328,56303616,77313548288,0
1787748069250976870,77369122816,77309411328,59711488,77311975424,0
1787748069279087176,77368598528,77309411328,59187200,77310664704,0
1787748069307391045,77381443584,77309411328,72032256,77309353984,0
1787748069335182454,77379346432,77309411328,69935104,77312761856,0
1787748069363106396,77382230016,77309411328,72818688,77310402560,0
1787748069391390804,77373317120,77309411328,63905792,77311451136,0
1787748069420039040,77370957824,77309411328,61546496,77314334720,0
1787748069447701076,77371482112,77309411328,62070784,77308043264,0
1787748069474984757,77376462848,77309411328,67051520,77312761856,0
1787748069502288527,77380919296,77309411328,71507968,77308829696,0
1787748069529710980,77370695680,77309411328,61284352,77312237568,0
1787748069558012269,77368860672,77309411328,59449344,77311975424,0
1787748069585625195,77368598528,77309411328,59187200,77311451136,0
1787748069613176250,77368336384,77309411328,58925056,77311188992,0
1787748069640742815,77368074240,77309411328,58662912,77310926848,0
1787748069668799559,77367549952,77309411328,58138624,77310402560,0
1787748069696934995,77368074240,77309411328,58662912,77311188992,0
1787748069724584952,77367812096,77309411328,58400768,77310664704,0
1787748069752190818,77367549952,77309411328,58138624,77310402560,0
1787748069779697962,77367025664,77309411328,57614336,77309878272,0
1787748069808018262,77367025664,77309411328,57614336,77309878272,0
1787748069836416812,77368074240,77309411328,58662912,77310664704,0
1787748069863970657,77367812096,77309411328,58400768,77310664704,0
1787748069891537162,77367287808,77309411328,57876480,77310140416,0
1787748069919003196,77366239232,77309411328,56827904,77309353984,0
1787748069947718572,77366763520,77309411328,57352192,77310140416,0
1787748069975809097,77366763520,77309411328,57352192,77309616128,0
1787748070003260411,77365714944,77309411328,56303616,77313548288,0
1787748070031107741,77368336384,77309411328,58925056,77311451136,0
1787748070059404260,77367812096,77309411328,58400768,77310926848,0
1787748070088089246,77368598528,77309411328,59187200,77311451136,0
1787748070116107179,77369122816,77309411328,59711488,77311975424,0
1787748070143807877,77368860672,77309411328,59449344,77311188992,0
1787748070171293871,77368074240,77309411328,58662912,77310926848,0
1787748070199320344,77367287808,77309411328,57876480,77309878272,0
1787748070227751946,77363617792,77309411328,54206464,77311451136,0
1787748070255748369,77366763520,77309411328,57352192,77309616128,0
1787748070283612890,77367025664,77309411328,57614336,77309878272,0
1787748070310866619,77364142080,77309411328,54730752,77310402560,0
1787748070339476234,77364404224,77309411328,54992896,77312499712,0
1787748070367803603,77368860672,77309411328,59449344,77310664704,0
1787748070394926070,77375676416,77309411328,66265088,77311713280,0
1787748070422143279,77380132864,77309411328,70721536,77313024000,0
1787748070449914908,77381967872,77309411328,72556544,77309616128,0
1787748070478697916,77372792832,77309411328,63381504,77310402560,0
1787748070506374973,77369909248,77309411328,60497920,77312761856,0
1787748070533862837,77369384960,77309411328,59973632,77312499712,0
1787748070561291570,77373317120,77309411328,63905792,77309616128,0
1787748070588808294,77378297856,77309411328,68886528,77311713280,0
1787748070616796637,77380132864,77309411328,70721536,77313286144,0
1787748070644693209,77381443584,77309411328,72032256,77309353984,0
1787748070672844515,77373054976,77309411328,63643648,77310140416,0
1787748070700565843,77369909248,77309411328,60497920,77312761856,0
1787748070728844581,77369909248,77309411328,60497920,77313286144,0
1787748070757891934,77370957824,77309411328,61546496,77315121152,0
1787748070788446234,77370957824,77309411328,61546496,77320364032,0
1787748070818736339,77367812096,77309411328,58400768,77316956160,0
1787748070848405143,77364666368,77309411328,55255040,77317742592,0
1787748070879036564,77365190656,77309411328,55779328,77319045120,0
1787748070909280739,77378027520,77309411328,68616192,77316947968,0
1787748070939922441,77386416128,77309411328,77004800,77320187904,0
1787748070969870420,77387821056,77309411328,78409728,77315026944,0
1787748070999768568,77378465792,77309411328,69054464,77315354624,0
1787748071028315921,77373026304,77309411328,63614976,77309587456,0
1787748071056363045,77380366336,77309411328,70955008,77312733184,0
1787748071086819433,77382725632,77309411328,73314304,77316608000,0
1787748071117294472,77385289728,77309411328,75878400,77319294976,0
1787748071148045176,77371985920,77309411328,62574592,77315997696,0
1787748071177165610,77371834368,77309411328,62423040,77313077248,0
1787748071206358675,77374156800,77309411328,64745472,77312704512,0
1787748071235719763,77380861952,77309411328,71450624,77318459392,0
1787748071264553841,77386878976,77309411328,77467648,77310795776,0
1787748071293264298,77374496768,77309411328,65085440,77312106496,0
1787748071320899564,77370302464,77309411328,60891136,77313417216,0
1787748071349447098,77369778176,77309411328,60366848,77315514368,0
1787748071379223024,77371875328,77309411328,62464000,77313855488,0
1787748071408393568,77377818624,77309411328,68407296,77313351680,0
1787748071436422652,77382033408,77309411328,72622080,77310447616,0
1787748071463699512,77374410752,77309411328,64999424,77310910464,0
1787748071491421520,77370679296,77309411328,61267968,77314056192,0
1787748071519703199,77370679296,77309411328,61267968,77313794048,0
1787748071548518807,77371727872,77309411328,62316544,77309861888,0
1787748071576281586,77368582144,77309411328,59170816,77311959040,0
1787748071604333790,77368057856,77309411328,58646528,77312393216,0
1787748071631870485,77369016320,77309411328,59604992,77311868928,0
1787748071659854158,77370064896,77309411328,60653568,77313179648,0
1787748071688864550,77370851328,77309411328,61440000,77314752512,0
1787748071716961255,77371899904,77309411328,62488576,77309509632,0
1787748071744732104,77369016320,77309411328,59604992,77311868928,0
1787748071772495393,77368754176,77309411328,59342848,77311606784,0
1787748071801243950,77369278464,77309411328,59867136,77312131072,0
1787748071829429046,77370064896,77309411328,60653568,77312917504,0
1787748071856965301,77369802752,77309411328,60391424,77312393216,0
1787748071884487976,77369278464,77309411328,59867136,77312131072,0
1787748071913225233,77369802752,77309411328,60391424,77312655360,0
1787748071941664144,77370589184,77309411328,61177856,77313179648,0
1787748071969166428,77370327040,77309411328,60915712,77312917504,0
1787748071996609531,77369540608,77309411328,60129280,77311868928,0
1787748072024322869,77369016320,77309411328,59604992,77311606784,0
1787748072052863512,77369278464,77309411328,59867136,77312655360,0
1787748072081090940,77370064896,77309411328,60653568,77312655360,0
1787748072108651345,77369278464,77309411328,59867136,77312393216,0
1787748072136157939,77368754176,77309411328,59342848,77311344640,0
1787748072163538281,77368229888,77309411328,58818560,77310820352,0
1787748072192524583,77379502080,77309411328,70090752,77314752512,0
1787748072222264728,77376094208,77309411328,66682880,77315014656,0
1787748072250683439,77383696384,77309411328,74285056,77311868928,0
1787748072279052159,77380026368,77309411328,70615040,77313703936,0
1787748072307220555,77383172096,77309411328,73760768,77310820352,0
1787748072335677007,77374783488,77309411328,65372160,77310820352,0
1787748072363565078,77379239936,77309411328,69828608,77312393216,0
1787748072391332977,77379502080,77309411328,70090752,77312393216,0
1787748072418975674,77374259200,77309411328,64847872,77311344640,0
1787748072447269332,77371113472,77309411328,61702144,77312655360,0
1787748072475152584,77382909952,77309411328,73498624,77309247488,0
1787748072502443514,77378191360,77309411328,68780032,77310296064,0
1787748072529619182,77378453504,77309411328,69042176,77310558208,0
1787748072557085805,77371113472,77309411328,61702144,77313703936,0
1787748072585353514,77370851328,77309411328,61440000,77313703936,0
1787748072613852556,77371375616,77309411328,61964288,77308723200,0
1787748072641370961,77367967744,77309411328,58556416,77310558208,0
1787748072668696501,77367443456,77309411328,58032128,77309509632,0
1787748072696294177,77376356352,77309411328,66945024,77312655360,0
1787748072724230460,77382385664,77309411328,72974336,77309247488,0
1787748072751408428,77373472768,77309411328,64061440,77308985344,0
1787748072778972373,77368754176,77309411328,59342848,77311082496,0
1787748072806386416,77368229888,77309411328,58818560,77310558208,0
1787748072834474780,77367967744,77309411328,58556416,77310296064,0
1787748072862860271,77366919168,77309411328,57507840,77309247488,0
1787748072890307554,77366132736,77309411328,56721408,77307936768,0
1787748072918040742,77365084160,77309411328,55672832,77313703936,0
1787748072945940494,77381861376,77309411328,72450048,77309771776,0
1787748072974695651,77378977792,77309411328,69566464,77312655360,0
1787748073004393665,77384482816,77309411328,75071488,77314228224,0
1787748073032956779,77379239936,77309411328,69828608,77313703936,0
1787748073061281638,77375569920,77309411328,66158592,77313179648,0
1787748073089858652,77372948480,77309411328,63537152,77310283776,0
1787748073118222922,77370052608,77309411328,60641280,77313167360,0
1787748073145774177,77369004032,77309411328,59592704,77311844352,0
1787748073173333742,77368467456,77309411328,59056128,77311320064,0
1787748073200729024,77367943168,77309411328,58531840,77307387904,0
1787748073229317569,77364011008,77309411328,54599680,77311582208,0
1787748073257765860,77367156736,77309411328,57745408,77310533632,0
1787748073285995258,77367943168,77309411328,58531840,77311320064,0
1787748073314374198,77368205312,77309411328,58793984,77311582208,0
1787748073342130227,77368729600,77309411328,59318272,77310795776,0
1787748073370097769,77378428928,77309411328,69017600,77311844352,0
1787748073398546371,77381836800,77309411328,72425472,77309747200,0
1787748073426356221,77379215360,77309411328,69804032,77312368640,0
1787748073454179261,77373448192,77309411328,64036864,77310795776,0
1787748073481488371,77370826752,77309411328,61415424,77312630784,0
1787748073509076427,77380001792,77309411328,70590464,77312892928,0
1787748073536875727,77382885376,77309411328,73474048,77310533632,0
1787748073564023954,77378953216,77309411328,69541888,77312106496,0
1787748073591647071,77372661760,77309411328,63250432,77310271488,0
1787748073619409660,77368991744,77309411328,59580416,77311582208,0
1787748073647645527,77382098944,77309411328,72687616,77310009344,0
1787748073675676431,77380526080,77309411328,71114752,77308174336,0
1787748073703180445,77375807488,77309411328,66396160,77312106496,0
1787748073730877773,77371351040,77309411328,61939712,77308698624,0
1787748073758862106,77367681024,77309411328,58269696,77310795776,0
1787748073787317378,77368205312,77309411328,58793984,77311320064,0
1787748073815520345,77368991744,77309411328,59580416,77311844352,0
1787748073843004958,77368729600,77309411328,59318272,77311582208,0
1787748073870429691,77368205312,77309411328,58793984,77310795776,0
1787748073898749990,77367418880,77309411328,58007552,77310271488,0
1787748073927173062,77368205312,77309411328,58793984,77311320064,0
1787748073954736927,77367943168,77309411328,58531840,77311057920,0
1787748073982012607,77368729600,77309411328,59318272,77310533632,0
1787748074009417879,77378691072,77309411328,69279744,77312106496,0
1787748074037602536,77381836800,77309411328,72425472,77309485056,0
1787748074065701461,77380526080,77309411328,71114752,77308174336,0
1787748074093503531,77370826752,77309411328,61415424,77313417216,0
1787748074121433243,77370302464,77309411328,60891136,77313417216,0
1787748074148886296,77370302464,77309411328,60891136,77312106496,0
1787748074177061412,77382361088,77309411328,72949760,77310271488,0
1787748074204711339,77372661760,77309411328,63250432,77308174336,0
1787748074232000189,77376331776,77309411328,66920448,77312630784,0
1787748074259895761,77372137472,77309411328,62726144,77308436480,0
1787748074288133248,77368729600,77309411328,59318272,77312368640,0
1787748074316581090,77370826752,77309411328,61415424,77313679360,0
1787748074347390295,77384196096,77309411328,74784768,77318922240,0
1787748074380696055,77388390400,77309411328,78979072,77324951552,0
1787748074414090798,77394944000,77309411328,85532672,77326000128,0
1787748074445650126,77380788224,77309411328,71376896,77319708672,0
1787748074476510902,77389963264,77309411328,80551936,77316706304,0
1787748074507144493,77384601600,77309411328,75190272,77318012928,0
1787748074539095939,77386694656,77309411328,77283328,77323173888,0
1787748074569833463,77379272704,77309411328,69861376,77317173248,0
1787748074600764920,77386903552,77309411328,77492224,77320179712,0
1787748074631615595,77389123584,77309411328,79712256,77317640192,0
1787748074659985675,77386321920,77309411328,76910592,77314813952,0
1787748074687876657,77374844928,77309411328,65433600,77312454656,0
1787748074716602113,77371699200,77309411328,62287872,77314027520,0
1787748074745017004,77371961344,77309411328,62550016,77313417216,0
1787748074773983315,77381312512,77309411328,71901184,77315239936,0
1787748074802897695,77384708096,77309411328,75296768,77313495040,0
1787748074831776895,77381914624,77309411328,72503296,77315674112,0
1787748074863820002,77378588672,77309411328,69177344,77319286784,0
1787748074899648609,77387706368,77309411328,78295040,77332078592,0
1787748074932747395,77401808896,77309411328,92397568,77327253504,0
1787748074965517126,77381517312,77309411328,72105984,77322735616,0
1787748074997384070,77376475136,77309411328,67063808,77319901184,0
1787748075028082053,77390155776,77309411328,80744448,77320851456,0
1787748075057884080,77391630336,77309411328,82219008,77314535424,0
1787748075086564615,77384790016,77309411328,75378688,77310496768,0
1787748075115310682,77373935616,77309411328,64524288,77309972480,0
1787748075143646972,77370003456,77309411328,60592128,77310758912,0
1787748075171687506,77368168448,77309411328,58757120,77313904640,0
1787748075199468595,77368954880,77309411328,59543552,77309710336,0
1787748075227806015,77363449856,77309411328,54038528,77309448192,0
1787748075255844029,77368168448,77309411328,58757120,77312856064,0
1787748075283770011,77382324224,77309411328,72912896,77312593920,0
1787748075312043929,77382062080,77309411328,72650752,77313642496,0
1787748075340075303,77382324224,77309411328,72912896,77313380352,0
1787748075369729676,77382848512,77309411328,73437184,77316263936,0
1787748075398847850,77387567104,77309411328,78155776,77314166784,0
1787748075428337481,77384421376,77309411328,75010048,77312856064,0
1787748075456741341,77381275648,77309411328,71864320,77312593920,0
1787748075486526657,77379964928,77309411328,70553600,77313544192,0
1787748075517551946,77382225920,77309411328,72814592,77318651904,0
1787748075548248489,77388906496,77309411328,79495168,77320306688,0
1787748075578861690,77386104832,77309411328,76693504,77318344704,0
1787748075607777600,77376016384,77309411328,66605056,77315002368,0
1787748075638377871,77384732672,77309411328,75321344,77314600960,0
1787748075668622796,77384855552,77309411328,75444224,77315129344,0
1787748075698552494,77384335360,77309411328,74924032,77319041024,0
1787748075728076726,77375401984,77309411328,65990656,77315207168,0
1787748075758894061,77384151040,77309411328,74739712,77321027584,0
1787748075792554578,77392330752,77309411328,82919424,77324730368,0
1787748075826137083,77394722816,77309411328,85311488,77328113664,0
1787748075857783473,77384212480,77309411328,74801152,77323796480,0
1787748075892357377,77392478208,77309411328,83066880,77328285696,0
1787748075930258152,77398540288,77309411328,89128960,77335486464,0
1787748075966089439,77404954624,77309411328,95543296,77331140608,0
1787748075997356062,77388812288,77309411328,79400960,77319491584,0
1787748076029546112,77389484032,77309411328,80072704,77322899456,0
1787748076059652614,77391056896,77309411328,81645568,77318635520,0
1787748076088660416,77386792960,77309411328,77381632,77312344064,0
1787748076116822412,77376307200,77309411328,66895872,77311295488,0
1787748076145777123,77371850752,77309411328,62439424,77310771200,0
1787748076174064232,77370015744,77309411328,60604416,77314179072,0
1787748076201956243,77370015744,77309411328,60604416,77310246912,0
1787748076229435347,77365035008,77309411328,55623680,77313392640,0
1787748076257725025,77367656448,77309411328,58245120,77311557632,0
1787748076286589594,77368967168,77309411328,59555840,77313130496,0
1787748076314340603,77372375040,77309411328,62963712,77309460480,0
1787748076342040081,77378928640,77309411328,69517312,77311819776,0
1787748076369499644,77378404352,77309411328,68993024,77311557632,0
1787748076397816613,77381025792,77309411328,71614464,77309198336,0
1787748076426081271,77373947904,77309411328,64536576,77312344064,0
1787748076454007784,77371326464,77309411328,61915136,77308411904,0
1787748076481444537,77376569344,77309411328,67158016,77309460480,0
1787748076509070133,77378142208,77309411328,68730880,77310771200,0
1787748076537458943,77381812224,77309411328,72400896,77309460480,0
1787748076565834094,77372375040,77309411328,62963712,77311033344,0
1787748076593615583,77370015744,77309411328,60604416,77313916928,0
1787748076621049206,77370015744,77309411328,60604416,77313654784,0
1787748076649461857,77372375040,77309411328,62963712,77309722624,0
1787748076677220446,77379452928,77309411328,70041600,77312606208,0
1787748076704796301,77381812224,77309411328,72400896,77309460480,0
1787748076731952819,77377355776,77309411328,67944448,77310246912,0
1787748076760055294,77370540032,77309411328,61128704,77308936192,0
1787748076788457155,77368442880,77309411328,59031552,77312081920,0
1787748076816447188,77368967168,77309411328,59555840,77312868352,0
1787748076845941789,77372899328,77309411328,63488000,77314056192,0
1787748076876034200,77383262208,77309411328,73850880,77317373952,0
1787748076907137240,77386317824,77309411328,76906496,77316861952,0
1787748076938074358,77386854400,77309411328,77443072,77317648384,0
1787748076967504197,77375582208,77309411328,66170880,77312831488,0
1787748076995501030,77381251072,77309411328,71839744,77310345216,0
1787748077023304660,77379026944,77309411328,69615616,77311918080,0
1787748077051725691,77383483392,77309411328,74072064,77310869504,0
1787748077080070831,77380075520,77309411328,70664192,77314539520,0
1787748077108427060,77380599808,77309411328,71188480,77309820928,0
1787748077136192070,77370900480,77309411328,61489152,77309558784,0
1787748077164475868,77367754752,77309411328,58343424,77311655936,0
1787748077193169604,77368279040,77309411328,58867712,77311918080,0
1787748077220549706,77363822592,77309411328,54411264,77312180224,0
1787748077247990409,77366444032,77309411328,57032704,77310345216,0
1787748077275456543,77366444032,77309411328,57032704,77310083072,0
1787748077304076157,77366181888,77309411328,56770560,77309558784,0
1787748077332233683,77376667648,77309411328,67256320,77310083072,0
1787748077359717257,77379289088,77309411328,69877760,77312180224,0
1787748077387111319,77379289088,77309411328,69877760,77312180224,0
1787748077415389468,77371949056,77309411328,62537728,77310345216,0
1787748077443866590,77369851904,77309411328,60440576,77313228800,0
1787748077471446816,77370114048,77309411328,60702720,77314015232,0
1787748077499650563,77370114048,77309411328,60702720,77315252224,0
1787748077527068965,77368729600,77309411328,59318272,77312106496,0
1787748077555141640,77369253888,77309411328,59842560,77312630784,0
1787748077583395608,77370302464,77309411328,60891136,77313941504,0
1787748077610864821,77370302464,77309411328,60891136,77313941504,0
1787748077638388716,77370040320,77309411328,60628992,77313941504,0
1787748077665810219,77370040320,77309411328,60628992,77313679360,0
1787748077694019096,77370040320,77309411328,60628992,77313941504,0
1787748077722508108,77371351040,77309411328,61939712,77309747200,0
1787748077750083034,77368205312,77309411328,58793984,77311844352,0
1787748077777560747,77368205312,77309411328,58793984,77311582208,0
1787748077805263615,77367681024,77309411328,58269696,77311582208,0
1787748077833919931,77368729600,77309411328,59318272,77312630784,0
1787748077862202499,77370040320,77309411328,60628992,77313417216,0
1787748077889745314,77369778176,77309411328,60366848,77313417216,0
1787748077917323020,77369253888,77309411328,59842560,77312630784,0
1787748077945583258,77369253888,77309411328,59842560,77313155072,0
1787748077974306334,77370826752,77309411328,61415424,77309222912,0
1787748078001830369,77367681024,77309411328,58269696,77311320064,0
1787748078029536737,77367681024,77309411328,58269696,77310271488,0
1787748078057462029,77378953216,77309411328,69541888,77312106496,0
1787748078085534233,77381574656,77309411328,72163328,77309222912,0
1787748078113695860,77379739648,77309411328,70328320,77313155072,0
1787748078141897297,77373710336,77309411328,64299008,77312106496,0
1787748078169929010,77370826752,77309411328,61415424,77309222912,0
1787748078197348213,77368991744,77309411328,59580416,77311844352,0
1787748078225191564,77371875328,77309411328,62464000,77308960768,0
1787748078252832120,77378428928,77309411328,69017600,77311320064,0
1787748078280173982,77379215360,77309411328,69804032,77312106496,0
1787748078307954611,77372399616,77309411328,62988288,77310533632,0
1787748078336256270,77369516032,77309411328,60104704,77313417216,0
1787748078364529408,77371875328,77309411328,62464000,77309747200,0
1787748078392012642,77377904640,77309411328,68493312,77311057920,0
1787748078419439925,77376856064,77309411328,67444736,77310009344,0
1787748078446714295,77378428928,77309411328,69017600,77311320064,0
1787748078475299739,77371875328,77309411328,62464000,77311057920,0
1787748078504340711,77370826752,77309411328,61415424,77309485056,0
1787748078531571400,77378428928,77309411328,69017600,77310533632,0
1787748078558881671,77377904640,77309411328,68493312,77310795776,0
1787748078586186732,77379215360,77309411328,69804032,77312106496,0
1787748078614618753,77372923904,77309411328,63512576,77311582208,0
1787748078643219897,77370826752,77309411328,61415424,77309485056,0
1787748078670375095,77369516032,77309411328,60104704,77311844352,0
1787748078697627575,77380263936,77309411328,70852608,77313155072,0
1787748078725033687,77381836800,77309411328,72425472,77308960768,0
1787748078752787586,77377118208,77309411328,67706880,77310009344,0
1787748078781417261,77371351040,77309411328,61939712,77309747200,0
1787748078809096548,77368467456,77309411328,59056128,77312106496,0
1787748078836682384,77368467456,77309411328,59056128,77312106496,0
1787748078864744058,77368729600,77309411328,59318272,77312630784,0
1787748078893543446,77369516032,77309411328,60104704,77313417216,0
1787748078921806894,77370826752,77309411328,61415424,77309222912,0
1787748078949419301,77367681024,77309411328,58269696,77311582208,0
1787748078976660390,77379739648,77309411328,70328320,77312831488,0
1787748079004470710,77381513216,77309411328,72101888,77309423616,0
1787748079033472242,77380988928,77309411328,71577600,77309161472,0
1787748079062014095,77372076032,77309411328,62664704,77310996480,0
1787748079089801194,77369978880,77309411328,60567552,77313093632,0
1787748079117797247,77383086080,77309411328,73674752,77311258624,0
1787748079145728530,77380464640,77309411328,71053312,77307850752,0
1787748079173488578,77377843200,77309411328,68431872,77310734336,0
1787748079201073934,77371027456,77309411328,61616128,77305229312,0
1787748079228500717,77363425280,77309411328,54013952,77311782912,0
1787748079256025292,77366046720,77309411328,56635392,77309685760,0
1787748079284243699,77366308864,77309411328,56897536,77309685760,0
1787748079312623079,77380726784,77309411328,71315456,77308899328,0
1787748079340501480,77378629632,77309411328,69218304,77311782912,0
1787748079368590115,77381513216,77309411328,72101888,77309161472,0
1787748079396888484,77372338176,77309411328,62926848,77310734336,0
1787748079425878436,77371551744,77309411328,62140416,77310210048,0
1787748079454242575,77371027456,77309411328,61616128,77309685760,0
1787748079482498543,77369192448,77309411328,59781120,77313355776,0
1787748079510376375,77369978880,77309411328,60567552,77313880064,0
1787748079538542221,77369716736,77309411328,60305408,77313617920,0
1787748079567320918,77371027456,77309411328,61616128,77309685760,0
1787748079595188159,77367881728,77309411328,58470400,77311782912,0
1787748079622868747,77368406016,77309411328,58994688,77311782912,0
1787748079650597075,77368143872,77309411328,58732544,77311782912,0
1787748079678224212,77370241024,77309411328,60829696,77312569344,0
1787748079706235565,77382561792,77309411328,73150464,77309685760,0
1787748079733643868,77379153920,77309411328,69742592,77312045056,0
1787748079760923378,77380202496,77309411328,70791168,77313093632,0
1787748079788652366,77373386752,77309411328,63975424,77311782912,0
1787748079817153169,77370503168,77309411328,61091840,77308637184,0
1787748079845227563,77379153920,77309411328,69742592,77312307200,0
1787748079873029703,77381251072,77309411328,71839744,77308637184,0
1787748079901080447,77378891776,77309411328,69480448,77311782912,0
1787748079930073699,77373124608,77309411328,63713280,77312045056,0
1787748079959531769,77371813888,77309411328,62402560,77311782912,0
1787748079989250554,77368668160,77309411328,59256832,77318074368,0
1787748080019550159,77376532480,77309411328,67121152,77316427776,0
1787748080052951052,77386420224,77309411328,77008896,77322981376,0
1787748080085263064,77394284544,77309411328,84873216,77319835648,0
1787748080117366612,77383798784,77309411328,74387456,77321408512,0
1787748080146110679,77379866624,77309411328,70455296,77315047424,0
1787748080173471281,77383467008,77309411328,74055680,77310853120,0
1787748080201482254,77379272704,77309411328,69861376,77309018112,0
1787748080229729672,77375074304,77309411328,65662976,77312421888,0
1787748080257581353,77371142144,77309411328,61730816,77309538304,0
1787748080285218580,77367996416,77309411328,58585088,77311897600,0
1787748080312797445,77368258560,77309411328,58847232,77311897600,0
1787748080340934991,77368520704,77309411328,59109376,77312421888,0
1787748080369455784,77369831424,77309411328,60420096,77313470464,0
1787748080397096731,77369831424,77309411328,60420096,77313732608,0
1787748080424852200,77369831424,77309411328,60420096,77313994752,0
1787748080452622509,77369831424,77309411328,60420096,77313732608,0
1787748080481753923,77371142144,77309411328,61730816,77309800448,0
1787748080510351227,77369307136,77309411328,59895808,77313208320,0
1787748080538078875,77370093568,77309411328,60682240,77313994752,0
1787748080565620190,77369831424,77309411328,60420096,77313732608,0
1787748080596258782,77376647168,77309411328,67235840,77316182016,0
1787748080627043906,77369659392,77309411328,60248064,77319852032,0
1787748080656864373,77366775808,77309411328,57364480,77316444160,0
1787748080686424575,77363630080,77309411328,54218752,77317492736,0
1787748080714173654,77366775808,77309411328,57364480,77310894080,0
1787748080741835461,77379313664,77309411328,69902336,77312204800,0
1787748080769726102,77381672960,77309411328,72261632,77309059072,0
1787748080797037673,77377740800,77309411328,68329472,77310894080,0
1787748080824781732,77371187200,77309411328,61775872,77309583360,0
1787748080852599052,77368041472,77309411328,58630144,77311680512,0
1787748080881484031,77369090048,77309411328,59678720,77312991232,0
1787748080909160559,77370138624,77309411328,60727296,77313777664,0
1787748080936722864,77369876480,77309411328,60465152,77313515520,0
1787748080964321430,77369876480,77309411328,60465152,77313515520,0
1787748080992578568,77370138624,77309411328,60727296,77314039808,0
1787748081021091461,77369876480,77309411328,60465152,77313515520,0
1787748081049540972,77370925056,77309411328,61513728,77309321216,0
1787748081077544186,77368565760,77309411328,59154432,77312204800,0
1787748081105087481,77368827904,77309411328,59416576,77312466944,0
1787748081134116063,77369090048,77309411328,59678720,77315088384,0
1787748081165003839,77369352192,77309411328,59940864,77319282688,0
1787748081195261344,77367255040,77309411328,57843712,77316784128,0
1787748081224976848,77361348608,77309411328,51937280,77314523136,0
1787748081254691253,77362233344,77309411328,52822016,77315686400,0
1787748081284869776,77363396608,77309411328,53985280,77316812800,0
1787748081314211985,77365309440,77309411328,55898112,77316644864,0
1787748081343275537,77386113024,77309411328,76701696,77316714496,0
1787748081370800282,77384347648,77309411328,74936320,77311471616,0
1787748081398573311,77380415488,77309411328,71004160,77313568768,0
1787748081427366709,77374648320,77309411328,65236992,77312782336,0
1787748081455138448,77382512640,77309411328,73101312,77309898752,0
1787748081482472959,77378842624,77309411328,69431296,77311471616,0
1787748081509637837,77379891200,77309411328,70479872,77312520192,0
1787748081537959297,77373337600,77309411328,63926272,77311471616,0
1787748081566380288,77371502592,77309411328,62091264,77309374464,0
1787748081594233158,77368356864,77309411328,58945536,77312258048,0
1787748081622703150,77381201920,77309411328,71790592,77310947328,0
1787748081650980438,77379366912,77309411328,69955584,77313568768,0
1787748081679739166,77384085504,77309411328,74674176,77312782336,0
1787748081707608017,77382250496,77309411328,72839168,77311209472,0
1787748081735448137,77379104768,77309411328,69693440,77313306624,0
1787748081763337158,77380939776,77309411328,71528448,77309898752,0
1787748081791535425,77372289024,77309411328,62877696,77310423040,0
1787748081819634781,77370716160,77309411328,61304832,77307801600,0
1787748081846824609,77376745472,77309411328,67334144,77309374464,0
1787748081874623759,77377269760,77309411328,67858432,77311696896,0
1787748081902062882,77380116480,77309411328,70705152,77313531904,0
1787748081930741358,77374087168,77309411328,64675840,77312483328,0
1787748081958979305,77372252160,77309411328,62840832,77309861888,0
1787748081986195824,77378281472,77309411328,68870144,77310910464,0
1787748082013794800,77379592192,77309411328,70180864,77312745472,0
1787748082042134140,77383000064,77309411328,73588736,77310648320,0
1787748082071190343,77374611456,77309411328,65200128,77313269760,0
1787748082099500622,77373300736,77309411328,63889408,77311696896,0
1787748082126833423,77380378624,77309411328,70967296,77313269760,0
1787748082154275536,77379854336,77309411328,70443008,77313269760,0
1787748082181982414,77381689344,77309411328,72278016,77309337600,0
1787748082210945825,77370413056,77309411328,61001728,77314576384,0
1787748082239165352,77373296640,77309411328,63885312,77311954944,0
1787748082266923571,77370413056,77309411328,61001728,77313789952,0
1787748082295748289,77371199488,77309411328,61788160,77312217088,0
1787748082326190798,77380898816,77309411328,71487488,77315461120,0
1787748082356234328,77385191424,77309411328,75780096,77318541312,0
1787748082385990004,77386960896,77309411328,77549568,77315657728,0
1787748082416079856,77370183680,77309411328,60772352,77315465216,0
1787748082447862648,77363961856,77309411328,54550528,77317681152,0
1787748082478812436,77360672768,77309411328,51261440,77317582848,0
1787748082508503230,77371060224,77309411328,61648896,77318197248,0
1787748082539233013,77386878976,77309411328,77467648,77321785344,0
1787748082569714942,77390467072,77309411328,81055744,77318754304,0
1787748082601529175,77389008896,77309411328,79597568,77318803456,0
1787748082631734499,77376475136,77309411328,67063808,77320773632,0
1787748082661226860,77389193216,77309411328,79781888,77314752512,0
1787748082690265162,77382647808,77309411328,73236480,77316235264,0
1787748082720119500,77385179136,77309411328,75767808,77314609152,0
1787748082750964765,77375688704,77309411328,66277376,77316878336,0
1787748082779736273,77368520704,77309411328,59109376,77317402624,0
1787748082807549803,77368520704,77309411328,59109376,77309526016,0
1787748082839526469,77377683456,77309411328,68272128,77323694080,0
1787748082871840721,77395259392,77309411328,85848064,77317578752,0
1787748082902605735,77387833344,77309411328,78422016,77319843840,0
1787748082931050977,77389574144,77309411328,80162816,77310930944,0
1787748082959493338,77379088384,77309411328,69677056,77310144512,0
1787748082988334637,77374894080,77309411328,65482752,77314863104,0
1787748083017487581,77377777664,77309411328,68366336,77314195456,0
1787748083047776677,77384450048,77309411328,75038720,77314797568,0
1787748083077264677,77384265728,77309411328,74854400,77318242304,0
1787748083107250507,77387186176,77309411328,77774848,77317758976,0
1787748083136652216,77375692800,77309411328,66281472,77314703360,0
1787748083165116148,77384171520,77309411328,74760192,77311172608,0
1787748083193173142,77380902912,77309411328,71491584,77310648320,0
1787748083220446793,77370941440,77309411328,61530112,77309075456,0
1787748083249011806,77377495040,77309411328,68083712,77313007616,0
1787748083278302673,77381951488,77309411328,72540160,77313007616,0
1787748083306621302,77374873600,77309411328,65462272,77314580480,0
1787748083334709307,77373038592,77309411328,63627264,77312483328,0
1787748083363270641,77371203584,77309411328,61792256,77310648320,0
1787748083391347996,77371990016,77309411328,62578688,77310386176,0
1787748083419842768,77381427200,77309411328,72015872,77309517824,0
1787748083448575935,77379248128,77309411328,69836800,77315887104,0
1787748083477710729,77383782400,77309411328,74371072,77316878336,0
1787748083507136848,77376122880,77309411328,66711552,77314859008,0
1787748083535947637,77384327168,77309411328,74915840,77311930368,0
1787748083563415640,77380874240,77309411328,71462912,77310619648,0
1787748083590733061,77379039232,77309411328,69627904,77308522496,0
1787748083618493460,77370126336,77309411328,60715008,77311143936,0
1787748083646487223,77369339904,77309411328,59928576,77310095360,0
1787748083675597167,77369339904,77309411328,59928576,77311283200,0
1787748083703808054,77369741312,77309411328,60329984,77310496768,0
1787748083731745146,77368430592,77309411328,59019264,77309186048,0
1787748083759187479,77366071296,77309411328,56659968,77311545344,0
1787748083787144332,77370789888,77309411328,61378560,77310234624,0
1787748083815145745,77379440640,77309411328,70029312,77309186048,0
1787748083842942415,77378654208,77309411328,69242880,77308661760,0
1787748083870325197,77378129920,77309411328,68718592,77313118208,0
1787748083898426152,77372100608,77309411328,62689280,77312856064,0
1787748083927460524,77374984192,77309411328,65572864,77312856064,0
1787748083955878375,77382324224,77309411328,72912896,77311545344,0
1787748083983787387,77374197760,77309411328,64786432,77312331776,0
1787748084012396562,77370527744,77309411328,61116416,77309186048,0
1787748084040409905,77369479168,77309411328,60067840,77312069632,0
1787748084068742595,77383372800,77309411328,73961472,77311283200,0
1787748084096680577,77380751360,77309411328,71340032,77308575744,0
1787748084124409315,77377781760,77309411328,68370432,77310935040,0
1787748084152190865,77371228160,77309411328,61816832,77309624320,0
1787748084180772089,77369126912,77309411328,59715584,77313028096,0
1787748084209983884,77366505472,77309411328,57094144,77313290240,0
1787748084239870412,77366243328,77309411328,56832000,77316173824,0
1787748084269458525,77363097600,77309411328,53686272,77317222400,0
1787748084299255111,77363097600,77309411328,53686272,77317222400,0
1787748084329922483,77376204800,77309411328,66793472,77315854336,0
1787748084358618929,77382701056,77309411328,73289728,77312184320,0
1787748084387182353,77374574592,77309411328,65163264,77313495040,0
1787748084415022893,77371953152,77309411328,62541824,77310611456,0
1787748084443459355,77368807424,77309411328,59396096,77313232896,0
1787748084472169501,77372739584,77309411328,63328256,77311397888,0
1787748084499962490,77370380288,77309411328,60968960,77314543616,0
1787748084527859452,77370904576,77309411328,61493248,77309825024,0
1787748084555812534,77368020992,77309411328,58609664,77312446464,0
1787748084584500200,77369856000,77309411328,60444672,77314543616,0
1787748084613551873,77372477440,77309411328,63066112,77311922176,0
1787748084642330131,77371953152,77309411328,62541824,77311397888,0
1787748084670369125,77370380288,77309411328,60968960,77314543616,0
1787748084699087541,77370380288,77309411328,60968960,77316087808,0
1787748084729280395,77371400192,77309411328,61988864,77313994752,0
1787748084757009383,77369569280,77309411328,60157952,77312421888,0
1787748084784806923,77381890048,77309411328,72478720,77309538304,0
1787748084812186495,77378220032,77309411328,68808704,77311635456,0
1787748084839935653,77380317184,77309411328,70905856,77313470464,0
1787748084868976766,77377433600,77309411328,68022272,77312421888,0
1787748084897527479,77375336448,77309411328,65925120,77314519040,0
1787748084925679536,77373501440,77309411328,64090112,77312159744,0
1787748084953760680,77370617856,77309411328,61206528,77309800448,0
1787748084982624900,77368520704,77309411328,59109376,77312684032,0
1787748085010900088,77370880000,77309411328,61468672,77308751872,0
1787748085038957612,77378482176,77309411328,69070848,77311897600,0
1787748085067184200,77382152192,77309411328,72740864,77310324736,0
1787748085095254765,77380055040,77309411328,70643712,77313470464,0
1787748085124003502,77374812160,77309411328,65400832,77313470464,0
1787748085152585386,77372977152,77309411328,63565824,77311897600,0
1787748085180990466,77370617856,77309411328,61206528,77309538304,0
1787748085208797186,77365374976,77309411328,55963648,77313994752,0
1787748085236455143,77369307136,77309411328,59895808,77312159744,0
1787748085264857534,77382938624,77309411328,73527296,77310849024,0
1787748085292934369,77380841472,77309411328,71430144,77308383232,0
1787748085320500934,77378375680,77309411328,68964352,77311528960,0
1787748085349588938,77371559936,77309411328,62148608,77312942080,0
1787748085380521655,77372973056,77309411328,63561728,77317136384,0
1787748085411717577,77387390976,77309411328,77979648,77318184960,0
1787748085442714635,77387915264,77309411328,78503936,77318926336,0
1787748085472328898,77388132352,77309411328,78721024,77315051520,0
1787748085502871858,77372461056,77309411328,63049728,77316132864,0
1787748085533169663,77368823808,77309411328,59412480,77317517312,0
1787748085563502029,77368111104,77309411328,58699776,77317459968,0
1787748085593417888,77366480896,77309411328,57069568,77315514368,0
1787748085621631765,77365846016,77309411328,56434688,77310001152,0
1787748085650028566,77381042176,77309411328,71630848,77308690432,0
1787748085677784645,77378682880,77309411328,69271552,77311311872,0
1787748085705540983,77380517888,77309411328,71106560,77308428288,0
1787748085733336843,77370556416,77309411328,61145088,77308952576,0
1787748085762099510,77368459264,77309411328,59047936,77312098304,0
1787748085790237866,77369507840,77309411328,60096512,77313409024,0
1787748085818288880,77370294272,77309411328,60882944,77314195456,0
1787748085846249163,77370556416,77309411328,61145088,77309214720,0
1787748085874235866,77367934976,77309411328,58523648,77311574016,0
1787748085902171188,77370294272,77309411328,60882944,77313146880,0
1787748085930049939,77382877184,77309411328,73465856,77310525440,0
1787748085957893910,77379731456,77309411328,70320128,77313146880,0
1787748085985509056,77382352896,77309411328,72941568,77310001152,0
1787748086014094920,77372653568,77309411328,63242240,77310787584,0
1787748086042322848,77371604992,77309411328,62193664,77308690432,0
1787748086070235080,77379207168,77309411328,69795840,77312098304,0
1787748086098139711,77381828608,77309411328,72417280,77309476864,0
1787748086125534783,77377896448,77309411328,68485120,77311311872,0
1787748086154259710,77372129280,77309411328,62717952,77310525440,0
1787748086182484288,77371080704,77309411328,61669376,77308166144,0
1787748086210109654,77369245696,77309411328,59834368,77312098304,0
1787748086238845251,77381566464,77309411328,72155136,77311234048,0
1787748086268936503,77380177920,77309411328,70766592,77319360512,0
1787748086299548364,77376507904,77309411328,67096576,77316476928,0
1787748086329290569,77386207232,77309411328,76795904,77313437696,0
1787748086357264892,77381332992,77309411328,71921664,77309243392,0
1787748086385106503,77379235840,77309411328,69824512,77311864832,0
1787748086414013533,77373988864,77309411328,64577536,77312647168,0
1787748086442402943,77377658880,77309411328,68247552,77310812160,0
1787748086470305565,77380542464,77309411328,71131136,77308452864,0
1787748086497732788,77377134592,77309411328,67723264,77310025728,0
1787748086525435445,77378707456,77309411328,69296128,77311860736,0
1787748086553668013,77372678144,77309411328,63266816,77311336448,0
1787748086581465503,77369794560,77309411328,60383232,77313695744,0
1787748086609125840,77369532416,77309411328,60121088,77313433600,0
1787748086636773367,77369532416,77309411328,60121088,77313695744,0
1787748086664872002,77369528320,77309411328,60116992,77313691648,0
1787748086693051608,77372674048,77309411328,63262720,77309759488,0
1787748086720916709,77379489792,77309411328,70078464,77312643072,0
1787748086748548046,77382111232,77309411328,72699904,77309497344,0
1787748086775809656,77377392640,77309411328,67981312,77310545920,0
1787748086804285918,77370839040,77309411328,61427712,77309235200,0
1787748086832639778,77369266176,77309411328,59854848,77311856640,0
1787748086861167631,77381586944,77309411328,72175616,77310783488,0
1787748086888727546,77379989504,77309411328,70578176,77313142784,0
1787748086916487645,77382086656,77309411328,72675328,77309734912,0
1787748086945158541,77373173760,77309411328,63762432,77311569920,0
1787748086973539661,77370814464,77309411328,61403136,77309734912,0
1787748087001989533,77368193024,77309411328,58781696,77312880640,0
1787748087029857664,77373435904,77309411328,64024576,77310783488,0
1787748087057846157,77379989504,77309411328,70578176,77313404928,0
1787748087086197696,77384183808,77309411328,74772480,77311832064,0
1787748087114079118,77379727360,77309411328,70316032,77312880640,0
1787748087142392077,77373698048,77309411328,64286720,77312618496,0
1787748087170150986,77371338752,77309411328,61927424,77308948480,0
1787748087198316892,77378678784,77309411328,69267456,77312094208,0
1787748087226359366,77373435904,77309411328,64024576,77310521344,0
1787748087254221237,77379989504,77309411328,70578176,77313404928,0
1787748087282500976,77373960192,77309411328,64548864,77312618496,0
1787748087310941767,77371338752,77309411328,61927424,77309997056,0
1787748087339769486,77369503744,77309411328,60092416,77313667072,0
1787748087368166196,77371076608,77309411328,61665280,77309734912,0
1787748087396067548,77368455168,77309411328,59043840,77312356352,0
1787748087423778816,77368717312,77309411328,59305984,77312356352,0
1787748087452129836,77369241600,77309411328,59830272,77313142784,0
1787748087480918673,77370552320,77309411328,61140992,77309210624,0
1787748087508490759,77367930880,77309411328,58519552,77311307776,0
1787748087536020284,77367668736,77309411328,58257408,77311307776,0
1787748087563755482,77367144448,77309411328,57733120,77311045632,0
1787748087592142743,77367668736,77309411328,58257408,77311569920,0
1787748087620670986,77368979456,77309411328,59568128,77313142784,0
1787748087648731760,77370028032,77309411328,60616704,77313667072,0
1787748087676534230,77370290176,77309411328,60878848,77314191360,0
1787748087704636665,77370552320,77309411328,61140992,77309210624,0
1787748087733368372,77368717312,77309411328,59305984,77312880640,0
1787748087761614560,77370028032,77309411328,60616704,77314191360,0
1787748087790008280,77370552320,77309411328,61140992,77309210624,0
1787748087817925882,77367930880,77309411328,58519552,77312094208,0
1787748087846083348,77368455168,77309411328,59043840,77312356352,0
1787748087875010639,77371600896,77309411328,62189568,77310521344,0
1787748087903423510,77369765888,77309411328,60354560,77314191360,0
1787748087931290321,77383659520,77309411328,74248192,77311307776,0
1787748087958554981,77379727360,77309411328,70316032,77312618496,0
1787748087986876300,77381038080,77309411328,71626752,77308948480,0
1787748088015477124,77371338752,77309411328,61927424,77310521344,0
1787748088043588830,77370290176,77309411328,60878848,77313404928,0
1787748088071567483,77383135232,77309411328,73723904,77310783488,0
1787748088099893852,77381300224,77309411328,71888896,77309210624,0
1787748088128085299,77379989504,77309411328,70578176,77313142784,0
1787748088156464929,77374222336,77309411328,64811008,77313142784,0
1787748088184548124,77371863040,77309411328,62451712,77310521344,0
1787748088211979757,77364260864,77309411328,54849536,77312618496,0
1787748088240129913,77369503744,77309411328,60092416,77312094208,0
1787748088268406101,77382873088,77309411328,73461760,77311045632,0
1787748088296365714,77380513792,77309411328,71102464,77308162048,0
1787748088323902469,77377368064,77309411328,67956736,77310521344,0
1787748088352413052,77370552320,77309411328,61140992,77309210624,0
1787748088380776572,77369241600,77309411328,59830272,77312094208,0
1787748088408728874,77382086656,77309411328,72675328,77309997056,0
1787748088436609865,77379203072,77309411328,69791744,77312618496,0
1787748088464333204,77382348800,77309411328,72937472,77309997056,0
1787748088494348594,77372649472,77309411328,63238144,77315502080,0
1787748088525040437,77369241600,77309411328,59830272,77318225920,0
1787748088554339834,77368033280,77309411328,58621952,77313974272,0
1787748088583457148,77383704576,77309411328,74293248,77315162112,0
1787748088615122418,77383843840,77309411328,74432512,77321658368,0
1787748088644705011,77391388672,77309411328,81977344,77312393216,0
1787748088673354476,77382123520,77309411328,72712192,77311082496,0
1787748088701370760,77380288512,77309411328,70877184,77314490368,0
1787748088729551406,77383434240,77309411328,74022912,77312655360,0
1787748088758048369,77381074944,77309411328,71663616,77309771776,0
1787748088787139482,77381337088,77309411328,71925760,77310558208,0
1787748088815475622,77377929216,77309411328,68517888,77312393216,0
1787748088843393194,77372686336,77309411328,63275008,77311082496,0
1787748088871338566,77369802752,77309411328,60391424,77313441792,0
1787748088899190917,77372162048,77309411328,62750720,77309509632,0
1787748088926964106,77379502080,77309411328,70090752,77312655360,0
1787748088954857657,77382385664,77309411328,72974336,77309771776,0
1787748088982235399,77378977792,77309411328,69566464,77312131072,0
1787748089010776342,77372162048,77309411328,62750720,77310558208,0
1787748089039369347,77370851328,77309411328,61440000,77308461056,0
1787748089068754526,77378453504,77309411328,69042176,77315645440,0
1787748089096961333,77385375744,77309411328,75964416,77313732608,0
1787748089124291364,77382152192,77309411328,72740864,77309800448,0
1787748089152964189,77372715008,77309411328,63303680,77311111168,0
1787748089181849969,77379530752,77309411328,70119424,77314519040,0
1787748089210272190,77370617856,77309411328,61206528,77309538304,0
1787748089238022269,77368258560,77309411328,58847232,77311897600,0
1787748089266013622,77368258560,77309411328,58847232,77311897600,0
1787748089293942464,77373501440,77309411328,64090112,77310849024,0
1787748089321898007,77380579328,77309411328,71168000,77308227584,0
1787748089349657296,77377171456,77309411328,67760128,77310849024,0
1787748089377334913,77380317184,77309411328,70905856,77313208320,0
1787748089406079310,77374025728,77309411328,64614400,77313208320,0
1787748089435617352,77372715008,77309411328,63303680,77312421888,0
1787748089464149295,77370875904,77309411328,61464576,77309796352,0
1787748089491940145,77372448768,77309411328,63037440,77310320640,0
1787748089519499870,77378736128,77309411328,69324800,77312413696,0
1787748089548008353,77382144000,77309411328,72732672,77310578688,0
1787748089576672258,77380042752,77309411328,70631424,77315739648,0
1787748089604744053,77373407232,77309411328,63995904,77312851968,0
1787748089632496782,77369470976,77309411328,60059648,77313634304,0
1787748089660695749,77369995264,77309411328,60583936,77313372160,0
1787748089689615129,77383626752,77309411328,74215424,77313105920,0
1787748089717772475,77382836224,77309411328,73424896,77311008768,0
1787748089745684157,77380214784,77309411328,70803456,77314154496,0
1787748089774684869,77379952640,77309411328,70541312,77316513792,0
1787748089803220212,77375754240,77309411328,66342912,77310218240,0
1787748089832380686,77380993024,77309411328,71581696,77311000576,0
1787748089860845058,77381513216,77309411328,72101888,77310210048,0
1787748089888692779,77379416064,77309411328,70004736,77313093632,0
1787748089917541508,77374693376,77309411328,65282048,77314400256,0
1787748089948575527,77373116416,77309411328,63705088,77317541888,0
1787748089979157858,77368659968,77309411328,59248640,77319114752,0
1787748090009393002,77367087104,77309411328,57675776,77316231168,0
1787748090040671035,77386485760,77309411328,77074432,77317541888,0
1787748090072561410,77387530240,77309411328,78118912,77320298496,0
1787748090106509333,77390548992,77309411328,81137664,77325414400,0
1787748090137721715,77374431232,77309411328,65019904,77319454720,0
1787748090168979938,77387870208,77309411328,78458880,77318811648,0
1787748090200808121,77388013568,77309411328,78602240,77320196096,0
1787748090232137016,77384159232,77309411328,74747904,77319417856,0
1787748090261327031,77376036864,77309411328,66625536,77317193728,0
1787748090290825652,77385351168,77309411328,75939840,77317419008,0
1787748090322927330,77385834496,77309411328,76423168,77322690560,0
1787748090353938549,77393465344,77309411328,84054016,77319393280,0
1787748090384936607,77389119488,77309411328,79708160,77320486912,0
1787748090415269793,77385760768,77309411328,76349440,77316902912,0
1787748090445979157,77377720320,77309411328,68308992,77319536640,0
1787748090479816167,77390839808,77309411328,81428480,77323649024,0
1787748090512324003,77394161664,77309411328,84750336,77324365824,0
1787748090543601766,77393833984,77309411328,84422656,77322330112,0
1787748090573830241,77390749696,77309411328,81338368,77316300800,0
1787748090603498665,77386289152,77309411328,76877824,77313937408,0
1787748090632933054,77383667712,77309411328,74256384,77316296704,0
1787748090662884663,77385498624,77309411328,76087296,77315244032,0
1787748090694045335,77383925760,77309411328,74514432,77322416128,0
1787748090726444719,77391355904,77309411328,81944576,77320773632,0
1787748090758674180,77391810560,77309411328,82399232,77320683520,0
1787748090789043287,77383335936,77309411328,73924608,77319450624,0
1787748090817398326,77374763008,77309411328,65351680,77311475712,0
1787748090845796827,77370195968,77309411328,60784640,77311213568,0
1787748090875259207,77378322432,77309411328,68911104,77315670016,0
1787748090903923903,77384613888,77309411328,75202560,77315407872,0
1787748090932359664,77384613888,77309411328,75202560,77315670016,0
1787748090960965079,77377273856,77309411328,67862528,77313048576,0
1787748090989659975,77372817408,77309411328,63406080,77313048576,0
1787748091018039415,77369933824,77309411328,60522496,77309067264,0
1787748091047863892,77379321856,77309411328,69910528,77318463488,0
1787748091076578818,77388193792,77309411328,78782464,77315117056,0
1787748091104786976,77384060928,77309411328,74649600,77313544192,0
1787748091134083413,77376720896,77309411328,67309568,77314068480,0
1787748091163074884,77373050880,77309411328,63639552,77315117056,0
1787748091191271611,77371998208,77309411328,62586880,77312491520,0
1787748091219105822,77372260352,77309411328,62849024,77311442944,0
1787748091247287538,77379338240,77309411328,69926912,77309079552,0
1787748091275260891,77378547712,77309411328,69136384,77313798144,0
1787748091304094710,77373304832,77309411328,63893504,77314981888,0
1787748091334194792,77372129280,77309411328,62717952,77317840896,0
1787748091363263375,77369475072,77309411328,60063744,77311016960,0
1787748091391682986,77371043840,77309411328,61632512,77310226432,0
1787748091420020136,77379694592,77309411328,70283264,77309964288,0
1787748091448102550,77379170304,77309411328,69758976,77308915712,0
1787748091476035012,77377593344,77309411328,68182016,77312581632,0
1787748091506527762,77372084224,77309411328,62672896,77317033984,0
1787748091536108464,77371297792,77309411328,61886464,77315153920,0
1787748091566808067,77384097792,77309411328,74686464,77321261056,0
1787748091595639555,77388890112,77309411328,79478784,77316575232,0
1787748091624149278,77385256960,77309411328,75845632,77310545920,0
1787748091654334652,77373980672,77309411328,64569344,77317619712,0
1787748091683500786,77375283200,77309411328,65871872,77311844352,0
1787748091711808165,77371351040,77309411328,61939712,77311844352,0
1787748091740385089,77369511936,77309411328,60100608,77310267392,0
1787748091769085566,77368463360,77309411328,59052032,77313937408,0
1787748091797685310,77370036224,77309411328,60624896,77310529536,0
1787748091827263062,77379993600,77309411328,70582272,77313806336,0
1787748091856056960,77382225920,77309411328,72814592,77316038656,0
1787748091885803556,77383929856,77309411328,74518528,77312102400,0
1787748091914422270,77376065536,77309411328,66654208,77313150976,0
1787748091942752000,77372657664,77309411328,63246336,77312888832,0
1787748091970531129,77370822656,77309411328,61411328,77309480960,0
1787748091998195746,77378162688,77309411328,68751360,77313413120,0
1787748092026461595,77383405568,77309411328,73994240,77313675264,0
1787748092054626391,77383929856,77309411328,74518528,77308956672,0
1787748092083291887,77372395520,77309411328,62984192,77313675264,0
1787748092111617276,77376065536,77309411328,66654208,77312626688,0
1787748092140677039,77372129280,77309411328,62717952,77312589824,0
1787748092172688886,77372096512,77309411328,62685184,77319143424,0
1787748092202888089,77375234048,77309411328,65822720,77311946752,0
1787748092233034952,77378531328,77309411328,69120000,77318938624,0
1787748092264417728,77387878400,77309411328,78467072,77320245248,0
1787748092296861162,77390495744,77309411328,81084416,77323243520,0
1787748092330520749,77393235968,77309411328,83824640,77324779520,0
1787748092363125707,77394247680,77309411328,84836352,77324222464,0
1787748092396075091,77383462912,77309411328,74051584,77323563008,0
1787748092428433675,77375467520,77309411328,66056192,77318926336,0
1787748092459167248,77369778176,77309411328,60366848,77320204288,0
1787748092489212419,77367910400,77309411328,58499072,77316853760,0
1787748092518640879,77366136832,77309411328,56725504,77313044480,0
1787748092547532658,77365993472,77309411328,56582144,77310681088,0
1787748092575716795,77367304192,77309411328,57892864,77311467520,0
1787748092604403851,77367566336,77309411328,58155008,77313826816,0
1787748092632205851,77372538880,77309411328,63127552,77310410752,0
1787748092660172064,77379092480,77309411328,69681152,77312507904,0
1787748092688222548,77382234112,77309411328,72822784,77309882368,0
1787748092715869505,77378301952,77309411328,68890624,77311455232,0
1787748092744126353,77371482112,77309411328,62070784,77310926848,0
1787748092772423622,77368860672,77309411328,59449344,77314072576,0
1787748092800963405,77369643008,77309411328,60231680,77313806336,0
1787748092830483756,77371215872,77309411328,61804544,77311447040,0
1787748092859326505,77373304832,77309411328,63893504,77314060288,0
1787748092888189765,77382742016,77309411328,73330688,77314060288,0
1787748092917009903,77382213632,77309411328,72802304,77311959040,0
1787748092946750548,77381423104,77309411328,72011776,77312217088,0
1787748092975754470,77376442368,77309411328,67031040,77316673536,0
1787748093004380395,77374078976,77309411328,64667648,77314048000,0
1787748093032640273,77370671104,77309411328,61259776,77315092480,0
1787748093060634056,77373812736,77309411328,64401408,77311422464,0
1787748093088812953,77381672960,77309411328,72261632,77309845504,0
1787748093116477180,77379051520,77309411328,69640192,77313253376,0
1787748093144388872,77381935104,77309411328,72523776,77310992384,0
1787748093174129077,77373116416,77309411328,63705088,77316014080,0
1787748093202943166,77367918592,77309411328,58507264,77308342272,0
1787748093232024079,77367582720,77309411328,58171392,77312532480,0
1787748093260158225,77369151488,77309411328,59740160,77313314816,0
1787748093288393312,77370462208,77309411328,61050880,77315149824,0
1787748093317050738,77372035072,77309411328,62623744,77310164992,0
1787748093345627072,77369933824,77309411328,60522496,77313310720,0
1787748093373821279,77369933824,77309411328,60522496,77314097152,0
1787748093402174429,77376487424,77309411328,67076096,77315932160,0
1787748093430572709,77373599744,77309411328,64188416,77313306624,0
1787748093459756114,77371502592,77309411328,62091264,77310947328,0
1787748093488857008,77369921536,77309411328,60510208,77314871296,0
1787748093517109256,77370441728,77309411328,61030400,77315129344,0
1787748093545162500,77370703872,77309411328,61292544,77315129344,0
1787748093573146763,77370961920,77309411328,61550592,77315125248,0
1787748093601978262,77371224064,77309411328,61812736,77310144512,0
1787748093630869172,77368860672,77309411328,59449344,77313548288,0
1787748093659202421,77369380864,77309411328,59969536,77313806336,0
1787748093687185194,77369376768,77309411328,59965440,77313540096,0
1787748093715631186,77369638912,77309411328,60227584,77314064384,0
1787748093745711737,77370687488,77309411328,61276160,77318303744,0
1787748093776437951,77370470400,77309411328,61059072,77319659520,0
1787748093806612144,77368676352,77309411328,59265024,77316313088,0
1787748093836396940,77365596160,77309411328,56184832,77319434240,0
1787748093866761957,77365829632,77309411328,56418304,77319606272,0
1787748093896342279,77374914560,77309411328,65503232,77313957888,0
1787748093924790481,77383684096,77309411328,74272768,77313429504,0
1787748093952778014,77382635520,77309411328,73224192,77311856640,0
1787748093980899650,77380009984,77309411328,70598656,77308968960,0
1787748094009800710,77371883520,77309411328,62472192,77311328256,0
1787748094038419204,77369524224,77309411328,60112896,77314211840,0
1787748094067002599,77370568704,77309411328,61157376,77314994176,0
1787748094094607795,77370564608,77309411328,61153280,77313679360,0
1787748094122669199,77381836800,77309411328,72425472,77311057920,0
1787748094151312454,77380521984,77309411328,71110656,77309743104,0
1787748094178758928,77378158592,77309411328,68747264,77312360448,0
1787748094206870973,77369245696,77309411328,59834368,77313146880,0
1787748094235122911,77369241600,77309411328,59830272,77313667072,0
1787748094264626922,77370814464,77309411328,61403136,77310255104,0
1787748094292951481,77368713216,77309411328,59301888,77313662976,0
1787748094320753811,77368971264,77309411328,59559936,77313134592,0
1787748094348781405,77368971264,77309411328,59559936,77313396736,0
1787748094377634314,77369229312,77309411328,59817984,77313916928,0
1787748094406538624,77370802176,77309411328,61390848,77309722624,0
1787748094434663020,77367652352,77309411328,58241024,77312339968,0
1787748094462691924,77369487360,77309411328,60076032,77314174976,0
1787748094490393082,77372370944,77309411328,62959616,77310242816,0
1787748094518391475,77378920448,77309411328,69509120,77313384448,0
1787748094546820446,77382848512,77309411328,73437184,77312856064,0
1787748094574449563,77381009408,77309411328,71598080,77309706240,0
1787748094602716871,77372092416,77309411328,62681088,77311012864,0
1787748094630852717,77369208832,77309411328,59797504,77313896448,0
1787748094660047302,77370777600,77309411328,61366272,77309698048,0
1787748094687935424,77367631872,77309411328,58220544,77311270912,0
1787748094715869556,77367631872,77309411328,58220544,77312057344,0
1787748094743869019,77367627776,77309411328,58216448,77312315392,0
1787748094772653277,77368676352,77309411328,59265024,77313363968,0
1787748094800846224,77373915136,77309411328,64503808,77311787008,0
1787748094828468410,77380206592,77309411328,70795264,77309165568,0
1787748094856067776,77377056768,77309411328,67645440,77311258624,0
1787748094883770544,77379678208,77309411328,70266880,77308899328,0
1787748094912821027,77371023360,77309411328,61612032,77310730240,0
1787748094942341248,77370236928,77309411328,60825600,77315186688,0
1787748094970569516,77385437184,77309411328,76025856,77309153280,0
1787748094998362865,77377044480,77309411328,67633152,77311852544,0
1787748095026369909,77380534272,77309411328,71122944,77309493248,0
1787748095056034183,77372932096,77309411328,63520768,77312897024,0
1787748095085620185,77371617280,77309411328,62205952,77311844352,0
1787748095114217200,77369511936,77309411328,60100608,77314199552,0
1787748095142030510,77383143424,77309411328,73732096,77312364544,0
1787748095169579965,77380517888,77309411328,71106560,77309214720,0
1787748095198109328,77378158592,77309411328,68747264,77313146880,0
1787748095227992186,77370290176,77309411328,60878848,77315764224,0
1787748095256739593,77371334656,77309411328,61923328,77311041536,0
1787748095285012001,77368975360,77309411328,59564032,77313396736,0
1787748095313335301,77369233408,77309411328,59822080,77312086016,0
1787748095341410185,77382864896,77309411328,73453568,77311561728,0
1787748095369224415,77379977216,77309411328,70565888,77308936192,0
1787748095396969724,77377617920,77309411328,68206592,77312344064,0
1787748095425322334,77371584512,77309411328,62173184,77310242816,0
1787748095454142562,77369225216,77309411328,59813888,77313650688,0
1787748095483025312,77370531840,77309411328,61120512,77314170880,0
1787748095510892823,77370531840,77309411328,61120512,77312335872,0
1787748095538957758,77368958976,77309411328,59547648,77313122304,0
1787748095566790988,77368954880,77309411328,59543552,77312856064,0
1787748095595281060,77368954880,77309411328,59543552,77312851968,0
1787748095624660379,77369737216,77309411328,60325888,77314424832,0
1787748095652853956,77370519552,77309411328,61108224,77314420736,0
1787748095680850839,77370249216,77309411328,60837888,77314412544,0
1787748095708563538,77369462784,77309411328,60051456,77312839680,0
1787748095737010739,77381779456,77309411328,72368128,77310738432,0
1787748095765517182,77380730880,77309411328,71319552,77310476288,0
1787748095793186729,77378625536,77309411328,69214208,77313089536,0
1787748095821363606,77372858368,77309411328,63447040,77311516672,0
1787748095849902179,77369970688,77309411328,60559360,77314134016,0
1787748095878158887,77370757120,77309411328,61345792,77314134016,0
1787748095905814544,77370494976,77309411328,61083648,77313609728,0
1787748095933640194,77370232832,77309411328,60821504,77313871872,0
1787748095961799921,77371801600,77309411328,62390272,77310459904,0
1787748095989996038,77368655872,77309411328,59244544,77312294912,0
1787748096019124542,77374947328,77309411328,65536000,77313339392,0
1787748096047457601,77382803456,77309411328,73392128,77312286720,0
1787748096075570527,77381226496,77309411328,71815168,77310447616,0
1787748096103374017,77379391488,77309411328,69980160,77314117632,0
1787748096132286067,77374144512,77309411328,64733184,77313064960,0
1787748096162156725,77372571648,77309411328,63160320,77312540672,0
1787748096190531065,77370470400,77309411328,61059072,77314633728,0
1787748096218526538,77366272000,77309411328,56860672,77310173184,0
1787748096246935179,77366009856,77309411328,56598528,77315153920,0
1787748096275512633,77369413632,77309411328,60002304,77312790528,0
1787748096303323343,77370462208,77309411328,61050880,77312528384,0
1787748096331843406,77381734400,77309411328,72323072,77312004096,0
1787748096359764988,77380677632,77309411328,71266304,77309636608,0
1787748096387732971,77375959040,77309411328,66547712,77313306624,0
1787748096416815524,77373071360,77309411328,63660032,77311205376,0
1787748096445089112,77370449920,77309411328,61038592,77314088960,0
1787748096472864672,77373071360,77309411328,63660032,77310156800,0
1787748096500378606,77378048000,77309411328,68636672,77312249856,0
1787748096530526469,77381193728,77309411328,71782400,77315395584,0
1787748096562260791,77385646080,77309411328,76234752,77322469376,0
1787748096593313620,77373583360,77309411328,64172032,77319057408,0
1787748096623220808,77375676416,77309411328,66265088,77318791168,0
1787748096656847765,77387730944,77309411328,78319616,77325340672,0
1787748096686174023,77396119552,77309411328,86708224,77315780608,0
1787748096715571352,77385506816,77309411328,76095488,77316562944,0
1787748096744188607,77378686976,77309411328,69275648,77314723840,0
1787748096772976174,77374492672,77309411328,65081344,77313675264,0
1787748096802394254,77372657664,77309411328,63246336,77311840256,0
1787748096831429426,77370028032,77309411328,60616704,77314715648,0
1787748096859632513,77370548224,77309411328,61136896,77314711552,0
1787748096887538665,77370548224,77309411328,61136896,77314449408,0
1787748096915990117,77370281984,77309411328,60870656,77314445312,0
1787748096944497619,77370806272,77309411328,61394944,77314445312,0
1787748096972549614,77371330560,77309411328,61919232,77308153856,0
1787748097000463756,77378146304,77309411328,68734976,77312086016,0
1787748097030388544,77381287936,77309411328,71876608,77314703360,0
1787748097061556076,77384957952,77309411328,75546624,77319991296,0
1787748097092984812,77376086016,77309411328,66674688,77317865472,0
1787748097123580223,77387325440,77309411328,77914112,77317484544,0
1787748097153607914,77385904128,77309411328,76492800,77319593984,0
1787748097184856667,77388009472,77309411328,78598144,77318283264,0
1787748097214290716,77378568192,77309411328,69156864,77313556480,0
1787748097243400120,77383282688,77309411328,73871360,77314338816,0
1787748097272147627,77383802880,77309411328,74391552,77314596864,0
1787748097300654500,77382488064,77309411328,73076736,77313282048,0
1787748097330359945,77382750208,77309411328,73338880,77314068480,0
1787748097359634951,77378293760,77309411328,68882432,77314326528,0
1787748097388153494,77373829120,77309411328,64417792,77312749568,0
1787748097416422723,77370421248,77309411328,61009920,77314584576,0
1787748097445471915,77371994112,77309411328,62582784,77311434752,0
1787748097474049449,77372510208,77309411328,63098880,77309595648,0
1787748097502008682,77379063808,77309411328,69652480,77313527808,0
1787748097529724200,77381419008,77309411328,72007680,77310377984,0
1787748097557530830,77378797568,77309411328,69386240,77313523712,0
1787748097586526252,77373026304,77309411328,63614976,77312733184,0
1787748097615650016,77371449344,77309411328,62038016,77310107648,0
1787748097644094757,77369090048,77309411328,59678720,77312991232,0
1787748097674050206,77370662912,77309411328,61251584,77318361088,0
1787748097703065919,77370789888,77309411328,61378560,77317464064,0
1787748097732831054,77376704512,77309411328,67293184,77315100672,0
1787748097764087847,77374869504,77309411328,65458176,77319290880,0
1787748097795184388,77388226560,77309411328,78815232,77319806976,0
1787748097825498223,77388746752,77309411328,79335424,77318893568,0
1787748097856453641,77387313152,77309411328,77901824,77317816320,0
1787748097887557711,77373648896,77309411328,64237568,77318701056,0
1787748097918508519,77369290752,77309411328,59879424,77321060352,0
1787748097949715191,77367721984,77309411328,58310656,77320876032,0
1787748097980371613,77372514304,77309411328,63102976,77318410240,0
1787748098013381698,77389189120,77309411328,79777792,77321019392,0
1787748098046005307,77390487552,77309411328,81076224,77321641984,0
1787748098085995360,77387960320,77309411328,78548992,77344415744,0
1787748098124466645,77411258368,77309411328,101847040,77340008448,0
1787748098159451417,77392691200,77309411328,83279872,77328076800,0
1787748098190216661,77386272768,77309411328,76861440,77317234688,0
1787748098219621150,77376212992,77309411328,66801664,77315670016,0
1787748098250089969,77384609792,77309411328,75198464,77318983680,0
1787748098281528735,77388713984,77309411328,79302656,77321367552,0
1787748098312632696,77390835712,77309411328,81424384,77317902336,0
1787748098342316830,77386842112,77309411328,77430784,77315735552,0
1787748098371811001,77385728000,77309411328,76316672,77313114112,0
1787748098402798029,77385199616,77309411328,75788288,77314682880,0
1787748098431929333,77384142848,77309411328,74731520,77316509696,0
1787748098460614669,77385191424,77309411328,75780096,77315985408,0
1787748098490829113,77377060864,77309411328,67649536,77315624960,0
1787748098521605997,77372772352,77309411328,63361024,77317197824,0
1787748098550436186,77368315904,77309411328,58904576,77315092480,0
1787748098580207072,77383512064,77309411328,74100736,77318557696,0
1787748098610311284,77386711040,77309411328,77299712,77316993024,0
1787748098640639580,77385674752,77309411328,76263424,77315244032,0
1787748098671010227,77385756672,77309411328,76345344,77313667072,0
1787748098699869126,77379194880,77309411328,69783552,77315493888,0
1787748098728422810,77374996480,77309411328,65585152,77314965504,0
1787748098757261168,77372375040,77309411328,62963712,77312606208,0
1787748098786046126,77370802176,77309411328,61390848,77309980672,0
1787748098814317515,77368700928,77309411328,59289600,77312864256,0
1787748098843427228,77369225216,77309411328,59813888,77316001792,0
1787748098873414558,77373935616,77309411328,64524288,77317898240,0
1787748098903555191,77371895808,77309411328,62484480,77315825664,0
1787748098936697409,77387124736,77309411328,77713408,77323735040,0
1787748098969293126,77393461248,77309411328,84049920,77324259328,0
1787748099001983346,77393989632,77309411328,84578304,77324832768,0
1787748099035209065,77385646080,77309411328,76234752,77320716288,0
1787748099070111885,77391491072,77309411328,82079744,77327626240,0
1787748099102085861,77395496960,77309411328,86085632,77324541952,0
1787748099133291933,77386403840,77309411328,76992512,77319962624,0
1787748099162333046,77388120064,77309411328,78708736,77316509696,0
1787748099193023019,77386764288,77309411328,77352960,77317554176,0
1787748099221210936,77377040384,77309411328,67629056,77312552960,0
1787748099249638927,77371531264,77309411328,62119936,77313335296,0
1787748099278069948,77369958400,77309411328,60547072,77312548864,0
1787748099307268154,77369167872,77309411328,59756544,77310709760,0
1787748099336750514,77368643584,77309411328,59232256,77317001216,0
1787748099365967910,77370470400,77309411328,61059072,77313323008,0
1787748099397121231,77377286144,77309411328,67874816,77320663040,0
1787748099427241523,77374398464,77309411328,64987136,77318823936,0
1787748099456728734,77389602816,77309411328,80191488,77311991808,0
1787748099484404542,77380935680,77309411328,71524352,77311205376,0
1787748099512081699,77379362816,77309411328,69951488,77310156800,0
1787748099540289246,77370445824,77309411328,61034496,77312512000,0
1787748099568902711,77369135104,77309411328,59723776,77311201280,0
1787748099598197588,77368082432,77309411328,58671104,77316440064,0
1787748099626708651,77370699776,77309411328,61288448,77312241664,0
1787748099655087391,77368864768,77309411328,59453440,77310930944,0
1787748099683113395,77367025664,77309411328,57614336,77313548288,0
1787748099712248579,77369122816,77309411328,59711488,77310926848,0
1787748099740955046,77368070144,77309411328,58658816,77315379200,0
1787748099769157473,77369114624,77309411328,59703296,77310918656,0
1787748099797053665,77367541760,77309411328,58130432,77314064384,0
1787748099825887183,77368848384,77309411328,59437056,77310652416,0
1787748099854444907,77368324096,77309411328,58912768,77314584576,0
1787748099882217126,77369372672,77309411328,59961344,77310128128,0
1787748099910862791,77378547712,77309411328,69136384,77315633152,0
1787748099939267022,77380378624,77309411328,70967296,77316153344,0
1787748099968380616,77375397888,77309411328,65986560,77315366912,0
1787748099998792304,77374083072,77309411328,64671744,77317300224,0
1787748100030215310,77372084224,77309411328,62672896,77318262784,0
1787748100059354504,77368066048,77309411328,58654720,77314920448,0
1787748100087966589,77384650752,77309411328,75239424,77315182592,0
1787748100116318939,77384642560,77309411328,75231232,77314125824,0
1787748100144150199,77383856128,77309411328,74444800,77313077248,0
1787748100172622521,77375205376,77309411328,65794048,77311242240,0
1787748100200562903,77370748928,77309411328,61337600,77308358656,0
1787748100228851182,77364457472,77309411328,55046144,77310193664,0
1787748100257735732,77368127488,77309411328,58716160,77313859584,0
1787748100286381277,77369434112,77309411328,60022784,77315694592,0
1787748100314997392,77370740736,77309411328,61329408,77311234048,0
1787748100343043496,77380177920,77309411328,70766592,77309661184,0
1787748100371271184,77378863104,77309411328,69451776,77313589248,0
1787748100400444559,77384101888,77309411328,74690560,77314895872,0
1787748100429890969,77377806336,77309411328,68395008,77316202496,0
1787748100458312350,77379112960,77309411328,69701632,77312266240,0
1787748100487405703,77372821504,77309411328,63410176,77312790528,0
1787748100516109220,77371248640,77309411328,61837312,77310169088,0
1787748100544061992,77368365056,77309411328,58953728,77312790528,0
1787748100571964094,77367312384,77309411328,57901056,77311737856,0
1787748100602450493,77367574528,77309411328,58163200,77319282688,0
1787748100633237937,77364371456,77309411328,54960128,77319847936,0
1787748100664708104,77379350528,77309411328,69939200,77321302016,0
1787748100694260446,77390237696,77309411328,80826368,77317410816,0
1787748100725570350,77385302016,77309411328,75890688,77323427840,0
1787748100757571587,77388963840,77309411328,79552512,77322641408,0
1787748100789690246,77380571136,77309411328,71159808,77318443008,0
1787748100820895518,77387636736,77309411328,78225408,77318955008,0
1787748100850493621,77387894784,77309411328,78483456,77315452928,0
1787748100879678016,77383610368,77309411328,74199040,77313617920,0
1787748100909510413,77385441280,77309411328,76029952,77315710976,0
1787748100939967802,77387276288,77309411328,77864960,77315182592,0
1787748100968269031,77382807552,77309411328,73396224,77312815104,0
1787748100996634451,77380710400,77309411328,71299072,77310717952,0
1787748101026318925,77376253952,77309411328,66842624,77312548864,0
1787748101055759595,77373366272,77309411328,63954944,77312282624,0
1787748101084119895,77371265024,77309411328,61853696,77310447616,0
1787748101112322962,77368119296,77309411328,58707968,77313331200,0
1787748101140299885,77368643584,77309411328,59232256,77313593344,0
1787748101171227392,77369430016,77309411328,60018688,77320777728,0
1787748101202179440,77368745984,77309411328,59334656,77312659456,0
1787748101233235709,77362462720,77309411328,53051392,77317898240,0
1787748101262881753,77366394880,77309411328,56983552,77312655360,0
1787748101293481154,77380808704,77309411328,71397376,77316059136,0
1787748101323983113,77386051584,77309411328,76640256,77320200192,0
1787748101352432515,77389402112,77309411328,79990784,77313380352,0
1787748101381403486,77378387968,77309411328,68976640,77313900544,0
1787748101411202123,77383630848,77309411328,74219520,77315735552,0
1787748101440385918,77384937472,77309411328,75526144,77315207168,0
1787748101470303116,77385457664,77309411328,76046336,77317300224,0
1787748101499072244,77386502144,77309411328,77090816,77312053248,0
1787748101528234909,77379944448,77309411328,70533120,77318238208,0
1787748101557044277,77375647744,77309411328,66236416,77311160320,0
1787748101586011098,77370925056,77309411328,61513728,77310369792,0
1787748101614705854,77371973632,77309411328,62562304,77310631936,0
1787748101642639926,77379571712,77309411328,70160384,77313249280,0
1787748101670476457,77381664768,77309411328,72253440,77309837312,0
1787748101698360048,77378514944,77309411328,69103616,77312192512,0
1787748101727311109,77372223488,77309411328,62812160,77311930368,0
1787748101755930184,77370646528,77309411328,61235200,77309304832,0
1787748101784136491,77368287232,77309411328,58875904,77312712704,0
1787748101812426020,77368549376,77309411328,59138048,77314023424,0
1787748101843099432,77368807424,77309411328,59396096,77319430144,0
1787748101871865440,77367140352,77309411328,57729024,77311565824,0
1787748101900461594,77368188928,77309411328,58777600,77313400832,0
1787748101928546879,77368709120,77309411328,59297792,77313658880,0
1787748101956944210,77377359872,77309411328,67948544,77313134592,0
1787748101985693007,77371850752,77309411328,62439424,77311557632,0
1787748102014009336,77341077504,77309411328,31666176,77307260928,0
1787748102223893465,77318230016,77309411328,8818688,77307215872,0
1787748102250857219,77319766016,77309411328,10354688,77308231680,0
1787748102278460475,77321056256,77309411328,11644928,77303754752,0
1787748102308354123,77318164480,77309411328,8753152,77306892288,0
1787748102334946711,77319192576,77309411328,9781248,77308182528,0
1787748102361798134,77322076160,77309411328,12664832,77305561088,0
1787748102388850770,77318144000,77309411328,8732672,77307133952,0
1787748102416352404,77320241152,77309411328,10829824,77309755392,0
1787748102443349099,77321281536,77309411328,11870208,77305810944,0
1787748102469940727,77317607424,77309411328,8196096,77306597376,0
1787748102496570385,77318123520,77309411328,8712192,77307248640,0
1787748102524177431,77320617984,77309411328,11206656,77304098816,0
1787748102551931560,77317201920,77309411328,7790592,77306408960,0
1787748102578977326,77320040448,77309411328,10629120,77308973056,0
1787748102605735117,77322338304,77309411328,12926976,77305823232,0
1787748102632437926,77319454720,77309411328,10043392,77308444672,0
1787748102659639195,77322338304,77309411328,12926976,77305823232,0
1787748102687324203,77320503296,77309411328,11091968,77303988224,0
1787748102713993252,77318135808,77309411328,8724480,77307125760,0
1787748102740682171,77320757248,77309411328,11345920,77305290752,0
1787748102767394221,77319446528,77309411328,10035200,77308960768,0
1787748102794582899,77323640832,77309411328,14229504,77307912192,0
1787748102822178015,77322592256,77309411328,13180928,77307912192,0
1787748102848993207,77322067968,77309411328,12656640,77306863616,0
1787748102875936201,77321011200,77309411328,11599872,77305282560,0
1787748102902837315,77319962624,77309411328,10551296,77304233984,0
1787748102930162556,77318914048,77309411328,9502720,77308428288,0
1787748102958072447,77323108352,77309411328,13697024,77307641856,0
1787748102985011371,77321527296,77309411328,12115968,77306322944,0
1787748103011835333,77320478720,77309411328,11067392,77304750080,0
1787748103038898519,77319430144,77309411328,10018816,77308944384,0
1787748103066341163,77323358208,77309411328,13946880,77307629568,0
1787748103094206394,77322571776,77309411328,13160448,77307629568,0
1787748103121279150,77322043392,77309411328,12632064,77306314752,0
1787748103148042681,77320728576,77309411328,11317248,77304999936,0
1787748103175069716,77319675904,77309411328,10264576,77309190144,0
1787748103202552490,77323866112,77309411328,14454784,77308399616,0
1787748103230153536,77323071488,77309411328,13660160,77307342848,0
1787748103256799675,77321490432,77309411328,12079104,77305761792,0
1787748103283623667,77319917568,77309411328,10506240,77304713216,0
1787748103310707694,77318344704,77309411328,8933376,77308907520,0
1787748103338024294,77322539008,77309411328,13127680,77307858944,0
1787748103364989929,77321224192,77309411328,11812864,77306544128,0
1787748103391760310,77320175616,77309411328,10764288,77304446976,0
1787748103418442159,77318860800,77309411328,9449472,77304967168,0
1787748103445469185,77318074368,77309411328,8663040,77308112896,0
1787748103473309175,77321744384,77309411328,12333056,77306540032,0
1787748103500366721,77320695808,77309411328,11284480,77304967168,0
1787748103526924288,77318590464,77309411328,9179136,77308628992,0
1787748103553714910,77322522624,77309411328,13111296,77306793984,0
1787748103580828857,77321474048,77309411328,12062720,77305745408,0
1787748103608629477,77320425472,77309411328,11014144,77304696832,0
1787748103635372887,77319106560,77309411328,9695232,77308620800,0
1787748103662086607,77322776576,77309411328,13365248,77307572224,0
1787748103688763086,77321203712,77309411328,11792384,77305999360,0
1787748103715978745,77320155136,77309411328,10743808,77304426496,0
1787748103743420868,77319106560,77309411328,9695232,77308620800,0
1787748103770322602,77323563008,77309411328,14151680,77307834368,0
1787748103796997091,77321195520,77309411328,11784192,77306253312,0
1787748103823563228,77320146944,77309411328,10735616,77305204736,0
1787748103850379880,77319098368,77309411328,9687040,77308612608,0
1787748103878073897,77323292672,77309411328,13881344,77308612608,0
1787748103905093923,77322498048,77309411328,13086720,77307031552,0
1787748103931667610,77320925184,77309411328,11513856,77305982976,0
1787748103958214807,77319614464,77309411328,10203136,77309128704,0
1787748103985170511,77323542528,77309411328,14131200,77307813888,0
1787748104012289749,77321969664,77309411328,12558336,77306765312,0
1787748104040118989,77320658944,77309411328,11247616,77305716736,0
1787748104067138064,77320126464,77309411328,10715136,77304397824,0
1787748104093763063,77319598080,77309411328,10186752,77309112320,0
1787748104120807919,77323784192,77309411328,14372864,77308055552,0
1787748104148674130,77322997760,77309411328,13586432,77308055552,0
1787748104175786297,77322211328,77309411328,12800000,77307269120,0
1787748104202525867,77320368128,77309411328,10956800,77305425920,0
1787748104229131245,77319319552,77309411328,9908224,77308833792,0
1787748104256379615,77322989568,77309411328,13578240,77307785216,0
1787748104284146534,77322465280,77309411328,13053952,77306736640,0
1787748104311141819,77321412608,77309411328,12001280,77305683968,0
1787748104337956910,77320359936,77309411328,10948608,77305417728,0
1787748104364703781,77320622080,77309411328,11210752,77305679872,0
1787748104391891599,77320355840,77309411328,10944512,77305413632,0
1787748104419693399,77319823360,77309411328,10412032,77305929728,0
1787748104446460520,77320081408,77309411328,10670080,77305663488,0
1787748104473301172,77319819264,77309411328,10407936,77305663488,0
1787748104500054723,77319819264,77309411328,10407936,77305401344,0
1787748104527294312,77320081408,77309411328,10670080,77305401344,0
1787748104554992260,77320081408,77309411328,10670080,77305139200,0
1787748104581601598,77319286784,77309411328,9875456,77309325312,0
1787748104608505942,77324005376,77309411328,14594048,77309063168,0
1787748104635218171,77323481088,77309411328,14069760,77309063168,0
1787748104662397700,77322956800,77309411328,13545472,77309063168,0
1787748104689949575,77322956800,77309411328,13545472,77308801024,0
1787748104717077833,77323210752,77309411328,13799424,77308268544,0
1787748104743926615,77322424320,77309411328,13012992,77308006400,0
1787748104770701586,77322162176,77309411328,12750848,77308006400,0
1787748104797741712,77321900032,77309411328,12488704,77307219968,0
1787748104825323477,77321637888,77309411328,12226560,77307744256,0
1787748104852097458,77321105408,77309411328,11694080,77306949632,0
1787748104878717177,77321105408,77309411328,11694080,77306163200,0
1787748104905496948,77320843264,77309411328,11431936,77305901056,0
1787748104932624395,77320577024,77309411328,11165696,77305634816,0
1787748104960396034,77320572928,77309411328,11161600,77306679296,0
1787748104987197346,77319778304,77309411328,10366976,77304836096,0
1787748105013810074,77318729728,77309411328,9318400,77308768256,0
1787748105040754788,77322924032,77309411328,13512704,77308768256,0
1787748105068015458,77322391552,77309411328,12980224,77307449344,0
1787748105095683425,77321342976,77309411328,11931648,77307449344,0
1787748105122558448,77320810496,77309411328,11399168,77305868288,0
1787748105149364040,77319499776,77309411328,10088448,77305081856,0
1787748105176212722,77319499776,77309411328,10088448,77304557568,0
1787748105203525103,77318189056,77309411328,8777728,77308227584,0
1787748105231123529,77322907648,77309411328,13496320,77307965440,0
1787748105257871939,77321330688,77309411328,11919360,77306388480,0
1787748105284594039,77320019968,77309411328,10608640,77305077760,0
1787748105311507003,77318443008,77309411328,9031680,77308481536,0
1787748105339132049,77322113024,77309411328,12701696,77308219392,0
1787748105366467501,77321584640,77309411328,12173312,77306642432,0
1787748105393136800,77320798208,77309411328,11386880,77306380288,0
1787748105419870440,77320011776,77309411328,10600448,77305069568,0
1787748105446578460,77318434816,77309411328,9023488,77308473344,0
1787748105474004843,77322104832,77309411328,12693504,77307686912,0
1787748105501750071,77321842688,77309411328,12431360,77306900480,0
1787748105528621104,77320265728,77309411328,10854400,77306372096,0
1787748105555384685,77319741440,77309411328,10330112,77305061376,0
1787748105582479322,77318692864,77309411328,9281536,77308731392,0
1787748105610068188,77322362880,77309411328,12951552,77307420672,0
1787748105637588922,77320785920,77309411328,11374592,77306892288,0
1787748105664495416,77319471104,77309411328,10059776,77305188352,0
1787748105691482631,77318033408,77309411328,8622080,77308788736,0
1787748105719122357,77322158080,77309411328,12746752,77307478016,0
1787748105747269524,77321109504,77309411328,11698176,77307019264,0
1787748105774354240,77319598080,77309411328,10186752,77305630720,0
1787748105801215703,77318213632,77309411328,8802304,77308252160,0
1787748105828266369,77321621504,77309411328,12210176,77306601472,0
1787748105855757683,77319954432,77309411328,10543104,77305012224,0
1787748105883296938,77318381568,77309411328,8970240,77308682240,0
1787748105910212592,77320990720,77309411328,11579392,77306048512,0
1787748105936806059,77318877184,77309411328,9465856,77308915712,0
1787748105963502619,77321494528,77309411328,12083200,77306552320,0
1787748105990555655,77319135232,77309411328,9723904,77309173760,0
1787748106018465417,77322805248,77309411328,13393920,77307863040,0
1787748106045662585,77322014720,77309411328,12603392,77307334656,0
1787748106072676221,77320966144,77309411328,11554816,77307072512,0
1787748106099441412,77320704000,77309411328,11292672,77305761792,0
1787748106126683681,77320441856,77309411328,11030528,77305499648,0
1787748106154358509,77320175616,77309411328,10764288,77305233408,0
1787748106181150410,77319385088,77309411328,9973760,77304967168,0
1787748106208185856,77318598656,77309411328,9187328,77308637184,0
1787748106234943036,77323317248,77309411328,13905920,77308375040,0
1787748106262096924,77322530816,77309411328,13119488,77308375040,0
1787748106289786722,77321740288,77309411328,12328960,77307846656,0
1787748106316824608,77321211904,77309411328,11800576,77306793984,0
1787748106343682480,77320949760,77309411328,11538432,77306007552,0
1787748106370572033,77320163328,77309411328,10752000,77305745408,0
1787748106397638980,77319110656,77309411328,9699328,77309935616,0
1787748106425399829,77324091392,77309411328,14680064,77310197760,0
1787748106452307162,77323825152,77309411328,14413824,77309669376,0
1787748106479135454,77323563008,77309411328,14151680,77308620800,0
1787748106505959656,77323825152,77309411328,14413824,77308882944,0
1787748106533131904,77323034624,77309411328,13623296,77308616704,0
1787748106560879393,77322768384,77309411328,13357056,77308350464,0
1787748106587774216,77321707520,77309411328,12296192,77307551744,0
1787748106614572508,77321445376,77309411328,12034048,77306503168,0
1787748106641345879,77320388608,77309411328,10977280,77306232832,0
1787748106668501357,77319860224,77309411328,10448896,77304918016,0
1787748106696279606,77320118272,77309411328,10706944,77305176064,0
1787748106723026757,77319319552,77309411328,9908224,77309358080,0
1787748106749834588,77323251712,77309411328,13840384,77308571648,0
1787748106776592379,77322989568,77309411328,13578240,77308047360,0
1787748106803896780,77321678848,77309411328,12267520,77307523072,0
1787748106831576977,77321416704,77309411328,12005376,77306474496,0
1787748106858577612,77319839744,77309411328,10428416,77305155584,0
1787748106885237361,77318524928,77309411328,9113600,77308825600,0
1787748106912153935,77322457088,77309411328,13045760,77307514880,0
1787748106939290332,77321146368,77309411328,11735040,77306204160,0
1787748106966810907,77318787072,77309411328,9375744,77309874176,0
1787748106993673700,77322452992,77309411328,13041664,77307510784,0
1787748107020777847,77320351744,77309411328,10940416,77305929728,0
1787748107047801872,77319032832,77309411328,9621504,77309071360,0
1787748107075187364,77322702848,77309411328,13291520,77307760640,0
1787748107102862352,77321392128,77309411328,11980800,77307498496,0
1787748107129669844,77320859648,77309411328,11448320,77305917440,0
1787748107156435824,77319544832,77309411328,10133504,77304602624,0
1787748107183368418,77318234112,77309411328,8822784,77308272640,0
1787748107211181088,77321904128,77309411328,12492800,77308010496,0
1787748107238210244,77313511424,77309411328,4100096,77308530688,0
1787748107264924114,77322162176,77309411328,12750848,77307219968,0
1787748107291692065,77320851456,77309411328,11440128,77306957824,0
1787748107319243230,77320851456,77309411328,11440128,77305909248,0
1787748107346484669,77320323072,77309411328,10911744,77305380864,0
1787748107373869082,77320060928,77309411328,10649600,77305118720,0
1787748107400574671,77319270400,77309411328,9859072,77309571072,0
1787748107427363713,77323464704,77309411328,14053376,77309046784,0
1787748107454587662,77323464704,77309411328,14053376,77308522496,0
1787748107482400942,77323202560,77309411328,13791232,77308260352,0
1787748107509321326,77322940416,77309411328,13529088,77307998208,0
1787748107536110057,77322670080,77309411328,13258752,77307727872,0
1787748107562840737,77321089024,77309411328,11677696,77306933248,0
1787748107590043666,77320826880,77309411328,11415552,77306146816,0
1787748107617385297,77320826880,77309411328,11415552,77305884672,0
1787748107645025614,77320560640,77309411328,11149312,77305618432,0
1787748107671777105,77320024064,77309411328,10612736,77305081856,0
1787748107698427093,77318963200,77309411328,9551872,77309263872,0
1787748107725527180,77323681792,77309411328,14270464,77308739584,0
1787748107752964233,77323419648,77309411328,14008320,77308739584,0
1787748107780312825,77322366976,77309411328,12955648,77308473344,0
1787748107806972544,77321572352,77309411328,12161024,77306630144,0
1787748107833724214,77320785920,77309411328,11374592,77306368000,0
1787748107860735100,77319999488,77309411328,10588160,77305319424,0
1787748107888008000,77319737344,77309411328,10326016,77305057280,0
1787748107915617606,77319475200,77309411328,10063872,77305581568,0
1787748107942193314,77318942720,77309411328,9531392,77309505536,0
1787748107968831042,77324177408,77309411328,14766080,77309235200,0
1787748107996034181,77323915264,77309411328,14503936,77308973056,0
1787748108023887302,77322866688,77309411328,13455360,77308710912,0
1787748108050782315,77322076160,77309411328,12664832,77308182528,0
1787748108077615667,77321814016,77309411328,12402688,77306871808,0
1787748108104433689,77321551872,77309411328,12140544,77306609664,0
1787748108131711139,77320237056,77309411328,10825728,77306081280,0
1787748108159488568,77319712768,77309411328,10301440,77305819136,0
1787748108186427292,77319450624,77309411328,10039296,77305294848,0
1787748108213161952,77318922240,77309411328,9510912,77308960768,0
1787748108239900113,77323374592,77309411328,13963264,77308694528,0
1787748108266961899,77322584064,77309411328,13172736,77308428288,0
1787748108294621726,77322321920,77309411328,12910592,77308690432,0
1787748108321850516,77322321920,77309411328,12910592,77307904000,0
1787748108348534405,77321527296,77309411328,12115968,77306585088,0
1787748108375382177,77320216576,77309411328,10805248,77306322944,0
1787748108402520845,77319954432,77309411328,10543104,77305012224,0
1787748108430234663,77319692288,77309411328,10280960,77304750080,0
1787748108457185297,77319168000,77309411328,9756672,77309468672,0
1787748108483892617,77322833920,77309411328,13422592,77307891712,0
1787748108510663238,77321785344,77309411328,12374016,77307105280,0
1787748108537837586,77320204288,77309411328,10792960,77305262080,0
1787748108565353071,77319155712,77309411328,9744384,77309718528,0
1787748108592398787,77323087872,77309411328,13676544,77308928000,0
1787748108619173958,77321510912,77309411328,12099584,77307355136,0
1787748108645827417,77320200192,77309411328,10788864,77305257984,0
1787748108672869813,77318103040,77309411328,8691712,77308928000,0
1787748108700628402,77321773056,77309411328,12361728,77307617280,0
1787748108727439833,77320716288,77309411328,11304960,77306560512,0
1787748108754132943,77320454144,77309411328,11042816,77305511936,0
1787748108780720300,77319143424,77309411328,9732096,77309181952,0
1787748108807886328,77323862016,77309411328,14450688,77308919808,0
1787748108835529145,77323337728,77309411328,13926400,77309181952,0
1787748108862375428,77322280960,77309411328,12869632,77308125184,0
1787748108889153919,77322018816,77309411328,12607488,77307076608,0
1787748108915785007,77320708096,77309411328,11296768,77305765888,0
1787748108942864794,77320183808,77309411328,10772480,77305503744,0
1787748108970673054,77319659520,77309411328,10248192,77305503744,0
1787748108997381143,77318602752,77309411328,9191424,77308903424,0
1787748109024404999,77323583488,77309411328,14172160,77308641280,0
1787748109051551457,77322272768,77309411328,12861440,77307330560,0
1787748109078628513,77320962048,77309411328,11550720,77306019840,0
1787748109106435023,77320699904,77309411328,11288576,77305757696,0
1787748109133074052,77318856704,77309411328,9445376,77309419520,0
1787748109159863963,77323837440,77309411328,14426112,77308895232,0
1787748109186579783,77323575296,77309411328,14163968,77308633088,0
1787748109213889754,77322264576,77309411328,12853248,77308108800,0
1787748109241295876,77322002432,77309411328,12591104,77308108800,0
1787748109268116888,77321732096,77309411328,12320768,77307052032,0
1787748109294846809,77321203712,77309411328,11792384,77307047936,0
1787748109321879604,77321728000,77309411328,12316672,77308620800,0
1787748109348856879,77322772480,77309411328,13361152,77308878848,0
1787748109376370494,77324075008,77309411328,14663680,77305462784,0
1787748109403231546,77319614464,77309411328,10203136,77305458688,0
1787748109429878165,77319348224,77309411328,9936896,77306241024,0
1787748109456501343,77320130560,77309411328,10719232,77305974784,0
1787748109483616900,77320392704,77309411328,10981376,77306499072,0
1787748109511126755,77320130560,77309411328,10719232,77307023360,0
1787748109538092349,77320654848,77309411328,11243520,77306761216,0
1787748109564630096,77320646656,77309411328,11235328,77306490880,0
1787748109591268254,77320372224,77309411328,10960896,77306216448,0
1787748109618571055,77320896512,77309411328,11485184,77306740736,0
1787748109646087860,77320372224,77309411328,10960896,77307002880,0
1787748109672746838,77319315456,77309411328,9904128,77306208256,0
1787748109699380177,77318791168,77309411328,9379840,77310140416,0
1787748109726483704,77322985472,77309411328,13574144,77308829696,0
1787748109753788495,77322452992,77309411328,13041664,77308297216,0
1787748109781167827,77321924608,77309411328,12513280,77307768832,0
1787748109807781555,77321134080,77309411328,11722752,77306978304,0
1787748109834459364,77320609792,77309411328,11198464,77306454016,0
1787748109861550161,77319823360,77309411328,10412032,77306191872,0
1787748109889220988,77319606272,77309411328,10194944,77305450496,0
1787748109916173582,77319606272,77309411328,10194944,77305974784,0
1787748109943100646,77319602176,77309411328,10190848,77305446400,0
1787748109969742475,77319073792,77309411328,9662464,77305442304,0
1787748109996809491,77318270976,77309411328,8859648,77309620224,0
1787748110024860876,77322448896,77309411328,13037568,77308817408,0
1787748110051872061,77321134080,77309411328,11722752,77306978304,0
1787748110078441318,77317201920,77309411328,7790592,77308026880,0
1787748110105245000,77320609792,77309411328,11198464,77306454016,0
1787748110132250935,77319553024,77309411328,10141696,77305397248,0
1787748110160014484,77319802880,77309411328,10391552,77305909248,0
1787748110186768035,77319008256,77309411328,9596928,77305114624,0
1787748110213327592,77318483968,77309411328,9072640,77309308928,0
1787748110240437129,77323726848,77309411328,14315520,77304852480,0
1787748110267548866,77319532544,77309411328,10121216,77305376768,0
1787748110295135152,77319794688,77309411328,10383360,77305901056,0
1787748110322129827,77319786496,77309411328,10375168,77305892864,0
1787748110348747105,77319524352,77309411328,10113024,77305368576,0
1787748110375413504,77318733824,77309411328,9322496,77309296640,0
1787748110402618473,77322928128,77309411328,13516800,77308772352,0
1787748110430223269,77323452416,77309411328,14041088,77309558784,0
1787748110456890768,77322924032,77309411328,13512704,77309554688,0
1787748110483691880,77323436032,77309411328,14024704,77309280256,0
1787748110510445640,77323698176,77309411328,14286848,77305348096,0
1787748110537397695,77318193152,77309411328,8781824,77309542400,0
1787748110565209295,77323173888,77309411328,13762560,77309542400,0
1787748110591845753,77323427840,77309411328,14016512,77309272064,0
1787748110618595704,77322903552,77309411328,13492224,77309272064,0
1787748110645303524,77323427840,77309411328,14016512,77309272064,0
1787748110672313669,77322903552,77309411328,13492224,77308747776,0
1787748110700019227,77323427840,77309411328,14016512,77309272064,0
1787748110726642965,77322633216,77309411328,13221888,77309263872,0
1787748110753276254,77322895360,77309411328,13484032,77308739584,0
1787748110779987013,77322625024,77309411328,13213696,77308993536,0
1787748110806998419,77323407360,77309411328,13996032,77309251584,0
1787748110834842489,77323931648,77309411328,14520320,77305057280,0
1787748110861464067,77319471104,77309411328,10059776,77305577472,0
1787748110888297100,77318942720,77309411328,9531392,77304782848,0
1787748110914963369,77319454720,77309411328,10043392,77305823232,0
1787748110942215658,77319716864,77309411328,10305536,77305561088,0
1787748110969893356,77319974912,77309411328,10563584,77305819136,0
1787748110996722208,77320495104,77309411328,11083776,77306339328,0
1787748111023671862,77320224768,77309411328,10813440,77306068992,0
1787748111050644007,77319962624,77309411328,10551296,77306593280,0
1787748111078014209,77319962624,77309411328,10551296,77306068992,0
1787748111105596355,77319700480,77309411328,10289152,77306593280,0
1787748111132708012,77319958528,77309411328,10547200,77306851328,0
1787748111159322000,77320478720,77309411328,11067392,77306322944,0
1787748111185830356,77321003008,77309411328,11591680,77307109376,0
1787748111213022895,77320740864,77309411328,11329536,77306585088,0
1787748111240629481,77320998912,77309411328,11587584,77307367424,0
1787748111267309030,77321519104,77309411328,12107776,77307363328,0
1787748111293990819,77321781248,77309411328,12369920,77307887616,0
1787748111320922203,77321519104,77309411328,12107776,77307887616,0
1787748111348010440,77322301440,77309411328,12890112,77308145664,0
1787748111375538325,77322293248,77309411328,12881920,77308137472,0
1787748111402216034,77323079680,77309411328,13668352,77308923904,0
1787748111428972385,77322817536,77309411328,13406208,77309448192,0
1787748111455840307,77323079680,77309411328,13668352,77308923904,0
1787748111483118238,77323866112,77309411328,14454784,77304991744,0
1787748111510747664,77319143424,77309411328,9732096,77305249792,0
1787748111537613247,77318881280,77309411328,9469952,77305774080,0
1787748111564125873,77318615040,77309411328,9203712,77309440000,0
1787748111590858163,77322018816,77309411328,12607488,77307863040,0
1787748111617992951,77321490432,77309411328,12079104,77307334656,0
1787748111645560227,77320966144,77309411328,11554816,77307858944,0
1787748111672200465,77321224192,77309411328,11812864,77307068416,0
1787748111698875474,77320699904,77309411328,11288576,77306544128,0
1787748111725553524,77320175616,77309411328,10764288,77306544128,0
1787748111752871295,77320962048,77309411328,11550720,77306806272,0
1787748111780604983,77321474048,77309411328,12062720,77307318272,0
1787748111807298683,77321732096,77309411328,12320768,77307576320,0
1787748111833970222,77321199616,77309411328,11788288,77307043840,0
1787748111860596530,77320675328,77309411328,11264000,77307305984,0
1787748111887708027,77321199616,77309411328,11788288,77307043840,0
1787748111915474386,77321723904,77309411328,12312576,77307568128,0
1787748111942180206,77321453568,77309411328,12042240,77307559936,0
1787748111968924617,77321191424,77309411328,11780096,77307035648,0
1787748111995638227,77321449472,77309411328,12038144,77307817984,0
1787748112022849786,77321445376,77309411328,12034048,77308076032,0
1787748112050702536,77323018240,77309411328,13606912,77305192448,0
1787748112077706442,77320134656,77309411328,10723328,77306499072,0
1787748112104386451,77321175040,77309411328,11763712,77308067840,0
1787748112131021369,77321953280,77309411328,12541952,77308583936,0
1787748112158162037,77322735616,77309411328,13324288,77310152704,0
1787748112185867685,77324042240,77309411328,14630912,77307002880,0
1787748112212627636,77320368128,77309411328,10956800,77307523072,0
1787748112239264124,77321678848,77309411328,12267520,77308309504,0
1787748112266135237,77321940992,77309411328,12529664,77309620224,0
1787748112293290455,77323251712,77309411328,13840384,77305425920,0
1787748112320944492,77320105984,77309411328,10694656,77306736640,0
1787748112347812285,77320884224,77309411328,11472896,77307514880,0
1787748112374462334,77314854912,77309411328,5443584,77305942016,0
1787748112401103212,77319573504,77309411328,10162176,77306204160,0
1787748112428353512,77320359936,77309411328,10948608,77307514880,0
1787748112455934008,77321146368,77309411328,11735040,77308825600,0
1787748112482642588,77322457088,77309411328,13045760,77309087744,0
1787748112509230785,77322452992,77309411328,13041664,77309607936,0
1787748112536052067,77323763712,77309411328,14352384,77305937920,0
1787748112563241996,77320089600,77309411328,10678272,77307244544,0
1787748112590875622,77320876032,77309411328,11464704,77308555264,0
1787748112617624113,77322182656,77309411328,12771328,77308813312,0
1787748112644270472,77322440704,77309411328,13029376,77309857792,0
1787748112671327448,77323751424,77309411328,14340096,77305925632,0
1787748112698659399,77320863744,77309411328,11452416,77307494400,0
1787748112725944869,77321646080,77309411328,12234752,77309063168,0
1787748112752621869,77323210752,77309411328,13799424,77305384960,0
1787748112779493131,77320065024,77309411328,10653696,77306515456,0
1787748112806049318,77321457664,77309411328,12046336,77308080128,0
1787748112833524112,77321703424,77309411328,12292096,77309120512,0
1787748112861088368,77323014144,77309411328,13602816,77306175488,0
1787748112909845882,77315338240,77309411328,5926912,77306425344,0
1787748112936450470,77320056832,77309411328,10645504,77307473920,0
1787748112963565857,77321629696,77309411328,12218368,77308260352,0
1787748112990939629,77322412032,77309411328,13000704,77309829120,0
1787748113017793712,77323182080,77309411328,13770752,77305356288,0
1787748113044593073,77320294400,77309411328,10883072,77306925056,0
1787748113071546857,77320818688,77309411328,11407360,77307449344,0
1787748113098526712,77321080832,77309411328,11669504,77307711488,0
1787748113126135158,77321338880,77309411328,11927552,77308231680,0
1787748113152707226,77321592832,77309411328,12181504,77308747776,0
1787748113179324204,77321592832,77309411328,12181504,77309272064,0
1787748113205972533,77321854976,77309411328,12443648,77308485632,0
1787748113232983788,77322366976,77309411328,12955648,77308993536,0
1787748113260661175,77322866688,77309411328,13455360,77306089472,0
1787748113287217382,77319188480,77309411328,9777152,77305819136,0
1787748113313957023,77318664192,77309411328,9252864,77306081280,0
1787748113340615752,77318926336,77309411328,9515008,77306081280,0
1787748113367559936,77319450624,77309411328,10039296,77306605568,0
1787748113394932408,77321023488,77309411328,11612160,77307654144,0
1787748113421666968,77321547776,77309411328,12136448,77308440576,0
1787748113448343117,77322326016,77309411328,12914688,77309480960,0
1787748113474798682,77322326016,77309411328,12914688,77309480960,0
1787748113502067893,77323370496,77309411328,13959168,77305544704,0
1787748113529448545,77320224768,77309411328,10813440,77306855424,0
1787748113555979481,77320220672,77309411328,10809344,77307899904,0
1787748113582554559,77321531392,77309411328,12120064,77308162048,0
1787748113609092355,77321793536,77309411328,12382208,77308424192,0
1787748113636107051,77322055680,77309411328,12644352,77308686336,0
1787748113663583125,77322317824,77309411328,12906496,77309730816,0
1787748113690220663,77323091968,77309411328,13680640,77305266176,0
1787748113716683288,77315227648,77309411328,5816320,77307101184,0
1787748113743242405,77320732672,77309411328,11321344,77307363328,0
1787748113770135339,77320994816,77309411328,11583488,77307625472,0
1787748113797717854,77322305536,77309411328,12894208,77308936192,0
1787748113824424904,77320200192,77309411328,10788864,77306830848,0
1787748113851344258,77320986624,77309411328,11575296,77307617280,0
1787748113877782823,77321773056,77309411328,12361728,77308928000,0
1787748113905008942,77322821632,77309411328,13410304,77304995840,0
1787748113932397564,77319675904,77309411328,10264576,77306306560,0
1787748113958926051,77319671808,77309411328,10260480,77306302464,0
1787748113985513788,77320982528,77309411328,11571200,77307613184,0
1787748114012100076,77321502720,77309411328,12091392,77308133376,0
1787748114039383286,77321498624,77309411328,12087296,77308129280,0
1787748114067077674,77322809344,77309411328,13398016,77304979456,0
1787748114093831895,77319921664,77309411328,10510336,77306552320,0
1787748114120582945,77319917568,77309411328,10506240,77307072512,0
1787748114147087481,77321228288,77309411328,11816960,77307858944,0
1787748114174004215,77321490432,77309411328,12079104,77308121088,0
1787748114201640862,77321752576,77309411328,12341248,77309431808,0
1787748114228304371,77322792960,77309411328,13381632,77304967168,0
1787748114254949350,77318598656,77309411328,9187328,77305491456,0
1787748114281480556,77319909376,77309411328,10498048,77306540032,0
1787748114308881809,77320171520,77309411328,10760192,77307064320,0
1787748114335959405,77321216000,77309411328,11804672,77307846656,0
1787748114362511812,77322002432,77309411328,12591104,77309157376,0
1787748114389240622,77322788864,77309411328,13377536,77304963072,0
1787748114415748479,77318590464,77309411328,9179136,77306007552,0
1787748114442669852,77319901184,77309411328,10489856,77306531840,0
1787748114470267608,77320163328,77309411328,10752000,77307842560,0
1787748114496968798,77321199616,77309411328,11788288,77307830272,0
1787748114523455394,77321461760,77309411328,12050432,77308092416,0
1787748114550104932,77321723904,77309411328,12312576,77308354560,0
1787748114577022786,77321195520,77309411328,11784192,77308350464,0
1787748114604421429,77322506240,77309411328,13094912,77309136896,0
1787748114631069517,77322502144,77309411328,13090816,77309132800,0
1787748114657665865,77322764288,77309411328,13352960,77309394944,0
1787748114684356914,77323026432,77309411328,13615104,77305200640,0
1787748114711769367,77318832128,77309411328,9420800,77306511360,0
1787748114739256611,77320142848,77309411328,10731520,77307822080,0
1787748114765788068,77321187328,77309411328,11776000,77307817984,0
1787748114792460937,77321449472,77309411328,12038144,77308080128,0
1787748114818967323,77320916992,77309411328,11505664,77307547648,0
1787748114846355655,77321441280,77309411328,12029952,77309906944,0
1787748114874520902,77323534336,77309411328,14123008,77307805696,0
1787748114901418735,77321170944,77309411328,11759616,77308588032,0
1787748114928769407,77322219520,77309411328,12808192,77306490880,0
1787748114955440426,77317500928,77309411328,8089600,77309112320,0
1787748114982998881,77322743808,77309411328,13332480,77306490880,0
1787748115010825592,77320376320,77309411328,10964992,77309485056,0
1787748115038145193,77319970816,77309411328,10559488,77308116992,0
1787748115065594726,77321740288,77309411328,12328960,77306859520,0
1787748115092469819,77320744960,77309411328,11333632,77309145088,0
1787748115119960763,77322510336,77309411328,13099008,77306720256,0
1787748115148233542,77321396224,77309411328,11984896,77306716160,0
1787748115175163945,77320081408,77309411328,10670080,77307961344,0
1787748115202250012,77321854976,77309411328,12443648,77306802176,0
1787748115229319379,77320695808,77309411328,11284480,77308899328,0
1787748115257052697,77323575296,77309411328,14163968,77307846656,0
1787748115285118852,77322002432,77309411328,12591104,77307060224,0
1787748115312239799,77320687616,77309411328,11276288,77309677568,0
1787748115339255755,77323304960,77309411328,13893632,77307441152,0
1787748115366668468,77321859072,77309411328,12447744,77306200064,0
1787748115394574499,77320613888,77309411328,11202560,77309341696,0
1787748115421871820,77322706944,77309411328,13295616,77308035072,0
1787748115448964147,77321666560,77309411328,12255232,77306724352,0
1787748115475984152,77320617984,77309411328,11206656,77308768256,0
1787748115503523377,77322661888,77309411328,13250560,77307916288,0
1787748115531347988,77321547776,77309411328,12136448,77306806272,0
1787748115558956724,77320171520,77309411328,10760192,77309423616,0
1787748115586086671,77322788864,77309411328,13377536,77307891712,0
1787748115613132657,77321523200,77309411328,12111872,77305487360,0
1787748115640182334,77314400256,77309411328,4988928,77307322368,0
1787748115668210218,77320949760,77309411328,11538432,77310201856,0
1787748115695285924,77323829248,77309411328,14417920,77309149184,0
1787748115722555904,77322780672,77309411328,13369344,77307052032,0
1787748115749623221,77320683520,77309411328,11272192,77309935616,0
1787748115777152205,77323567104,77309411328,14155776,77308329984,0
1787748115805003956,77322485760,77309411328,13074432,77307871232,0
1787748115831603184,77320970240,77309411328,11558912,77309173760,0
1787748115858203292,77322805248,77309411328,13393920,77307863040,0
1787748115884854151,77322014720,77309411328,12603392,77306286080,0
1787748115911643312,77319917568,77309411328,10506240,77308383232,0
1787748115939385401,77322797056,77309411328,13385728,77307330560,0
1787748115965978348,77321216000,77309411328,11804672,77305487360,0
1787748115992435414,77319118848,77309411328,9707520,77308108800,0
1787748116019305526,77322002432,77309411328,12591104,77306273792,0
1787748116046342812,77320429568,77309411328,11018240,77309157376,0
1787748116073987889,77322788864,77309411328,13377536,77307846656,0
1787748116100639418,77321740288,77309411328,12328960,77306011648,0
1787748116127607163,77319372800,77309411328,9961472,77308624896,0
1787748116154348793,77322256384,77309411328,12845056,77306527744,0
1787748116181148534,77319892992,77309411328,10481664,77308620800,0
1787748116208544607,77322776576,77309411328,13365248,77307572224,0
1787748116235253317,77321461760,77309411328,12050432,77305733120,0
1787748116261818374,77319626752,77309411328,10215424,77308354560,0
1787748116288351780,77317005312,77309411328,7593984,77309140992,0
1787748116315771263,77323034624,77309411328,13623296,77308354560,0
1787748116343008703,77321977856,77309411328,12566528,77306249216,0
1787748116369501939,77320929280,77309411328,11517952,77309132800,0
1787748116396077436,77322764288,77309411328,13352960,77307035648,0
1787748116422740725,77321449472,77309411328,12038144,77306245120,0
1787748116449618718,77319610368,77309411328,10199040,77307813888,0
1787748116477282015,77318823936,77309411328,9412608,77307027456,0
1787748116504012786,77321691136,77309411328,12279808,77305962496,0
1787748116530489971,77319327744,77309411328,9916416,77308317696,0
1787748116557051848,77322211328,77309411328,12800000,77306482688,0
1787748116584091994,77320376320,77309411328,10964992,77309366272,0
1787748116611353414,77322997760,77309411328,13586432,77308055552,0
1787748116638068424,77321682944,77309411328,12271616,77305954304,0
1787748116664559790,77320110080,77309411328,10698752,77308575744,0
1787748116691210099,77322993664,77309411328,13582336,77307265024,0
1787748116718104242,77320884224,77309411328,11472896,77309087744,0
1787748116745737329,77323239424,77309411328,13828096,77308559360,0
1787748116772444498,77321920512,77309411328,12509184,77306191872,0
1787748116799012836,77319823360,77309411328,10412032,77308026880,0
1787748116825477741,77320609792,77309411328,11198464,77309337600,0
1787748116852557578,77322702848,77309411328,13291520,77306974208,0
1787748116880054172,77320597504,77309411328,11186176,77309587456,0
1787748116906670450,77322686464,77309411328,13275136,77307744256,0
1787748116933351879,77320585216,77309411328,11173888,77308788736,0
1787748116959859605,77315604480,77309411328,6193152,77307740160,0
1787748116986892671,77320323072,77309411328,10911744,77308788736,0
1787748117014436466,77322682368,77309411328,13271040,77306953728,0
1787748117041396011,77314293760,77309411328,4882432,77306429440,0
1787748117068074470,77318467584,77309411328,9056256,77306929152,0
1787748117094689008,77319774208,77309411328,10362880,77308502016,0
1787748117121730624,77321084928,77309411328,11673600,77309288448,0
1787748117149334020,77322911744,77309411328,13500416,77308231680,0
1787748117175949268,77320548352,77309411328,11137024,77308751872,0
1787748117202759660,77322383360,77309411328,12972032,77306654720,0
1787748117229370538,77320286208,77309411328,10874880,77308489728,0
1787748117256428314,77322121216,77309411328,12709888,77306392576,0
1787748117284125502,77320548352,77309411328,11137024,77309276160,0
1787748117311091407,77322637312,77309411328,13225984,77307432960,0
1787748117337688695,77320798208,77309411328,11386880,77309526016,0
1787748117364460496,77323157504,77309411328,13746176,77307428864,0
1787748117391474031,77321060352,77309411328,11649024,77309263872,0
1787748117419167059,77323681792,77309411328,14270464,77308215296,0
1787748117445872889,77321576448,77309411328,12165120,77306372096,0
1787748117472658320,77320519680,77309411328,11108352,77308723200,0
1787748117499374290,77322354688,77309411328,12943360,77306544128,0
1787748117526831304,77320699904,77309411328,11288576,77309689856,0
1787748117555035411,77323575296,77309411328,14163968,77308764160,0
1787748117582322391,77322121216,77309411328,12709888,77306654720,0
1787748117609378117,77320286208,77309411328,10874880,77308489728,0
1787748117636919302,77322379264,77309411328,12967936,77306650624,0
1787748117664854855,77320282112,77309411328,10870784,77309534208,0
1787748117692331979,77322899456,77309411328,13488128,77307170816,0
1787748117719258623,77320802304,77309411328,11390976,77309108224,0
1787748117746371010,77322473472,77309411328,13062144,77306744832,0
1787748117774023917,77320376320,77309411328,10964992,77309366272,0
1787748117802170603,77322473472,77309411328,13062144,77307793408,0
1787748117829535795,77321682944,77309411328,12271616,77306478592,0
1787748117856555930,77320368128,77309411328,10956800,77309812736,0
1787748117883718869,77323444224,77309411328,14032896,77308694528,0
1787748117911102801,77322584064,77309411328,13172736,77307187200,0
1787748117939219536,77321605120,77309411328,12193792,77306728448,0
1787748117966256072,77320347648,77309411328,10936320,77309788160,0
1787748117993352939,77323419648,77309411328,14008320,77307768832,0
1787748118020614259,77322448896,77309411328,13037568,77306789888,0
1787748118048168355,77321203712,77309411328,11792384,77309407232,0
1787748118076633297,77324087296,77309411328,14675968,77309521920,0
1787748118103831015,77323149312,77309411328,13737984,77308416000,0
1787748118131171077,77322309632,77309411328,12898304,77307572224,0
1787748118158131661,77320937472,77309411328,11526144,77309280256,0
1787748118185601135,77323161600,77309411328,13750272,77308293120,0
1787748118213835453,77321924608,77309411328,12513280,77307334656,0
1787748118241397898,77321748480,77309411328,12337152,77306187776,0
1787748118268433444,77319819264,77309411328,10407936,77309145088,0
1787748118295496491,77322768384,77309411328,13357056,77307658240,0
1787748118323947822,77322076160,77309411328,12664832,77306433536,0
1787748118351484117,77320847360,77309411328,11436032,77308968960,0
1787748118378546934,77322862592,77309411328,13451264,77308149760,0
1787748118405849714,77322043392,77309411328,12632064,77306646528,0
1787748118432641756,77320536064,77309411328,11124736,77309001728,0
1787748118460371014,77322633216,77309411328,13221888,77306707968,0
1787748118488358488,77320601600,77309411328,11190272,77309788160,0
1787748118515011196,77322887168,77309411328,13475840,77307158528,0
1787748118541675465,77320003584,77309411328,10592256,77308731392,0
1787748118569071668,77321838592,77309411328,12427264,77306109952,0
1787748118596340078,77319213056,77309411328,9801728,77307678720,0
1787748118623034037,77320261632,77309411328,10850304,77308465152,0
1787748118649614125,77321048064,77309411328,11636736,77309251584,0
1787748118676409806,77321834496,77309411328,12423168,77306105856,0
1787748118703365461,77318688768,77309411328,9277440,77307154432,0
1787748118731059239,77319208960,77309411328,9797632,77307674624,0
1787748118757741438,77320773632,77309411328,11362304,77309763584,0
1787748118784298655,77320249344,77309411328,10838016,77309239296,0
1787748118811018775,77322080256,77309411328,12668928,77307400192,0
1787748118838008200,77320761344,77309411328,11350016,77309227008,0
1787748118865767649,77323112448,77309411328,13701120,77308432384,0
1787748118892199374,77312094208,77309411328,2682880,77308162048,0
1787748118918926234,77321793536,77309411328,12382208,77307113472,0
1787748118945604763,77320744960,77309411328,11333632,77308948480,0
1787748118972980025,77323616256,77309411328,14204928,77307887616,0
1787748119001021480,77322035200,77309411328,12623872,77307092992,0
1787748119028168437,77320720384,77309411328,11309056,77309710336,0
1787748119055660582,77323329536,77309411328,13918208,77307600896,0
1787748119082542815,77320966144,77309411328,11554816,77309169664,0
1787748119109976458,77322801152,77309411328,13389824,77308121088,0
1787748119138256146,77323325440,77309411328,13914112,77307858944,0
1787748119165260192,77322530816,77309411328,13119488,77306802176,0
1787748119237544477,77318967296,77309411328,9555968,77307695104,0
1787748119265411128,77321846784,77309411328,12435456,77306597376,0
1787748119292241471,77319950336,77309411328,10539008,77308989440,0
1787748119319449100,77322612736,77309411328,13201408,77306884096,0
1787748119346374863,77320769536,77309411328,11358208,77309759488,0
1787748119373933169,77323915264,77309411328,14503936,77308448768,0
1787748119401675318,77322858496,77309411328,13447168,77307129856,0
1787748119428961208,77321543680,77309411328,12132352,77305815040,0
1787748119455973893,77320232960,77309411328,10821632,77308698624,0
1787748119483171062,77322330112,77309411328,12918784,77307125760,0
1787748119510533394,77321015296,77309411328,11603968,77309218816,0
1787748119538482077,77323374592,77309411328,13963264,77308137472,0
1787748119565587564,77322027008,77309411328,12615680,77306761216,0
1787748119592461277,77320392704,77309411328,10981376,77309526016,0
1787748119619599824,77323157504,77309411328,13746176,77308477440,0
1787748119647239081,77322108928,77309411328,12697600,77305864192,0
1787748119674926939,77320806400,77309411328,11395072,77308895232,0
1787748119701880113,77323309056,77309411328,13897728,77307363328,0
1787748119728636854,77320994816,77309411328,11583488,77309894656,0
1787748119755610239,77323784192,77309411328,14372864,77307564032,0
1787748119783004051,77321719808,77309411328,12308480,77305901056,0
1787748119810582067,77319532544,77309411328,10121216,77308534784,0
1787748119837541761,77321900032,77309411328,12488704,77306228736,0
1787748119864292112,77320646656,77309411328,11235328,77308727296,0
1787748119891258016,77322358784,77309411328,12947456,77306945536,0
1787748119918400554,77320835072,77309411328,11423744,77308784640,0
1787748119946113943,77323464704,77309411328,14053376,77307527168,0
1787748119973181229,77322207232,77309411328,12795904,77306114048,0
1787748120000005711,77319741440,77309411328,10330112,77308112896,0
1787748120027189110,77322530816,77309411328,13119488,77306425344,0
1787748120054434839,77320843264,77309411328,11431936,77309218816,0
1787748120082324671,77322584064,77309411328,13172736,77307797504,0
1787748120109163663,77321424896,77309411328,12013568,77309276160,0
1787748120136224139,77323956224,77309411328,14544896,77307744256,0
1787748120163262225,77322162176,77309411328,12750848,77306474496,0
1787748120190516005,77320105984,77309411328,10694656,77307940864,0
1787748120218555459,77322620928,77309411328,13209600,77306683392,0
1787748120245337790,77320835072,77309411328,11423744,77308669952,0
1787748120272403587,77322301440,77309411328,12890112,77307138048,0
1787748120299233009,77321031680,77309411328,11620352,77306875904,0
1787748120327191492,77320769536,77309411328,11358208,77306290176,0
1787748120354560153,77320179712,77309411328,10768384,77309042688,0
1787748120381682491,77323714560,77309411328,14303232,77308837888,0
1787748120408661576,77322993664,77309411328,13582336,77308792832,0
1787748120435561359,77322424320,77309411328,13012992,77307510784,0
1787748120462844909,77322190848,77309411328,12779520,77307383808,0
1787748120490721491,77321539584,77309411328,12128256,77307031552,0
1787748120517572783,77320654848,77309411328,11243520,77306396672,0
1787748120544375035,77320290304,77309411328,10878976,77309419520,0
1787748120571452711,77323837440,77309411328,14426112,77306044416,0
1787748120598754622,77320986624,77309411328,11575296,77307355136,0
1787748120626238036,77320986624,77309411328,11575296,77308403712,0
1787748120652971386,77322031104,77309411328,12619776,77308399616,0
1787748120679615975,77321760768,77309411328,12349440,77308915712,0
1787748120706482188,77322805248,77309411328,13393920,77309435904,0
1787748120733680047,77322805248,77309411328,13393920,77309435904,0
1787748120761198271,77323067392,77309411328,13656064,77307076608,0
1787748120788033293,77320445952,77309411328,11034624,77307600896,0
1787748120814705903,77319909376,77309411328,10498048,77306236928,0
1787748120841501104,77319081984,77309411328,9670656,77309612032,0
1787748120869095160,77321928704,77309411328,12517376,77309284352,0
1787748120897031302,77322915840,77309411328,13504512,77309177856,0
1787748120923970076,77322805248,77309411328,13393920,77309100032,0
1787748120950943941,77322993664,77309411328,13582336,77309284352,0
1787748120978034808,77322915840,77309411328,13504512,77309648896,0
1787748121006227385,77324066816,77309411328,14655488,77309124608,0
1787748121034024425,77322477568,77309411328,13066240,77309857792,0
1787748121061427477,77323489280,77309411328,14077952,77307498496,0
1787748121088159938,77321388032,77309411328,11976704,77308293120,0
1787748121115263205,77321924608,77309411328,12513280,77308182528,0
1787748121142630817,77322076160,77309411328,12664832,77308706816,0
1787748121170092050,77321809920,77309411328,12398592,77309227008,0
1787748121196771120,77321801728,77309411328,12390400,77308956672,0
1787748121223549081,77321801728,77309411328,12390400,77308694528,0
1787748121250692119,77322326016,77309411328,12914688,77309218816,0
1787748121277865687,77322850304,77309411328,13438976,77309480960,0
1787748121305401772,77323898880,77309411328,14487552,77308956672,0
1787748121332190153,77322317824,77309411328,12906496,77308682240,0
1787748121358806481,77322313728,77309411328,12902400,77309468672,0
1787748121385817017,77316808704,77309411328,7397376,77306585088,0
1787748121413451154,77321265152,77309411328,11853824,77307633664,0
1787748121441249813,77321781248,77309411328,12369920,77308936192,0
1787748121468145977,77322563584,77309411328,13152256,77309980672,0
1787748121495305655,77323608064,77309411328,14196736,77308403712,0
1787748121522577605,77322293248,77309411328,12881920,77308653568,0
1787748121550100270,77322809344,77309411328,13398016,77309702144,0
1787748121577662475,77323595776,77309411328,14184448,77308653568,0
1787748121604660760,77322018816,77309411328,12607488,77309435904,0
1787748121631695016,77323067392,77309411328,13656064,77307338752,0
1787748121659075358,77320970240,77309411328,11558912,77307600896,0
1787748121687021281,77320970240,77309411328,11558912,77308018688,0
1787748121714245970,77321912320,77309411328,12500992,77309329408,0
1787748121741151964,77322694656,77309411328,13283328,77309587456,0
1787748121768181919,77324005376,77309411328,14594048,77308276736,0
1787748121795730305,77321908224,77309411328,12496896,77308801024,0
1787748121823494344,77322170368,77309411328,12759040,77309325312,0
1787748121851220932,77324005376,77309411328,14594048,77308010496,0
1787748121878296779,77321375744,77309411328,11964416,77307744256,0
1787748121905423566,77321637888,77309411328,12226560,77308792832,0
1787748121932845679,77322424320,77309411328,13012992,77309841408,0
1787748121960872083,77323472896,77309411328,14061568,77308792832,0
1787748121988268646,77322158080,77309411328,12746752,77309575168,0
1787748122015464495,77323206656,77309411328,13795328,77307478016,0
1787748122042857617,77322158080,77309411328,12746752,77308526592,0
1787748122070581626,77322940416,77309411328,13529088,77309308928,0
1787748122098937556,77323988992,77309411328,14577664,77309308928,0
1787748122125666536,77322674176,77309411328,13262848,77309014016,0
1787748122152470997,77323427840,77309411328,14016512,77308223488,0
1787748122179101896,77321846784,77309411328,12435456,77308215296,0
1787748122206409057,77318696960,77309411328,9285632,77308473344,0
