ts_ns,current_before,target_current,requested,current_after,rc
1787748860252485246,77310111744,77309411328,700416,77305786368,0
1787748860281127265,77375254528,77309411328,65843200,77314699264,0
1787748860309434888,77383905280,77309411328,74493952,77312339968,0
1787748860338092417,77379973120,77309411328,70561792,77313126400,0
1787748860366780207,77383643136,77309411328,74231808,77311815680,0
1787748860394438598,77380759552,77309411328,71348224,77313388544,0
1787748860422239882,77381021696,77309411328,71610368,77313912832,0
1787748860450760848,77383118848,77309411328,73707520,77311029248,0
1787748860479558190,77382070272,77309411328,72658944,77309718528,0
1787748860507021397,77379186688,77309411328,69775360,77311553536,0
1787748860534799290,77378924544,77309411328,69513216,77312339968,0
1787748860562425970,77380235264,77309411328,70823936,77313126400,0
1787748860590624091,77381545984,77309411328,72134656,77314699264,0
1787748860619431943,77384953856,77309411328,75542528,77313126400,0
1787748860647157935,77382070272,77309411328,72658944,77309718528,0
1787748860674727664,77378138112,77309411328,68726784,77310767104,0
1787748860702316804,77378924544,77309411328,69513216,77311815680,0
1787748860730741929,77380497408,77309411328,71086080,77313388544,0
1787748860759425699,77384429568,77309411328,75018240,77312339968,0
1787748860787182451,77381021696,77309411328,71610368,77313912832,0
1787748860815075046,77382856704,77309411328,73445376,77310504960,0
1787748860842672696,77378138112,77309411328,68726784,77311029248,0
1787748860871622331,77381021696,77309411328,71610368,77314174976,0
1787748860900472463,77385740288,77309411328,76328960,77313650688,0
1787748860928323638,77382594560,77309411328,73183232,77310504960,0
1787748860956010269,77378400256,77309411328,68988928,77311291392,0
1787748860984161709,77379973120,77309411328,70561792,77312602112,0
1787748861013028072,77380759552,77309411328,71348224,77313912832,0
1787748861041801244,77384691712,77309411328,75280384,77312864256,0
1787748861070083956,77383380992,77309411328,73969664,77310767104,0
1787748861097700776,77375516672,77309411328,66105344,77313388544,0
1787748861126038499,77381545984,77309411328,72134656,77314437120,0
1787748861154663828,77383905280,77309411328,74493952,77311815680,0
1787748861182472472,77381021696,77309411328,71610368,77313912832,0
1787748861209948649,77370535936,77309411328,61124608,77312339968,0
1787748861237700531,77378400256,77309411328,68988928,77311553536,0
1787748861266094156,77380235264,77309411328,70823936,77313126400,0
1787748861294795736,77382332416,77309411328,72921088,77309980672,0
1787748861322583869,77376565248,77309411328,67153920,77308407808,0
1787748861350327032,77377089536,77309411328,67678208,77310242816,0
1787748861379014621,77378924544,77309411328,69513216,77311815680,0
1787748861407881474,77383643136,77309411328,74231808,77311291392,0
1787748861435591246,77379973120,77309411328,70561792,77312602112,0
1787748861463333679,77380497408,77309411328,71086080,77313650688,0
1787748861491110582,77381545984,77309411328,72134656,77314437120,0
1787748861519581977,77383380992,77309411328,73969664,77311291392,0
1787748861548309668,77381021696,77309411328,71610368,77313650688,0
1787748861576622981,77383643136,77309411328,74231808,77311553536,0
1787748861604457615,77379710976,77309411328,70299648,77312864256,0
1787748861632008644,77380759552,77309411328,71348224,77313126400,0
1787748861660492690,77381808128,77309411328,72396800,77309718528,0
1787748861689375623,77381283840,77309411328,71872512,77312602112,0
1787748861717757477,77382332416,77309411328,72921088,77309980672,0
1787748861745560971,77378662400,77309411328,69251072,77311291392,0
1787748861773580588,77379973120,77309411328,70561792,77312602112,0
1787748861802059214,77382070272,77309411328,72658944,77309718528,0
1787748861830072152,77378138112,77309411328,68726784,77310767104,0
1787748861857886905,77375516672,77309411328,66105344,77311553536,0
1787748861885399873,77378662400,77309411328,69251072,77310767104,0
1787748861913456411,77378138112,77309411328,68726784,77309980672,0
1787748861942136321,77381808128,77309411328,72396800,77309194240,0
1787748861970159499,77379186688,77309411328,69775360,77311553536,0
1787748861997852240,77380759552,77309411328,71348224,77312864256,0
1787748862026084302,77381545984,77309411328,72134656,77313912832,0
1787748862054753531,77384429568,77309411328,75018240,77311815680,0
1787748862083327039,77382856704,77309411328,73445376,77310242816,0
1787748862111483639,77378924544,77309411328,69513216,77311029248,0
1787748862139716330,77380759552,77309411328,71348224,77313388544,0
1787748862168144045,77382856704,77309411328,73445376,77310767104,0
1787748862196666952,77381021696,77309411328,71610368,77313388544,0
1787748862224480215,77375254528,77309411328,65843200,77312077824,0
1787748862251788310,77380235264,77309411328,70823936,77312339968,0
1787748862279200996,77380497408,77309411328,71086080,77312339968,0
1787748862307622111,77381545984,77309411328,72134656,77313650688,0
1787748862335842642,77384953856,77309411328,75542528,77312077824,0
1787748862363282229,77381021696,77309411328,71610368,77312864256,0
1787748862390676895,77381283840,77309411328,71872512,77313388544,0
1787748862418403647,77379186688,77309411328,69775360,77311553536,0
1787748862446513996,77381021696,77309411328,71610368,77313388544,0
1787748862474922641,77381283840,77309411328,71872512,77313650688,0
1787748862502432139,77377089536,77309411328,67678208,77309456384,0
1787748862529893696,77376565248,77309411328,67153920,77309194240,0
1787748862557315582,77374992384,77309411328,65581056,77312339968,0
1787748862585428792,77381283840,77309411328,71872512,77313912832,0
1787748862614268364,77384953856,77309411328,75542528,77312339968,0
1787748862641679460,77380759552,77309411328,71348224,77312864256,0
1787748862669141197,77381283840,77309411328,71872512,77313388544,0
1787748862696794748,77381808128,77309411328,72396800,77308932096,0
1787748862725587400,77379448832,77309411328,70037504,77312077824,0
1787748862754168198,77383380992,77309411328,73969664,77310767104,0
1787748862782714815,77379448832,77309411328,70037504,77313650688,0
1787748862810311835,77382594560,77309411328,73183232,77309980672,0
1787748862838427674,77378924544,77309411328,69513216,77311291392,0
1787748862866661895,77380235264,77309411328,70823936,77312602112,0
1787748862894257525,77379186688,77309411328,69775360,77311553536,0
1787748862921771693,77379710976,77309411328,70299648,77311815680,0
1787748862949332722,77378138112,77309411328,68726784,77310504960,0
1787748862977521973,77379448832,77309411328,70037504,77312077824,0
1787748863006643540,77383380992,77309411328,73969664,77311029248,0
1787748863034626887,77380497408,77309411328,71086080,77312602112,0
1787748863062592844,77381283840,77309411328,71872512,77313650688,0
1787748863090216264,77381808128,77309411328,72396800,77308932096,0
1787748863118612898,77378400256,77309411328,68988928,77311029248,0
1787748863147060614,77374730240,77309411328,65318912,77310504960,0
1787748863174705684,77377875968,77309411328,68464640,77310504960,0
1787748863202172361,77372895232,77309411328,63483904,77306834944,0
1787748863230278121,77372895232,77309411328,63483904,77310242816,0
1787748863258624824,77380759552,77309411328,71348224,77312864256,0
1787748863286115002,77381545984,77309411328,72134656,77313650688,0
1787748863313563119,77380235264,77309411328,70823936,77312339968,0
1787748863341015386,77380497408,77309411328,71086080,77312602112,0
1787748863369092534,77381021696,77309411328,71610368,77313126400,0
1787748863397785104,77383905280,77309411328,74493952,77311553536,0
1787748863425548607,77377875968,77309411328,68464640,77310242816,0
1787748863453238228,77378138112,77309411328,68726784,77310504960,0
1787748863480745456,77378400256,77309411328,68988928,77310767104,0
1787748863509541468,77379710976,77309411328,70299648,77312339968,0
1787748863537827850,77383643136,77309411328,74231808,77311029248,0
1787748863565456861,77379710976,77309411328,70299648,77312077824,0
1787748863592970249,77378662400,77309411328,69251072,77311029248,0
1787748863621278362,77379710976,77309411328,70299648,77312339968,0
1787748863649995522,77383643136,77309411328,74231808,77311029248,0
1787748863677396968,77379973120,77309411328,70561792,77312077824,0
1787748863704803894,77379710976,77309411328,70299648,77311815680,0
1787748863732275131,77379448832,77309411328,70037504,77311029248,0
1787748863760620765,77374468096,77309411328,65056768,77312077824,0
1787748863789082341,77383380992,77309411328,73969664,77310767104,0
1787748863816691970,77379973120,77309411328,70561792,77312077824,0
1787748863844195418,77380497408,77309411328,71086080,77313126400,0
1787748863871805468,77381283840,77309411328,71872512,77314174976,0
1787748863900737803,77383643136,77309411328,74231808,77311291392,0
1787748863928943834,77382594560,77309411328,73183232,77309980672,0
1787748863956432781,77378400256,77309411328,68988928,77310504960,0
1787748863983892858,77378924544,77309411328,69513216,77311029248,0
1787748864012377824,77379186688,77309411328,69775360,77311815680,0
1787748864041404370,77384167424,77309411328,74756096,77311815680,0
1787748864069716893,77381021696,77309411328,71610368,77313388544,0
1787748864097624009,77382856704,77309411328,73445376,77310242816,0
1787748864124992144,77376303104,77309411328,66891776,77312339968,0
1787748864152891629,77378924544,77309411328,69513216,77311029248,0
1787748864181473177,77380759552,77309411328,71348224,77311291392,0
1787748864209563026,77370798080,77309411328,61386752,77312339968,0
1787748864237498862,77381545984,77309411328,72134656,77314174976,0
1787748864265162993,77382594560,77309411328,73183232,77309980672,0
1787748864293335093,77378924544,77309411328,69513216,77311029248,0
1787748864322223937,77381808128,77309411328,72396800,77309194240,0
1787748864350198413,77376303104,77309411328,66891776,77313912832,0
1787748864378403024,77383118848,77309411328,73707520,77310767104,0
1787748864406698437,77379973120,77309411328,70561792,77312339968,0
1787748864435549469,77384167424,77309411328,74756096,77311815680,0
1787748864463235891,77381545984,77309411328,72134656,77313912832,0
1787748864490832150,77381808128,77309411328,72396800,77309456384,0
1787748864518347069,77377089536,77309411328,67678208,77309456384,0
1787748864546493088,77378400256,77309411328,68988928,77310767104,0
1787748864574298992,77381021696,77309411328,71610368,77312864256,0
1787748864601846501,77381808128,77309411328,72396800,77308932096,0
1787748864629219746,77377089536,77309411328,67678208,77309194240,0
1787748864656569451,77377351680,77309411328,67940352,77309456384,0
1787748864684421606,77377089536,77309411328,67678208,77309194240,0
1787748864713027634,77379973120,77309411328,70561792,77312602112,0
1787748864741028911,77381808128,77309411328,72396800,77309194240,0
1787748864768952767,77378662400,77309411328,69251072,77310767104,0
1787748864796495875,77379186688,77309411328,69775360,77311291392,0
1787748864824931221,77381545984,77309411328,72134656,77313912832,0
1787748864853298474,77384953856,77309411328,75542528,77312077824,0
1787748864881300002,77379186688,77309411328,69775360,77309456384,0
1787748864909087075,77379186688,77309411328,69775360,77311029248,0
1787748864936845897,77379710976,77309411328,70299648,77311553536,0
1787748864965122840,77373157376,77309411328,63746048,77310504960,0
1787748864992595877,77377875968,77309411328,68464640,77309980672,0
1787748865020439811,77378396160,77309411328,68984832,77310500864,0
1787748865048592451,77380755456,77309411328,71344128,77313122304,0
1787748865077110258,77383114752,77309411328,73703424,77310238720,0
1787748865105598954,77382590464,77309411328,73179136,77309452288,0
1787748865133150103,77377871872,77309411328,68460544,77310238720,0
1787748865160622860,77378396160,77309411328,68984832,77310763008,0
1787748865188126198,77378920448,77309411328,69509120,77311549440,0
1787748865215756268,77371580416,77309411328,62169088,77310238720,0
1787748865243918628,77381017600,77309411328,71606272,77312860160,0
1787748865271643930,77382328320,77309411328,72916992,77308928000,0
1787748865298950635,77374988288,77309411328,65576960,77311811584,0
1787748865326305160,77380231168,77309411328,70819840,77312073728,0
1787748865355044561,77377085440,77309411328,67674112,77309714432,0
1787748865383038168,77380227072,77309411328,70815744,77312069632,0
1787748865410619017,77381013504,77309411328,71602176,77313118208,0
1787748865437989052,77377343488,77309411328,67932160,77309448192,0
1787748865466103062,77377605632,77309411328,68194304,77308399616,0
1787748865494448785,77379178496,77309411328,69767168,77311283200,0
1787748865521832551,77381013504,77309411328,71602176,77312593920,0
1787748865549278038,77380751360,77309411328,71340032,77312856064,0
1787748865576651093,77380751360,77309411328,71340032,77312856064,0
1787748865605064048,77382062080,77309411328,72650752,77309186048,0
1787748865633168647,77379702784,77309411328,70291456,77311545344,0
1787748865660576443,77380751360,77309411328,71340032,77312856064,0
1787748865687897858,77379440640,77309411328,70029312,77311807488,0
1787748865715295774,77379440640,77309411328,70029312,77311545344,0
1787748865743263380,77380489216,77309411328,71077888,77312331776,0
1787748865771473551,77383372800,77309411328,73961472,77310496768,0
1787748865798836416,77378654208,77309411328,69242880,77310758912,0
1787748865826821673,77380227072,77309411328,70815744,77312069632,0
1787748865854302891,77380489216,77309411328,71077888,77312856064,0
1787748865882676775,77382062080,77309411328,72650752,77307875328,0
1787748865910780344,77378392064,77309411328,68980736,77310496768,0
1787748865938204330,77376819200,77309411328,67407872,77308923904,0
1787748865965488434,77377343488,77309411328,67932160,77308923904,0
1787748865993515512,77378129920,77309411328,68718592,77309972480,0
1787748866021893306,77378912256,77309411328,69500928,77310754816,0
1787748866050293080,77381795840,77309411328,72384512,77308919808,0
1787748866077894100,77378387968,77309411328,68976640,77310230528,0
1787748866105882817,77379698688,77309411328,70287360,77311803392,0
1787748866133694300,77381009408,77309411328,71598080,77313114112,0
1787748866161918572,77383630848,77309411328,74219520,77310230528,0
1787748866189858908,77378650112,77309411328,69238784,77310754816,0
1787748866217634871,77371834368,77309411328,62423040,77312851968,0
1787748866245434954,77382057984,77309411328,72646656,77309181952,0
1787748866273561774,77378650112,77309411328,69238784,77311279104,0
1787748866302251603,77382320128,77309411328,72908800,77309706240,0
1787748866330217440,77379960832,77309411328,70549504,77312327680,0
1787748866358227027,77381795840,77309411328,72384512,77308919808,0
1787748866386467079,77378650112,77309411328,69238784,77311279104,0
1787748866415473284,77382844416,77309411328,73433088,77309706240,0
1787748866443652675,77379960832,77309411328,70549504,77311541248,0
1787748866471110422,77380222976,77309411328,70811648,77312065536,0
1787748866498441097,77379698688,77309411328,70287360,77311541248,0
1787748866525860423,77379960832,77309411328,70549504,77311541248,0
1787748866554361389,77381271552,77309411328,71860224,77313114112,0
1787748866582230774,77383106560,77309411328,73695232,77309968384,0
1787748866609500978,77377601536,77309411328,68190208,77309181952,0
1787748866636715930,77377601536,77309411328,68190208,77309181952,0
1787748866664708967,77378387968,77309411328,68976640,77310230528,0
1787748866692824726,77381533696,77309411328,72122368,77313114112,0
1787748866720554789,77380747264,77309411328,71335936,77313114112,0
1787748866748003685,77381533696,77309411328,72122368,77313638400,0
1787748866775482823,77381529600,77309411328,72118272,77313896448,0
1787748866803667933,77382840320,77309411328,73428992,77309964288,0
1787748866832035187,77381001216,77309411328,71589888,77313368064,0
1787748866859874322,77382307840,77309411328,72896512,77309693952,0
1787748866887615834,77378375680,77309411328,68964352,77310742528,0
1787748866915138332,77378371584,77309411328,68960256,77309689856,0
1787748866943577127,77378105344,77309411328,68694016,77310996480,0
1787748866972149195,77382299648,77309411328,72888320,77309423616,0
1787748867000058920,77378891776,77309411328,69480448,77311258624,0
1787748867028324002,77380988928,77309411328,71577600,77313093632,0
1787748867056709657,77383872512,77309411328,74461184,77310472192,0
1787748867084955838,77381513216,77309411328,72101888,77313355776,0
1787748867112946225,77383086080,77309411328,73674752,77310210048,0
1787748867140813760,77379940352,77309411328,70529024,77312045056,0
1787748867168739686,77382037504,77309411328,72626176,77308899328,0
1787748867196696662,77376532480,77309411328,67121152,77308375040,0
1787748867224980444,77371027456,77309411328,61616128,77312045056,0
1787748867252933440,77381775360,77309411328,72364032,77308375040,0
1787748867281293124,77378105344,77309411328,68694016,77312122880,0
1787748867311126475,77379231744,77309411328,69820416,77317902336,0
1787748867342958583,77388156928,77309411328,78745600,77319294976,0
1787748867374374793,77389811712,77309411328,80400384,77320884224,0
1787748867406265602,77388517376,77309411328,79106048,77319831552,0
1787748867437386067,77389299712,77309411328,79888384,77320474624,0
1787748867469650233,77389156352,77309411328,79745024,77321285632,0
1787748867502215914,77393375232,77309411328,83963904,77321355264,0
1787748867534399998,77390823424,77309411328,81412096,77323063296,0
1787748867564347301,77390172160,77309411328,80760832,77318365184,0
1787748867592524312,77387046912,77309411328,77635584,77309452288,0
1787748867620760843,77379969024,77309411328,70557696,77312335872,0
1787748867648312622,77381017600,77309411328,71606272,77313122304,0
1787748867675608206,77381279744,77309411328,71868416,77313384448,0
1787748867702869630,77381279744,77309411328,71868416,77313384448,0
1787748867731460228,77382852608,77309411328,73441280,77309714432,0
1787748867759415324,77380493312,77309411328,71081984,77312598016,0
1787748867787199867,77381804032,77309411328,72392704,77308928000,0
1787748867815224665,77376823296,77309411328,67411968,77310763008,0
1787748867844590367,77378658304,77309411328,69246976,77314433024,0
1787748867873577242,77384949760,77309411328,75538432,77313646592,0
1787748867901515178,77382066176,77309411328,72654848,77309976576,0
1787748867929295751,77378658304,77309411328,69246976,77311520768,0
1787748867956736168,77376008192,77309411328,66596864,77313880064,0
1787748867985190234,77382299648,77309411328,72888320,77310472192,0
1787748868013834182,77380464640,77309411328,71053312,77313118208,0
1787748868042221127,77383634944,77309411328,74223616,77311283200,0
1787748868070532040,77381537792,77309411328,72126464,77314428928,0
1787748868098289232,77383110656,77309411328,73699328,77311283200,0
1787748868126715487,77379440640,77309411328,70029312,77312593920,0
1787748868155535239,77383634944,77309411328,74223616,77311807488,0
1787748868183568457,77381537792,77309411328,72126464,77314428928,0
1787748868211590635,77375246336,77309411328,65835008,77313118208,0
1787748868239616192,77381799936,77309411328,72388608,77309710336,0
1787748868268228371,77378392064,77309411328,68980736,77311807488,0
1787748868297375939,77383634944,77309411328,74223616,77312069632,0
1787748868325751013,77382062080,77309411328,72650752,77309972480,0
1787748868354106516,77379702784,77309411328,70291456,77312856064,0
1787748868382689454,77382324224,77309411328,72912896,77309972480,0
1787748868411425285,77381537792,77309411328,72126464,77314166784,0
1787748868439791289,77382324224,77309411328,72912896,77309972480,0
1787748868467666304,77379702784,77309411328,70291456,77312331776,0
1787748868495629940,77380489216,77309411328,71077888,77313380352,0
1787748868524290839,77382848512,77309411328,73437184,77311021056,0
1787748868553238614,77382062080,77309411328,72650752,77309448192,0
1787748868581170630,77374459904,77309411328,65048576,77312069632,0
1787748868609269189,77380751360,77309411328,71340032,77313904640,0
1787748868637076652,77382848512,77309411328,73437184,77310496768,0
1787748868665595269,77379964928,77309411328,70553600,77312593920,0
1787748868694269028,77382062080,77309411328,72650752,77308923904,0
1787748868722346757,77377867776,77309411328,68456448,77310496768,0
1787748868750279373,77379702784,77309411328,70291456,77312593920,0
1787748868778264990,77381013504,77309411328,71602176,77313642496,0
1787748868806779236,77382062080,77309411328,72650752,77310234624,0
1787748868835087199,77380227072,77309411328,70815744,77312856064,0
1787748868863215019,77381799936,77309411328,72388608,77309710336,0
1787748868891065253,77378654208,77309411328,69242880,77311283200,0
1787748868919112061,77380227072,77309411328,70815744,77312593920,0
1787748868947851462,77383634944,77309411328,74223616,77311283200,0
1787748868975995731,77380751360,77309411328,71340032,77313380352,0
1787748869004523628,77383372800,77309411328,73961472,77311545344,0
1787748869032509635,77380227072,77309411328,70815744,77312856064,0
1787748869061480590,77383630848,77309411328,74219520,77311541248,0
1787748869090525216,77383368704,77309411328,73957376,77311279104,0
1787748869118835139,77381009408,77309411328,71598080,77313638400,0
1787748869146753875,77383630848,77309411328,74219520,77311016960,0
1787748869174827113,77379960832,77309411328,70549504,77312327680,0
1787748869203326220,77378387968,77309411328,68976640,77307609088,0
1787748869231287406,77376290816,77309411328,66879488,77313900544,0
1787748869259417985,77383892992,77309411328,74481664,77311541248,0
1787748869287039095,77379698688,77309411328,70287360,77312327680,0
1787748869315588213,77381271552,77309411328,71860224,77313900544,0
1787748869344935215,77386252288,77309411328,76840960,77313900544,0
1787748869373259388,77384679424,77309411328,75268096,77312589824,0
1787748869401426028,77381795840,77309411328,72384512,77309444096,0
1787748869429110359,77376815104,77309411328,67403776,77309444096,0
1787748869457099996,77377077248,77309411328,67665920,77308133376,0
1787748869485439499,77377863680,77309411328,68452352,77310230528,0
1787748869513130031,77378650112,77309411328,69238784,77311016960,0
1787748869540724180,77379436544,77309411328,70025216,77311803392,0
1787748869568337570,77376815104,77309411328,67403776,77308133376,0
1787748869596534851,77375242240,77309411328,65830912,77312589824,0
1787748869625225301,77384155136,77309411328,74743808,77311541248,0
1787748869653252059,77379698688,77309411328,70287360,77312065536,0
1787748869681088403,77380222976,77309411328,70811648,77312327680,0
1787748869709288373,77381009408,77309411328,71598080,77313376256,0
1787748869738063715,77383368704,77309411328,73957376,77311016960,0
1787748869766268246,77382057984,77309411328,72646656,77309444096,0
1787748869793889686,77377863680,77309411328,68452352,77310230528,0
1787748869821347463,77378387968,77309411328,68976640,77310754816,0
1787748869849415081,77378912256,77309411328,69500928,77311279104,0
1787748869877673623,77381271552,77309411328,71860224,77313376256,0
1787748869905848783,77383630848,77309411328,74219520,77311016960,0
1787748869933635147,77380222976,77309411328,70811648,77312589824,0
1787748869961303888,77381009408,77309411328,71598080,77313376256,0
1787748869989533199,77382320128,77309411328,72908800,77309706240,0
1787748870018221239,77380485120,77309411328,71073792,77313114112,0
1787748870046754206,77383630848,77309411328,74219520,77311541248,0
1787748870074938746,77381533696,77309411328,72122368,77313900544,0
1787748870102763560,77383106560,77309411328,73695232,77310492672,0
1787748870131492341,77379960832,77309411328,70549504,77312851968,0
1787748870160034478,77383630848,77309411328,74219520,77311016960,0
1787748870188070415,77380747264,77309411328,71335936,77313114112,0
1787748870215684745,77373145088,77309411328,63733760,77308395520,0
1787748870244135281,77378125824,77309411328,68714496,77310492672,0
1787748870272516965,77380485120,77309411328,71073792,77313114112,0
1787748870300726816,77382320128,77309411328,72908800,77309706240,0
1787748870328803574,77379436544,77309411328,70025216,77312065536,0
1787748870356749140,77381009408,77309411328,71598080,77313376256,0
1787748870385472511,77382582272,77309411328,73170944,77310492672,0
1787748870414306183,77382320128,77309411328,72908800,77309968384,0
1787748870442382492,77379698688,77309411328,70287360,77311803392,0
1787748870470169875,77381009408,77309411328,71598080,77313114112,0
1787748870498011569,77381271552,77309411328,71860224,77313900544,0
1787748870526709719,77383368704,77309411328,73957376,77311016960,0
1787748870555431950,77380222976,77309411328,70811648,77313114112,0
1787748870583731822,77383106560,77309411328,73695232,77310492672,0
1787748870611608217,77380485120,77309411328,71073792,77312851968,0
1787748870639743157,77381009408,77309411328,71598080,77313376256,0
1787748870668346345,77382582272,77309411328,73170944,77309968384,0
1787748870696311211,77380485120,77309411328,71073792,77312851968,0
1787748870724306548,77382057984,77309411328,72646656,77309444096,0
1787748870751920698,77377601536,77309411328,68190208,77310230528,0
1787748870779699821,77378912256,77309411328,69500928,77311279104,0
1787748870808315390,77381795840,77309411328,72384512,77309444096,0
1787748870836179654,77379174400,77309411328,69763072,77311279104,0
1787748870864008958,77378650112,77309411328,69238784,77311541248,0
1787748870891458765,77379698688,77309411328,70287360,77312065536,0
1787748870919568154,77380485120,77309411328,71073792,77313114112,0
1787748870948227614,77383892992,77309411328,74481664,77311541248,0
1787748870976238051,77381009408,77309411328,71598080,77313900544,0
1787748871004885190,77382844416,77309411328,73433088,77311016960,0
1787748871033478658,77379694592,77309411328,70283264,77312323584,0
1787748871062403042,77383888896,77309411328,74477568,77311537152,0
1787748871090476871,77381005312,77309411328,71593984,77313372160,0
1787748871118695372,77382578176,77309411328,73166848,77310226432,0
1787748871146523256,77379694592,77309411328,70283264,77312323584,0
1787748871174757667,77381529600,77309411328,72118272,77314420736,0
1787748871203419526,77380481024,77309411328,71069696,77309440000,0
1787748871231311421,77378121728,77309411328,68710400,77310488576,0
1787748871258831420,77378908160,77309411328,69496832,77311537152,0
1787748871286247416,77379170304,77309411328,69758976,77311537152,0
1787748871314456617,77379170304,77309411328,69758976,77312061440,0
1787748871343387991,77383364608,77309411328,73953280,77311275008,0
1787748871371514791,77381005312,77309411328,71593984,77313896448,0
1787748871399529998,77383102464,77309411328,73691136,77310226432,0
1787748871427152338,77378646016,77309411328,69234688,77311275008,0
1787748871455354379,77380481024,77309411328,71069696,77313110016,0
1787748871483459418,77382840320,77309411328,73428992,77309964288,0
1787748871511157169,77378646016,77309411328,69234688,77310750720,0
1787748871538529385,77378908160,77309411328,69496832,77311275008,0
1787748871566229046,77379170304,77309411328,69758976,77311799296,0
1787748871594549179,77381529600,77309411328,72118272,77313634304,0
1787748871622626178,77383364608,77309411328,73953280,77310750720,0
1787748871650527523,77378908160,77309411328,69496832,77311537152,0
1787748871677871728,77379694592,77309411328,70283264,77311799296,0
1787748871705806444,77380481024,77309411328,71069696,77312585728,0
1787748871734375342,77383626752,77309411328,74215424,77311012864,0
1787748871762250167,77380218880,77309411328,70807552,77312585728,0
1787748871790222133,77382316032,77309411328,72904704,77309702144,0
1787748871817975446,77378646016,77309411328,69234688,77310750720,0
1787748871846091405,77379694592,77309411328,70283264,77312061440,0
1787748871874521170,77383102464,77309411328,73691136,77310226432,0
1787748871902393375,77379956736,77309411328,70545408,77312323584,0
1787748871930128867,77381529600,77309411328,72118272,77313896448,0
1787748871958281587,77382840320,77309411328,73428992,77310226432,0
1787748871986546849,77380481024,77309411328,71069696,77312847872,0
1787748872014674688,77382316032,77309411328,72904704,77309702144,0
1787748872042814208,77379694592,77309411328,70283264,77312061440,0
1787748872070674032,77381529600,77309411328,72118272,77313634304,0
1787748872098824592,77382840320,77309411328,73428992,77309964288,0
1787748872127232967,77381005312,77309411328,71593984,77313110016,0
1787748872155248334,77382578176,77309411328,73166848,77309964288,0
1787748872183045738,77379170304,77309411328,69758976,77311799296,0
1787748872210738479,77370781696,77309411328,61370368,77312323584,0
1787748872239040252,77382316032,77309411328,72904704,77309440000,0
1787748872266843445,77379170304,77309411328,69758976,77311275008,0
1787748872294772841,77380743168,77309411328,71331840,77312847872,0
1787748872322425302,77381791744,77309411328,72380416,77308915712,0
1787748872350516350,77377859584,77309411328,68448256,77310226432,0
1787748872378977986,77381267456,77309411328,71856128,77313634304,0
1787748872406951522,77382053888,77309411328,72642560,77309177856,0
1787748872434771566,77378121728,77309411328,68710400,77310226432,0
1787748872462482488,77379432448,77309411328,70021120,77311537152,0
1787748872490620768,77379956736,77309411328,70545408,77312061440,0
1787748872519130934,77382578176,77309411328,73166848,77309964288,0
1787748872546853646,77379694592,77309411328,70283264,77311799296,0
1787748872574615749,77379956736,77309411328,70545408,77312847872,0
1787748872602055066,77381005312,77309411328,71593984,77313110016,0
1787748872630534361,77382578176,77309411328,73166848,77309964288,0
1787748872658394136,77379956736,77309411328,70545408,77312061440,0
1787748872685762901,77381005312,77309411328,71593984,77312847872,0
1787748872713133647,77381005312,77309411328,71593984,77312847872,0
1787748872740951861,77381267456,77309411328,71856128,77313110016,0
1787748872769473867,77384151040,77309411328,74739712,77311537152,0
1787748872797659368,77381791744,77309411328,72380416,77309440000,0
1787748872825411480,77378646016,77309411328,69234688,77310750720,0
1787748872852806076,77379170304,77309411328,69758976,77310750720,0
1787748872880795503,77379170304,77309411328,69758976,77311537152,0
1787748872909372121,77381529600,77309411328,72118272,77313896448,0
1787748872937080473,77383102464,77309411328,73691136,77310226432,0
1787748872964438428,77378646016,77309411328,69234688,77310488576,0
1787748872992475946,77378646016,77309411328,69234688,77311537152,0
1787748873021138155,77382053888,77309411328,72642560,77309440000,0
1787748873049812004,77380743168,77309411328,71331840,77313372160,0
1787748873078040796,77383888896,77309411328,74477568,77311012864,0
1787748873105628905,77380218880,77309411328,70807552,77312061440,0
1787748873133744214,77380743168,77309411328,71331840,77313110016,0
1787748873161998406,77381267456,77309411328,71856128,77313634304,0
1787748873189972173,77383626752,77309411328,74215424,77311012864,0
1787748873217523162,77370781696,77309411328,61370368,77311799296,0
1787748873245044940,77380743168,77309411328,71331840,77313110016,0
1787748873272694140,77381267456,77309411328,71856128,77313372160,0
1787748873300879821,77382578176,77309411328,73166848,77309702144,0
1787748873328761766,77378646016,77309411328,69234688,77311012864,0
1787748873356557249,77380218880,77309411328,70807552,77312323584,0
1787748873384142449,77381267456,77309411328,71856128,77313110016,0
1787748873412399740,77382316032,77309411328,72904704,77309177856,0
1787748873440775974,77380481024,77309411328,71069696,77312585728,0
1787748873468751421,77381791744,77309411328,72380416,77309177856,0
1787748873496614546,77377859584,77309411328,68448256,77310488576,0
1787748873524154474,77378646016,77309411328,69234688,77311012864,0
1787748873552833664,77381529600,77309411328,72118272,77313896448,0
1787748873581503623,77385199616,77309411328,75788288,77313110016,0
1787748873609474550,77382053888,77309411328,72642560,77309440000,0
1787748873636975978,77378121728,77309411328,68710400,77310226432,0
1787748873664936794,77378908160,77309411328,69496832,77311275008,0
1787748873693320298,77381267456,77309411328,71856128,77314158592,0
1787748873721259914,77383888896,77309411328,74477568,77311275008,0
1787748873749079928,77380481024,77309411328,71069696,77312585728,0
1787748873776464104,77381529600,77309411328,72118272,77313110016,0
1787748873804373399,77381529600,77309411328,72118272,77313372160,0
1787748873832891966,77385199616,77309411328,75788288,77312061440,0
1787748873860516756,77381529600,77309411328,72118272,77313372160,0
1787748873888000444,77382053888,77309411328,72642560,77309440000,0
1787748873915247127,77376811008,77309411328,67399680,77308915712,0
1787748873942895177,77376024576,77309411328,66613248,77312847872,0
1787748873971198460,77383102464,77309411328,73691136,77310488576,0
1787748873998965173,77379956736,77309411328,70545408,77311799296,0
1787748874027083712,77381791744,77309411328,72380416,77308653568,0
1787748874055041038,77378383872,77309411328,68972544,77309964288,0
1787748874083080056,77379432448,77309411328,70021120,77311799296,0
1787748874111553452,77382578176,77309411328,73166848,77309964288,0
1787748874139418297,77379432448,77309411328,70021120,77311799296,0
1787748874167026176,77381267456,77309411328,71856128,77313110016,0
1787748874195070484,77382840320,77309411328,73428992,77309440000,0
1787748874223037251,77369470976,77309411328,60059648,77310488576,0
1787748874251274742,77381267456,77309411328,71856128,77313634304,0
1787748874279198058,77382574080,77309411328,73162752,77309698048,0
1787748874307060112,77378904064,77309411328,69492736,77311795200,0
1787748874335431646,77379952640,77309411328,70541312,77312843776,0
1787748874364420702,77384146944,77309411328,74735616,77311270912,0
1787748874392311967,77380993024,77309411328,71581696,77313622016,0
1787748874420305654,77382828032,77309411328,73416704,77310738432,0
1787748874448433443,77378367488,77309411328,68956160,77311520768,0
1787748874476621204,77379936256,77309411328,70524928,77312827392,0
1787748874505130790,77383344128,77309411328,73932800,77311254528,0
1787748874532432204,77379670016,77309411328,70258688,77311512576,0
1787748874559680388,77378883584,77309411328,69472256,77310726144,0
1787748874586887280,77378883584,77309411328,69472256,77310726144,0
1787748874614946558,77379670016,77309411328,70258688,77311774720,0
1787748874642987926,77382291456,77309411328,72880128,77309415424,0
1787748874670355582,77377572864,77309411328,68161536,77309677568,0
1787748874697593185,77376262144,77309411328,66850816,77313085440,0
1787748874724869978,77381242880,77309411328,71831552,77313085440,0
1787748874752863145,77381505024,77309411328,72093696,77313871872,0
1787748874781361322,77384388608,77309411328,74977280,77311774720,0
1787748874809249167,77381505024,77309411328,72093696,77313871872,0
1787748874839512815,77383340032,77309411328,73928704,77316595712,0
1787748874870521628,77385277440,77309411328,75866112,77320282112,0
1787748874902144422,77390274560,77309411328,80863232,77321023488,0
1787748874933582213,77390753792,77309411328,81342464,77321146368,0
1787748874964713967,77390090240,77309411328,80678912,77319413760,0
1787748874996138248,77387833344,77309411328,78422016,77319270400,0
1787748875028507006,77389262848,77309411328,79851520,77321515008,0
1787748875057131044,77392031744,77309411328,82620416,77315313664,0
1787748875085372056,77384519680,77309411328,75108352,77312167936,0
1787748875112754671,77380587520,77309411328,71176192,77312954368,0
1787748875140651947,77381111808,77309411328,71700480,77312954368,0
1787748875169005180,77383471104,77309411328,74059776,77310332928,0
1787748875196443637,77379014656,77309411328,69603328,77311119360,0
1787748875223551308,77370363904,77309411328,60952576,77311643648,0
1787748875250777850,77379801088,77309411328,70389760,77311381504,0
1787748875279588252,77381898240,77309411328,72486912,77309022208,0
1787748875307327905,77378752512,77309411328,69341184,77310857216,0
1787748875335025846,77379014656,77309411328,69603328,77311643648,0
1787748875363136685,77380849664,77309411328,71438336,77314265088,0
1787748875391709553,77382946816,77309411328,73535488,77311643648,0
1787748875420324011,77382422528,77309411328,73011200,77310332928,0
1787748875448050183,77379010560,77309411328,69599232,77311901696,0
1787748875475549171,77379010560,77309411328,69599232,77311377408,0
1787748875503137341,77379534848,77309411328,70123520,77312163840,0
1787748875531873151,77381107712,77309411328,71696384,77313998848,0
1787748875560248195,77385302016,77309411328,75890688,77312950272,0
1787748875587768134,77381632000,77309411328,72220672,77313998848,0
1787748875615418254,77382156288,77309411328,72744960,77310066688,0
1787748875643242538,77377437696,77309411328,68026368,77311115264,0
1787748875671514250,77379796992,77309411328,70385664,77312688128,0
1787748875700045567,77383467008,77309411328,74055680,77311377408,0
1787748875727612296,77380321280,77309411328,70909952,77312950272,0
1787748875755224936,77380321280,77309411328,70909952,77313474560,0
1787748875783456067,77381369856,77309411328,71958528,77314523136,0
1787748875812424252,77386088448,77309411328,76677120,77313998848,0
1787748875840147144,77383204864,77309411328,73793536,77310590976,0
1787748875867595831,77379010560,77309411328,69599232,77311377408,0
1787748875895203291,77379534848,77309411328,70123520,77312163840,0
1787748875923675387,77380583424,77309411328,71172096,77313212416,0
1787748875952262585,77384253440,77309411328,74842112,77312163840,0
1787748875979878485,77380845568,77309411328,71434240,77313474560,0
1787748876008130466,77381894144,77309411328,72482816,77309542400,0
1787748876036980879,77380845568,77309411328,71434240,77313474560,0
1787748876066082477,77384515584,77309411328,75104256,77312688128,0
1787748876094698915,77384777728,77309411328,75366400,77312425984,0
1787748876122301755,77380583424,77309411328,71172096,77313212416,0
1787748876149948945,77381632000,77309411328,72220672,77314260992,0
1787748876178343750,77383467008,77309411328,74055680,77311115264,0
1787748876206591871,77373505536,77309411328,64094208,77310853120,0
1787748876234303693,77378224128,77309411328,68812800,77310590976,0
1787748876261798631,77378486272,77309411328,69074944,77310853120,0
1787748876289399801,77378748416,77309411328,69337088,77311377408,0
1787748876317863086,77380321280,77309411328,70909952,77312950272,0
1787748876346333442,77383467008,77309411328,74055680,77311115264,0
1787748876373891231,77379534848,77309411328,70123520,77311901696,0
1787748876401471910,77380321280,77309411328,70909952,77312950272,0
1787748876429167482,77380583424,77309411328,71172096,77313212416,0
1787748876457508135,77382680576,77309411328,73269248,77310328832,0
1787748876485965461,77380845568,77309411328,71434240,77313736704,0
1787748876513879986,77382942720,77309411328,73531392,77310590976,0
1787748876541523077,77378224128,77309411328,68812800,77311115264,0
1787748876569892021,77380059136,77309411328,70647808,77312950272,0
1787748876598819505,77383991296,77309411328,74579968,77311901696,0
1787748876627130588,77382156288,77309411328,72744960,77310066688,0
1787748876655043553,77379272704,77309411328,69861376,77311377408,0
1787748876682807396,77380845568,77309411328,71434240,77312950272,0
1787748876711468055,77382418432,77309411328,73007104,77310328832,0
1787748876739826629,77380583424,77309411328,71172096,77313212416,0
1787748876767570051,77381894144,77309411328,72482816,77309542400,0
1787748876795158591,77377699840,77309411328,68288512,77310066688,0
1787748876822804121,77378224128,77309411328,68812800,77310590976,0
1787748876850998612,77379272704,77309411328,69861376,77311639552,0
1787748876879478448,77382156288,77309411328,72744960,77310066688,0
1787748876907219600,77379010560,77309411328,69599232,77311639552,0
1787748876934671577,77379796992,77309411328,70385664,77311639552,0
1787748876962739205,77380059136,77309411328,70647808,77312688128,0
1787748876991358584,77382680576,77309411328,73269248,77310066688,0
1787748877019191078,77377961984,77309411328,68550656,77310328832,0
1787748877047618293,77380845568,77309411328,71434240,77313212416,0
1787748877075619600,77383467008,77309411328,74055680,77310590976,0
1787748877104086136,77379272704,77309411328,69861376,77311377408,0
1787748877132847517,77382418432,77309411328,73007104,77310066688,0
1787748877160701161,77379796992,77309411328,70385664,77312425984,0
1787748877188164788,77380321280,77309411328,70909952,77312688128,0
1787748877215618865,77371670528,77309411328,62259200,77312950272,0
1787748877244514309,77382942720,77309411328,73531392,77310328832,0
1787748877272622008,77380845568,77309411328,71434240,77313212416,0
1787748877300128586,77381632000,77309411328,72220672,77313736704,0
1787748877327640614,77381894144,77309411328,72482816,77309018112,0
1787748877355881456,77377699840,77309411328,68288512,77309804544,0
1787748877384446813,77380845568,77309411328,71434240,77313736704,0
1787748877412139155,77382680576,77309411328,73269248,77309804544,0
1787748877439609482,77377699840,77309411328,68288512,77310066688,0
1787748877467032078,77378486272,77309411328,69074944,77310590976,0
1787748877495387172,77379010560,77309411328,69599232,77311115264,0
1787748877523644894,77382156288,77309411328,72744960,77309280256,0
1787748877551135751,77377699840,77309411328,68288512,77310066688,0
1787748877578792502,77377961984,77309411328,68550656,77310328832,0
1787748877606288960,77378224128,77309411328,68812800,77310590976,0
1787748877634941569,77381369856,77309411328,71958528,77313736704,0
1787748877663081429,77383991296,77309411328,74579968,77311377408,0
1787748877690586217,77380059136,77309411328,70647808,77312163840,0
1787748877718323419,77380321280,77309411328,70909952,77312688128,0
1787748877746480949,77381632000,77309411328,72220672,77313736704,0
1787748877774858763,77383467008,77309411328,74055680,77310853120,0
1787748877802598415,77379534848,77309411328,70123520,77311901696,0
1787748877830037892,77380583424,77309411328,71172096,77312425984,0
1787748877857556410,77380845568,77309411328,71434240,77313212416,0
1787748877885995275,77381894144,77309411328,72482816,77309542400,0
1787748877914297128,77380583424,77309411328,71172096,77312950272,0
1787748877942174213,77382418432,77309411328,73007104,77310066688,0
1787748877969628670,77378224128,77309411328,68812800,77310328832,0
1787748877997251730,77378486272,77309411328,69074944,77310853120,0
1787748878025825498,77380059136,77309411328,70647808,77312688128,0
1787748878054731191,77384253440,77309411328,74842112,77312163840,0
1787748878082952733,77381894144,77309411328,72482816,77309280256,0
1787748878111050221,77378748416,77309411328,69337088,77311377408,0
1787748878138737303,77379534848,77309411328,70123520,77311901696,0
1787748878167526944,77382156288,77309411328,72744960,77309804544,0
1787748878195881308,77381369856,77309411328,71958528,77313474560,0
1787748878223247223,77373243392,77309411328,63832064,77310328832,0
1787748878251211710,77378486272,77309411328,69074944,77311639552,0
1787748878279355379,77380583424,77309411328,71172096,77312950272,0
1787748878308271993,77383467008,77309411328,74055680,77311639552,0
1787748878336741949,77381894144,77309411328,72482816,77310328832,0
1787748878364763927,77379272704,77309411328,69861376,77310853120,0
1787748878392968988,77380321280,77309411328,70909952,77313474560,0
1787748878421552595,77382418432,77309411328,73007104,77310066688,0
1787748878450567141,77382152192,77309411328,72740864,77310062592,0
1787748878478625389,77378220032,77309411328,68808704,77310586880,0
1787748878506591646,77379530752,77309411328,70119424,77311897600,0
1787748878534182435,77381365760,77309411328,71954432,77313732608,0
1787748878562427617,77382414336,77309411328,73003008,77310062592,0
1787748878590644348,77380317184,77309411328,70905856,77312421888,0
1787748878618325579,77381365760,77309411328,71954432,77313470464,0
1787748878645793176,77381627904,77309411328,72216576,77313994752,0
1787748878673636811,77382152192,77309411328,72740864,77309538304,0
1787748878702315990,77380055040,77309411328,70643712,77312421888,0
1787748878730301897,77382152192,77309411328,72740864,77309538304,0
1787748878757824805,77378482176,77309411328,69070848,77310586880,0
1787748878785315373,77379006464,77309411328,69595136,77311111168,0
1787748878813125847,77379268608,77309411328,69857280,77311373312,0
1787748878841475270,77381103616,77309411328,71692288,77313732608,0
1787748878869374315,77383462912,77309411328,74051584,77310849024,0
1787748878896991775,77379792896,77309411328,70381568,77312159744,0
1787748878924400002,77380055040,77309411328,70643712,77312159744,0
1787748878952552041,77381365760,77309411328,71954432,77313470464,0
1787748878980902415,77384249344,77309411328,74838016,77311373312,0
1787748879009077315,77380841472,77309411328,71430144,77313470464,0
1787748879037486040,77383200768,77309411328,73789440,77310849024,0
1787748879065787193,77380579328,77309411328,71168000,77313208320,0
1787748879094611795,77384249344,77309411328,74838016,77311897600,0
1787748879122585081,77381365760,77309411328,71954432,77313732608,0
1787748879150196471,77382676480,77309411328,73265152,77309800448,0
1787748879177756810,77378220032,77309411328,68808704,77310324736,0
1787748879205634125,77370617856,77309411328,61206528,77310586880,0
1787748879233966068,77380055040,77309411328,70643712,77311635456,0
1787748879261481296,77380579328,77309411328,71168000,77312946176,0
1787748879288995134,77380841472,77309411328,71430144,77313208320,0
1787748879316891150,77381890048,77309411328,72478720,77309014016,0
1787748879345366585,77378220032,77309411328,68808704,77310849024,0
1787748879373972444,77382414336,77309411328,73003008,77309800448,0
1787748879401691626,77377957888,77309411328,68546560,77310324736,0
1787748879429268475,77378744320,77309411328,69332992,77311111168,0
1787748879456729862,77379006464,77309411328,69595136,77311111168,0
1787748879485032695,77380317184,77309411328,70905856,77312684032,0
1787748879513278286,77383200768,77309411328,73789440,77310324736,0
1787748879540739613,77378744320,77309411328,69332992,77310849024,0
1787748879568230411,77379268608,77309411328,69857280,77311373312,0
1787748879596437592,77380579328,77309411328,71168000,77312946176,0
1787748879625073911,77383200768,77309411328,73789440,77310586880,0
1787748879652556398,77380055040,77309411328,70643712,77312159744,0
1787748879680120657,77380579328,77309411328,71168000,77312946176,0
1787748879707632895,77381103616,77309411328,71692288,77313208320,0
1787748879735775995,77382676480,77309411328,73265152,77309800448,0
1787748879764082658,77380055040,77309411328,70643712,77312421888,0
1787748879792040154,77382152192,77309411328,72740864,77309538304,0
1787748879819835017,77377695744,77309411328,68284416,77310324736,0
1787748879847452297,77379268608,77309411328,69857280,77311635456,0
1787748879875625568,77380317184,77309411328,70905856,77312684032,0
1787748879904368668,77383987200,77309411328,74575872,77311373312,0
1787748879932463017,77380841472,77309411328,71430144,77313470464,0
1787748879960385943,77382676480,77309411328,73265152,77310324736,0
1787748879988056574,77378744320,77309411328,69332992,77310849024,0
1787748880017162901,77380575232,77309411328,71163904,77313204224,0
1787748880045985574,77385031680,77309411328,75620352,77312417792,0
1787748880074137524,77383458816,77309411328,74047488,77310320640,0
1787748880101735543,77378740224,77309411328,69328896,77310844928,0
1787748880129665789,77379788800,77309411328,70377472,77311893504,0
1787748880158142985,77382410240,77309411328,72998912,77309796352,0
1787748880186056890,77379788800,77309411328,70377472,77312155648,0
1787748880214089008,77372710912,77309411328,63299584,77310058496,0
1787748880241874471,77379788800,77309411328,70377472,77312155648,0
1787748880269934479,77381099520,77309411328,71688192,77313204224,0
1787748880298626859,77383983104,77309411328,74571776,77311631360,0
1787748880326773849,77381361664,77309411328,71950336,77313990656,0
1787748880355097062,77383720960,77309411328,74309632,77311893504,0
1787748880383439805,77380571136,77309411328,71159808,77314248704,0
1787748880412602854,77384761344,77309411328,75350016,77313196032,0
1787748880441502688,77384228864,77309411328,74817536,77312139264,0
1787748880469854621,77381869568,77309411328,72458240,77310042112,0
1787748880498195825,77377933312,77309411328,68521984,77311086592,0
1787748880528113887,77382651904,77309411328,73240576,77310820352,0
1787748880556771866,77382643712,77309411328,73232384,77309767680,0
1787748880584654711,77378187264,77309411328,68775936,77310816256,0
1787748880612303682,77379489792,77309411328,70078464,77311856640,0
1787748880640075215,77379751936,77309411328,70340608,77312905216,0
1787748880668870477,77381058560,77309411328,71647232,77314736128,0
1787748880698403732,77386301440,77309411328,76890112,77315256320,0
1787748880727002170,77384982528,77309411328,75571200,77313417216,0
1787748880755731311,77383147520,77309411328,73736192,77311844352,0
1787748880783819659,77378949120,77309411328,69537792,77312102400,0
1787748880813100170,77382090752,77309411328,72679424,77311049728,0
1787748880842579584,77382352896,77309411328,72941568,77311836160,0
1787748880871012399,77381033984,77309411328,71622656,77314449408,0
1787748880899494465,77383655424,77309411328,74244096,77312090112,0
1787748880927840679,77381029888,77309411328,71618560,77313921024,0
1787748880956367066,77384699904,77309411328,75288576,77312348160,0
1787748880984900553,77382340608,77309411328,72929280,77310513152,0
1787748881013566622,77377093632,77309411328,67682304,77310771200,0
1787748881042124349,77381021696,77309411328,71610368,77314174976,0
1787748881070989532,77384167424,77309411328,74756096,77313126400,0
1787748881100318134,77384163328,77309411328,74752000,77312598016,0
1787748881128963763,77381013504,77309411328,71602176,77314691072,0
1787748881156973140,77382582272,77309411328,73170944,77310754816,0
1787748881185427946,77379694592,77309411328,70283264,77312847872,0
1787748881213574495,77372616704,77309411328,63205376,77309964288,0
1787748881241867418,77379956736,77309411328,70545408,77312847872,0
1787748881270178691,77382311936,77309411328,72900608,77310746624,0
1787748881298057386,77378637824,77309411328,69226496,77312053248,0
1787748881327513790,77380997120,77309411328,71585792,77315985408,0
1787748881356620227,77387018240,77309411328,77606912,77309161472,0
1787748881385391748,77380726784,77309411328,71315456,77313880064,0
1787748881413546838,77383086080,77309411328,73674752,77311520768,0
1787748881441554026,77379149824,77309411328,69738496,77312040960,0
1787748881470592442,77382029312,77309411328,72617984,77310201856,0
1787748881499250801,77380718592,77309411328,71307264,77314920448,0
1787748881527114766,77382811648,77309411328,73400320,77310984192,0
1787748881554669174,77376516096,77309411328,67104768,77314387968,0
1787748881583938605,77383327744,77309411328,73916416,77311762432,0
1787748881612236088,77383852032,77309411328,74440704,77310976000,0
1787748881639897258,77379657728,77309411328,70246400,77312548864,0
1787748881667680081,77380177920,77309411328,70766592,77313331200,0
1787748881695506235,77380964352,77309411328,71553024,77314379776,0
1787748881724088493,77383323648,77309411328,73912320,77311496192,0
1787748881753035348,77381742592,77309411328,72331264,77315420160,0
1787748881781298700,77385408512,77309411328,75997184,77313581056,0
1787748881809182744,77380952064,77309411328,71540736,77314105344,0
1787748881837126551,77382258688,77309411328,72847360,77310169088,0
1787748881865976293,77379895296,77309411328,70483968,77313048576,0
1787748881894358907,77383041024,77309411328,73629696,77310951424,0
1787748881922262353,77380153344,77309411328,70742016,77312782336,0
1787748881949950134,77380677632,77309411328,71266304,77313568768,0
1787748881978082384,77382250496,77309411328,72839168,77310160896,0
1787748882007332074,77379362816,77309411328,69951488,77313826816,0
1787748882036607894,77385125888,77309411328,75714560,77313822720,0
1787748882065266404,77383553024,77309411328,74141696,77311983616,0
1787748882093348132,77381185536,77309411328,71774208,77313814528,0
1787748882122093973,77383806976,77309411328,74395648,77310930944,0
1787748882150548438,77381447680,77309411328,72036352,77314863104,0
1787748882178988934,77383802880,77309411328,74391552,77312237568,0
1787748882206962460,77373054976,77309411328,63643648,77311451136,0
1787748882235468877,77379342336,77309411328,69931008,77312757760,0
1787748882264529933,77383008256,77309411328,73596928,77311442944,0
1787748882292658523,77380644864,77309411328,71233536,77313798144,0
1787748882321134449,77380907008,77309411328,71495680,77315371008,0
1787748882349536873,77383524352,77309411328,74113024,77312221184,0
1787748882378316895,77380636672,77309411328,71225344,77314314240,0
1787748882407516294,77385879552,77309411328,76468224,77314048000,0
1787748882436081941,77383778304,77309411328,74366976,77312737280,0
1787748882464091549,77381414912,77309411328,72003584,77315092480,0
1787748882492338620,77382197248,77309411328,72785920,77310631936,0
1787748882521224754,77381410816,77309411328,71999488,77314564096,0
1787748882549888683,77384552448,77309411328,75141120,77313511424,0
1787748882578201256,77381926912,77309411328,72515584,77310361600,0
1787748882606127551,77379043328,77309411328,69632000,77311934464,0
1787748882634691759,77381136384,77309411328,71725056,77314289664,0
1787748882663025342,77385326592,77309411328,75915264,77312188416,0
1787748882690771905,77380608000,77309411328,71196672,77313499136,0
1787748882718738511,77381918720,77309411328,72507392,77310353408,0
1787748882746381812,77378244608,77309411328,68833280,77311135744,0
1787748882775111512,77379817472,77309411328,70406144,77313232896,0
1787748882804059917,77384269824,77309411328,74858496,77312704512,0
1787748882831977642,77381906432,77309411328,72495104,77310078976,0
1787748882860063131,77377970176,77309411328,68558848,77311909888,0
1787748882888414404,77379543040,77309411328,70131712,77313744896,0
1787748882917981930,77383995392,77309411328,74584064,77312954368,0
1787748882946184811,77382942720,77309411328,73531392,77311377408,0
1787748882974093387,77379272704,77309411328,69861376,77312688128,0
1787748883002004902,77380579328,77309411328,71168000,77313732608,0
1787748883031203291,77383462912,77309411328,74051584,77312684032,0
1787748883060302449,77383196672,77309411328,73785344,77312155648,0
1787748883088830395,77380046848,77309411328,70635520,77313462272,0
1787748883117742629,77382930432,77309411328,73519104,77311627264,0
1787748883146107203,77381353472,77309411328,71942144,77315031040,0
1787748883175820942,77384761344,77309411328,75350016,77314506752,0
1787748883204808137,77380038656,77309411328,70627328,77309521920,0
1787748883233079729,77378723840,77309411328,69312512,77312401408,0
1787748883260918013,77380292608,77309411328,70881280,77313708032,0
1787748883289155565,77381865472,77309411328,72454144,77310300160,0
1787748883318423195,77380816896,77309411328,71405568,77314490368,0
1787748883347317719,77385003008,77309411328,75591680,77313961984,0
1787748883375452508,77382115328,77309411328,72704000,77310812160,0
1787748883403441425,77379231744,77309411328,69820416,77312647168,0
1787748883432724126,77382111232,77309411328,72699904,77311070208,0
1787748883461321214,77381844992,77309411328,72433664,77308968960,0
1787748883489276650,77377912832,77309411328,68501504,77311328256,0
1787748883517257167,77378699264,77309411328,69287936,77312376832,0
1787748883545228884,77380005888,77309411328,70594560,77313683456,0
1787748883574230129,77382627328,77309411328,73216000,77311324160,0
1787748883603731894,77382623232,77309411328,73211904,77311844352,0
1787748883631693900,77379735552,77309411328,70324224,77313150976,0
1787748883659751039,77381566464,77309411328,72155136,77314981888,0
1787748883688644732,77382352896,77309411328,72941568,77311574016,0
1787748883717954243,77382348800,77309411328,72937472,77311045632,0
1787748883746411199,77381033984,77309411328,71622656,77314711552,0
1787748883774494497,77382602752,77309411328,73191424,77311299584,0
1787748883802347532,77379194880,77309411328,69783552,77312872448,0
1787748883830604994,77380501504,77309411328,71090176,77311557632,0
1787748883859045339,77381021696,77309411328,71610368,77314174976,0
1787748883887396702,77383380992,77309411328,73969664,77311815680,0
1787748883915941520,77381021696,77309411328,71610368,77314699264,0
1787748883944177891,77383376896,77309411328,73965568,77311811584,0
1787748883972663267,77379969024,77309411328,70557696,77313646592,0
1787748884002013959,77384159232,77309411328,74747904,77313380352,0
1787748884031039635,77383368704,77309411328,73957376,77312327680,0
1787748884059932039,77382578176,77309411328,73166848,77311537152,0
1787748884088276332,77381005312,77309411328,71593984,77314420736,0
1787748884117182596,77383622656,77309411328,74211328,77312057344,0
1787748884146356294,77383098368,77309411328,73687040,77312319488,0
1787748884174883831,77381259264,77309411328,71847936,77314412544,0
1787748884202820227,77380468736,77309411328,71057408,77309689856,0
1787748884231116070,77375221760,77309411328,65810432,77313355776,0
1787748884259716078,77383081984,77309411328,73670656,77310730240,0
1787748884288105112,77380460544,77309411328,71049216,77313875968,0
1787748884317150929,77382557696,77309411328,73146368,77312303104,0
1787748884345319679,77381500928,77309411328,72089600,77314916352,0
1787748884374513968,77384118272,77309411328,74706944,77312815104,0
1787748884403768348,77384380416,77309411328,74969088,77313077248,0
1787748884432348766,77382803456,77309411328,73392128,77310976000,0
1787748884460377043,77379915776,77309411328,70504448,77312806912,0
1787748884488846319,77380698112,77309411328,71286784,77313589248,0
1787748884517526399,77384630272,77309411328,75218944,77312278528,0
1787748884545225850,77381222400,77309411328,71811072,77314113536,0
1787748884573007033,77382266880,77309411328,72855552,77310177280,0
1787748884601071952,77377286144,77309411328,67874816,77310439424,0
1787748884629462606,77379117056,77309411328,69705728,77312008192,0
1787748884658300888,77382787072,77309411328,73375744,77311483904,0
1787748884686445998,77379637248,77309411328,70225920,77313052672,0
1787748884714265802,77381206016,77309411328,71794688,77314621440,0
1787748884742068795,77381988352,77309411328,72577024,77309898752,0
1787748884770742365,77379104768,77309411328,69693440,77312520192,0
1787748884799701150,77382508544,77309411328,73097216,77311467520,0
1787748884827512713,77379883008,77309411328,70471680,77313036288,0
1787748884855590482,77381451776,77309411328,72040448,77314867200,0
1787748884884155849,77383024640,77309411328,73613312,77311197184,0
1787748884912957281,77382496256,77309411328,73084928,77309882368,0
1787748884940810555,77378039808,77309411328,68628480,77311717376,0
1787748884968612329,77379346432,77309411328,69935104,77312499712,0
1787748884996513534,77380657152,77309411328,71245824,77314072576,0
1787748885025623732,77382488064,77309411328,73076736,77311184896,0
1787748885055217098,77383270400,77309411328,73859072,77312229376,0
1787748885083796066,77382483968,77309411328,73072640,77311176704,0
1787748885112192940,77379596288,77309411328,70184960,77313536000,0
1787748885140157317,77381427200,77309411328,72015872,77315104768,0
1787748885168952588,77383520256,77309411328,74108928,77311954944,0
1787748885198371462,77384044544,77309411328,74633216,77313003520,0
1787748885226570642,77372506112,77309411328,63094784,77310640128,0
1787748885254487808,77379579904,77309411328,70168576,77312471040,0
1787748885283283470,77381414912,77309411328,72003584,77315092480,0
1787748885312660732,77385867264,77309411328,76455936,77314301952,0
1787748885341251530,77384556544,77309411328,75145216,77313253376,0
1787748885369629854,77380358144,77309411328,70946816,77313773568,0
1787748885398037539,77382717440,77309411328,73306112,77311676416,0
1787748885426881211,77379305472,77309411328,69894144,77313245184,0
1787748885456393306,77384810496,77309411328,75399168,77314293760,0
1787748885485058166,77383753728,77309411328,74342400,77312450560,0
1787748885513525662,77381918720,77309411328,72507392,77310091264,0
1787748885542053768,77379297280,77309411328,69885952,77313236992,0
1787748885570936762,77382438912,77309411328,73027584,77311135744,0
1787748885600939496,77382963200,77309411328,73551872,77312180224,0
1787748885629573005,77381906432,77309411328,72495104,77310603264,0
1787748885657820406,77379805184,77309411328,70393856,77312958464,0
1787748885686426234,77381111808,77309411328,71700480,77315051520,0
1787748885715516782,77385568256,77309411328,76156928,77313478656,0
1787748885743740853,77383208960,77309411328,73797632,77311381504,0
1787748885771636558,77380059136,77309411328,70647808,77313212416,0
1787748885799498552,77380845568,77309411328,71434240,77314260992,0
1787748885828190132,77382152192,77309411328,72740864,77310849024,0
1787748885857712827,77382410240,77309411328,72998912,77311631360,0
1787748885885987410,77381357568,77309411328,71946240,77314510848,0
1787748885914056268,77382926336,77309411328,73515008,77311623168,0
1787748885942112476,77379256320,77309411328,69844992,77312409600,0
1787748885971590510,77382922240,77309411328,73510912,77311881216,0
1787748886000484594,77382922240,77309411328,73510912,77311619072,0
1787748886029392158,77380296704,77309411328,70885376,77314760704,0
1787748886057818273,77383700480,77309411328,74289152,77312397312,0
1787748886086834539,77381341184,77309411328,71929856,77315014656,0
1787748886115636940,77385789440,77309411328,76378112,77313699840,0
1787748886143833821,77381332992,77309411328,71921664,77314486272,0
1787748886172240676,77383168000,77309411328,73756672,77311864832,0
1787748886200191112,77380018176,77309411328,70606848,77311336448,0
1787748886228641317,77372678144,77309411328,63266816,77311336448,0
1787748886258408657,77382631424,77309411328,73220096,77312114688,0
1787748886286645998,77381578752,77309411328,72167424,77314732032,0
1787748886314530673,77383147520,77309411328,73736192,77311057920,0
1787748886343327835,77379215360,77309411328,69804032,77312630784,0
1787748886372527184,77383929856,77309411328,74518528,77312102400,0
1787748886400368888,77381046272,77309411328,71634944,77314199552,0
1787748886428478968,77382352896,77309411328,72941568,77310263296,0
1787748886456205390,77378682880,77309411328,69271552,77311574016,0
1787748886484688956,77380251648,77309411328,70840320,77313142784,0
1787748886513464347,77384183808,77309411328,74772480,77312618496,0
1787748886541246600,77381033984,77309411328,71622656,77313662976,0
1787748886568971062,77381554176,77309411328,72142848,77314707456,0
1787748886597013400,77382336512,77309411328,72925184,77310246912,0
1787748886625592368,77379452928,77309411328,70041600,77312344064,0
1787748886654487471,77383380992,77309411328,73969664,77311815680,0
1787748886682850995,77381279744,77309411328,71868416,77314433024,0
1787748886710832592,77382848512,77309411328,73437184,77311021056,0
1787748886739678224,77380489216,77309411328,71077888,77314166784,0
1787748886768168040,77384941568,77309411328,75530240,77312327680,0
1787748886796498274,77381533696,77309411328,72122368,77314686976,0
1787748886824882488,77384417280,77309411328,75005952,77312851968,0
1787748886852846084,77381529600,77309411328,72118272,77314420736,0
1787748886881638966,77383360512,77309411328,73949184,77311533056,0
1787748886910833945,77381001216,77309411328,71589888,77314940928,0
1787748886939440003,77384663040,77309411328,75251712,77313097728,0
1787748886967569063,77382303744,77309411328,72892416,77310738432,0
1787748886995507939,77378367488,77309411328,68956160,77311782912,0
1787748887024387442,77380726784,77309411328,71315456,77313880064,0
1787748887053615182,77385965568,77309411328,76554240,77314400256,0
1787748887082012686,77384130560,77309411328,74719232,77312299008,0
1787748887110296938,77380976640,77309411328,71565312,77314654208,0
1787748887138946687,77383860224,77309411328,74448896,77312032768,0
1787748887167512705,77383069696,77309411328,73658368,77310193664,0
1787748887195540242,77379399680,77309411328,69988352,77312815104,0
1787748887223324966,77371269120,77309411328,61857792,77313597440,0
1787748887251250901,77382017024,77309411328,72605696,77310451712,0
1787748887279750678,77378867200,77309411328,69455872,77311758336,0
1787748887308857825,77383323648,77309411328,73912320,77312020480,0
1787748887336658438,77380169728,77309411328,70758400,77312798720,0
1787748887364494272,77380956160,77309411328,71544832,77313847296,0
1787748887392543990,77382000640,77309411328,72589312,77309911040,0
1787748887421135758,77379379200,77309411328,69967872,77312532480,0
1787748887450193025,77383307264,77309411328,73895936,77312004096,0
1787748887478156901,77380943872,77309411328,71532544,77314097152,0
1787748887505967085,77381464064,77309411328,72052736,77314617344,0
1787748887534640914,77383561216,77309411328,74149888,77311995904,0
1787748887563310154,77383032832,77309411328,73621504,77310418944,0
1787748887591158448,77379100672,77309411328,69689344,77311729664,0
1787748887619014113,77379883008,77309411328,70471680,77313036288,0
1787748887646861507,77381193728,77309411328,71782400,77314347008,0
1787748887675683829,77381189632,77309411328,71778304,77314342912,0
1787748887704343948,77384593408,77309411328,75182080,77313028096,0
1787748887732349215,77382496256,77309411328,73084928,77310406656,0
1787748887760413434,77379084288,77309411328,69672960,77311975424,0
1787748887788601304,77379866624,77309411328,70455296,77313282048,0
1787748887818633269,77383536640,77309411328,74125312,77312495616,0
1787748887847592064,77384843264,77309411328,75431936,77313540096,0
1787748887876290794,77382479872,77309411328,73068544,77311438848,0
1787748887904662648,77380640768,77309411328,71229440,77313794048,0
1787748887933304116,77382737920,77309411328,73326592,77311172608,0
1787748887961981906,77381160960,77309411328,71749632,77314576384,0
1787748887990481112,77384306688,77309411328,74895360,77312741376,0
1787748888019129801,77381156864,77309411328,71745536,77314834432,0
1787748888047702939,77384298496,77309411328,74887168,77312733184,0
1787748888076696824,77382987776,77309411328,73576448,77311422464,0
1787748888105299583,77381410816,77309411328,71999488,77315350528,0
1787748888133489853,77382979584,77309411328,73568256,77311414272,0
1787748888161424109,77379567616,77309411328,70156288,77312983040,0
1787748888189695941,77380874240,77309411328,71462912,77314289664,0
1787748888218388421,77375107072,77309411328,65695744,77312716800,0
1787748888247025900,77382971392,77309411328,73560064,77311406080,0
1787748888275006756,77379821568,77309411328,70410240,77313236992,0
1787748888302950492,77381394432,77309411328,71983104,77314809856,0
1787748888332157952,77383487488,77309411328,74076160,77312708608,0
1787748888361480073,77385056256,77309411328,75644928,77314015232,0
1787748888390040401,77383741440,77309411328,74330112,77312176128,0
1787748888418190320,77381382144,77309411328,71970816,77314797568,0
1787748888446491653,77380591616,77309411328,71180288,77314007040,0
1787748888475596441,77384785920,77309411328,75374592,77312958464,0
1787748888504117297,77383208960,77309411328,73797632,77311119360,0
1787748888532049453,77379796992,77309411328,70385664,77312950272,0
1787748888559874267,77380845568,77309411328,71434240,77314260992,0
1787748888588774441,77383204864,77309411328,73793536,77311897600,0
1787748888617555532,77382938624,77309411328,73527296,77311373312,0
1787748888645724632,77380317184,77309411328,70905856,77313732608,0
1787748888673977254,77381881856,77309411328,72470528,77310840832,0
1787748888701782527,77378736128,77309411328,69324800,77311889408,0
1787748888730395506,77380567040,77309411328,71155712,77314244608,0
1787748888759149927,77383970816,77309411328,74559488,77312405504,0
1787748888786988101,77381087232,77309411328,71675904,77314502656,0
1787748888814921647,77382131712,77309411328,72720384,77310566400,0
1787748888843173518,77378195456,77309411328,68784128,77311873024,0
1787748888872667333,77382651904,77309411328,73240576,77311610880,0
1787748888901706139,77382385664,77309411328,72974336,77311344640,0
1787748888930047883,77380808704,77309411328,71397376,77314486272,0
1787748888958559149,77383163904,77309411328,73752576,77312647168,0
1787748888986963614,77381062656,77309411328,71651328,77314215936,0
1787748889015735325,77384470528,77309411328,75059200,77312118784,0
1787748889044537767,77383421952,77309411328,74010624,77311856640,0
1787748889073030773,77381320704,77309411328,71909376,77314998272,0
1787748889101059241,77383942144,77309411328,74530816,77312114688,0
1787748889129606108,77379743744,77309411328,70332416,77313421312,0
1787748889158749566,77384196096,77309411328,74784768,77313417216,0
1787748889187174371,77382619136,77309411328,73207808,77310791680,0
1787748889215181608,77367676928,77309411328,58265600,77310267392,0
1787748889243638844,77378945024,77309411328,69533696,77312360448,0
1787748889272329883,77382348800,77309411328,72937472,77310521344,0
1787748889300726068,77380251648,77309411328,70840320,77313929216,0
1787748889329329546,77382873088,77309411328,73461760,77311307776,0
1787748889357755911,77381296128,77309411328,71884800,77314711552,0
1787748889386542282,77383127040,77309411328,73715712,77311299584,0
1787748889415631160,77382602752,77309411328,73191424,77311299584,0
1787748889443567776,77380763648,77309411328,71352320,77313654784,0
1787748889471775006,77382336512,77309411328,72925184,77311033344,0
1787748889499319885,77378134016,77309411328,68722688,77310763008,0
1787748889527863562,77379444736,77309411328,70033408,77312860160,0
1787748889556945269,77383372800,77309411328,73961472,77312593920,0
1787748889585305513,77382057984,77309411328,72646656,77310230528,0
1787748889613393972,77379170304,77309411328,69758976,77312585728,0
1787748889641493681,77380739072,77309411328,71327744,77313630208,0
1787748889669943166,77384146944,77309411328,74735616,77311795200,0
1787748889697980984,77381263360,77309411328,71852032,77314154496,0
1787748889726083443,77382569984,77309411328,73158656,77310742528,0
1787748889754055319,77379682304,77309411328,70270976,77311787008,0
1787748889782282200,77380468736,77309411328,71057408,77313359872,0
1787748889811507660,77384134656,77309411328,74723328,77313093632,0
1787748889839729501,77382295552,77309411328,72884224,77309943808,0
1787748889867857411,77378883584,77309411328,69472256,77312299008,0
1787748889896068652,77381242880,77309411328,71831552,77314134016,0
1787748889924389685,77382025216,77309411328,72613888,77309411328,0
1787748889952035065,77378879488,77309411328,69468160,77311508480,0
1787748889979668985,77379141632,77309411328,69730304,77312294912,0
1787748890007846356,77379923968,77309411328,70512640,77313601536,0
1787748890037274839,77383856128,77309411328,74444800,77312552960,0
1787748890066268404,77383327744,77309411328,73916416,77311762432,0
1787748890094446725,77381226496,77309411328,71815168,77314379776,0
1787748890122697167,77383061504,77309411328,73650176,77311229952,0
1787748890150296746,77379125248,77309411328,69713920,77312016384,0
1787748890178845553,77380956160,77309411328,71544832,77314371584,0
1787748890207718427,77376237568,77309411328,66826240,77314891776,0
1787748890236491998,77384093696,77309411328,74682368,77312528384,0
1787748890264582297,77381730304,77309411328,72318976,77315145728,0
1787748890293019662,77383565312,77309411328,74153984,77311737856,0
1787748890321556729,77381726208,77309411328,72314880,77314617344,0
1787748890350146917,77384347648,77309411328,74936320,77313044480,0
1787748890378969309,77382250496,77309411328,72839168,77311995904,0
1787748890407241261,77380673536,77309411328,71262208,77314351104,0
1787748890436418700,77382242304,77309411328,72830976,77311463424,0
1787748890465949105,77383548928,77309411328,74137600,77312507904,0
1787748890494080915,77381185536,77309411328,71774208,77314600960,0
1787748890522170083,77383020544,77309411328,73609216,77311717376,0
1787748890550607618,77378822144,77309411328,69410816,77312761856,0
1787748890579650565,77383536640,77309411328,74125312,77312233472,0
1787748890608379675,77381701632,77309411328,72290304,77315641344,0
1787748890636456904,77381435392,77309411328,72024064,77315112960,0
1787748890664566643,77383266304,77309411328,73854976,77311700992,0
1787748890693003408,77380120576,77309411328,70709248,77313798144,0
1787748890722093985,77384572928,77309411328,75161600,77313007616,0
1787748890750200164,77381427200,77309411328,72015872,77315104768,0
1787748890778362314,77382737920,77309411328,73326592,77311959040,0
1787748890806309120,77379588096,77309411328,70176768,77313003520,0
1787748890835209984,77381681152,77309411328,72269824,77315883008,0
1787748890864379403,77386661888,77309411328,77250560,77315620864,0
1787748890892599634,77384298496,77309411328,74887168,77313257472,0
1787748890920540310,77381148672,77309411328,71737344,77314564096,0
1787748890948533857,77381935104,77309411328,72523776,77310631936,0
1787748890977349809,77379309568,77309411328,69898240,77313249280,0
1787748891007230230,77384024064,77309411328,74612736,77314031616,0
1787748891036389259,77382451200,77309411328,73039872,77311930368,0
1787748891064849334,77381394432,77309411328,71983104,77315072000,0
1787748891093605005,77384540160,77309411328,75128832,77312450560,0
1787748891122528520,77383225344,77309411328,73814016,77311660032,0
1787748891150968715,77381128192,77309411328,71716864,77314805760,0
1787748891179389140,77384007680,77309411328,74596352,77312180224,0
1787748891207667812,77372735488,77309411328,63324160,77310869504,0
1787748891236803910,77380595712,77309411328,71184384,77314535424,0
1787748891266298074,77386100736,77309411328,76689408,77315584000,0
1787748891295146507,77384519680,77309411328,75108352,77313740800,0
1787748891323554702,77383471104,77309411328,74059776,77311905792,0
1787748891352319953,77378748416,77309411328,69337088,77312425984,0
1787748891381721866,77384511488,77309411328,75100160,77312684032,0
1787748891410127520,77382938624,77309411328,73527296,77311373312,0
1787748891438123577,77380055040,77309411328,70643712,77313470464,0
1787748891466597493,77380837376,77309411328,71426048,77314514944,0
1787748891495504867,77384245248,77309411328,74833920,77313204224,0
1787748891524604284,77383454720,77309411328,74043392,77312937984,0
1787748891552707853,77381353472,77309411328,71942144,77315031040,0
1787748891581023316,77382402048,77309411328,72990720,77311356928,0
1787748891609170716,77379252224,77309411328,69840896,77312401408,0
1787748891638780643,77383180288,77309411328,73768960,77312139264,0
1787748891667176697,77382651904,77309411328,73240576,77311086592,0
1787748891694991341,77378977792,77309411328,69566464,77311868928,0
1787748891722897826,77379764224,77309411328,70352896,77312917504,0
1787748891751557445,77381595136,77309411328,72183808,77315272704,0
1787748891780201764,77384998912,77309411328,75587584,77312909312,0
1787748891809045057,77383426048,77309411328,74014720,77311860736,0
1787748891837553803,77381853184,77309411328,72441856,77310287872,0
1787748891865824195,77378703360,77309411328,69292032,77312380928,0
1787748891894407553,77380272128,77309411328,70860800,77313687552,0
1787748891924124822,77384466432,77309411328,75055104,77314473984,0
1787748891952776271,77383409664,77309411328,73998336,77312368640,0
1787748891981239187,77381836800,77309411328,72425472,77310271488,0
1787748892010560108,77378949120,77309411328,69537792,77313150976,0
1787748892038848421,77350264832,77309411328,40853504,77308321792,0
1787748892223787166,77313859584,77309411328,4448256,77308616704,0
1787748892250661802,77320372224,77309411328,10960896,77305167872,0
1787748892277699671,77316640768,77309411328,7229440,77306941440,0
1787748892305167069,77318959104,77309411328,9547776,77308997632,0
1787748892331980314,77321035776,77309411328,11624448,77305307136,0
1787748892358575095,77317591040,77309411328,8179712,77307105280,0
1787748892385372290,77318627328,77309411328,9216000,77308665856,0
1787748892412580982,77323063296,77309411328,13651968,77307334656,0
1787748892440263003,77321220096,77309411328,11808768,77305491456,0
1787748892467000407,77319118848,77309411328,9707520,77308895232,0
1787748892493824782,77322256384,77309411328,12845056,77307576320,0
1787748892520513885,77321207808,77309411328,11796480,77305479168,0
1787748892547544174,77319110656,77309411328,9699328,77308624896,0
1787748892575124224,77322252288,77309411328,12840960,77307310080,0
1787748892601967499,77321986048,77309411328,12574720,77306257408,0
1787748892628602431,77320675328,77309411328,11264000,77305208832,0
1787748892655277074,77319626752,77309411328,10215424,77309403136,0
1787748892682293463,77324083200,77309411328,14671872,77308354560,0
1787748892709844871,77323034624,77309411328,13623296,77307305984,0
1787748892736704797,77321453568,77309411328,12042240,77306511360,0
1787748892763406590,77320404992,77309411328,10993664,77305462784,0
1787748892789869809,77319356416,77309411328,9945088,77309394944,0
1787748892817085312,77323550720,77309411328,14139392,77308870656,0
1787748892844595990,77323812864,77309411328,14401536,77308084224,0
1787748892871399085,77321969664,77309411328,12558336,77306503168,0
1787748892898154639,77320134656,77309411328,10723328,77305192448,0
1787748892924732360,77319086080,77309411328,9674752,77308600320,0
1787748892951829430,77323280384,77309411328,13869056,77307551744,0
1787748892979532421,77322231808,77309411328,12820480,77306765312,0
1787748893007564369,77321699328,77309411328,12288000,77305970688,0
1787748893034327703,77319864320,77309411328,10452992,77309902848,0
1787748893061316352,77323796480,77309411328,14385152,77308592128,0
1787748893088838430,77322747904,77309411328,13336576,77307805696,0
1787748893116171705,77321699328,77309411328,12288000,77307019264,0
1787748893142763006,77320650752,77309411328,11239424,77305184256,0
1787748893169552510,77319069696,77309411328,9658368,77308583936,0
1787748893196561859,77322735616,77309411328,13324288,77307531264,0
1787748893224173349,77321162752,77309411328,11751424,77305434112,0
1787748893251067956,77319847936,77309411328,10436608,77309362176,0
1787748893277576945,77322993664,77309411328,13582336,77307265024,0
1787748893304235297,77321158656,77309411328,11747328,77306216448,0
1787748893331360248,77319843840,77309411328,10432512,77309358080,0
1787748893358598531,77322989568,77309411328,13578240,77307785216,0
1787748893385731612,77321936896,77309411328,12525568,77306208256,0
1787748893412336354,77320101888,77309411328,10690560,77304373248,0
1787748893439010716,77318004736,77309411328,8593408,77307518976,0
1787748893466091826,77320884224,77309411328,11472896,77305679872,0
1787748893493251318,77319835648,77309411328,10424320,77309349888,0
1787748893520631073,77324029952,77309411328,14618624,77308563456,0
1787748893547332837,77322715136,77309411328,13303808,77306986496,0
1787748893573933628,77321666560,77309411328,12255232,77305937920,0
1787748893600941306,77320880128,77309411328,11468800,77305151488,0
1787748893628492515,77319831552,77309411328,10420224,77309607936,0
1787748893655305870,77323759616,77309411328,14348288,77308293120,0
1787748893681952442,77322444800,77309411328,13033472,77306716160,0
1787748893708550554,77321396224,77309411328,11984896,77305667584,0
1787748893735560442,77319823360,77309411328,10412032,77309861888,0
1787748893763075580,77323493376,77309411328,14082048,77308289024,0
1787748893789727062,77322174464,77309411328,12763136,77306445824,0
1787748893816324704,77320077312,77309411328,10665984,77304348672,0
1787748893842844373,77318242304,77309411328,8830976,77308542976,0
1787748893869838532,77322174464,77309411328,12763136,77306445824,0
1787748893897478672,77320859648,77309411328,11448320,77305655296,0
1787748893923976562,77319278592,77309411328,9867264,77308792832,0
1787748893950737786,77322416128,77309411328,13004800,77307211776,0
1787748893977418378,77320843264,77309411328,11431936,77305114624,0
1787748894004456018,77319270400,77309411328,9859072,77309308928,0
1787748894032165659,77323202560,77309411328,13791232,77308522496,0
1787748894059110627,77323202560,77309411328,13791232,77307473920,0
1787748894085804510,77321887744,77309411328,12476416,77306159104,0
1787748894112438662,77320310784,77309411328,10899456,77305106432,0
1787748894139461521,77319524352,77309411328,10113024,77309300736,0
1787748894166942478,77323980800,77309411328,14569472,77308252160,0
1787748894193625331,77322665984,77309411328,13254656,77306937344,0
1787748894220368875,77320830976,77309411328,11419648,77305888768,0
1787748894246880964,77319778304,77309411328,10366976,77309292544,0
1787748894273882703,77322911744,77309411328,13500416,77307183104,0
1787748894301428292,77322121216,77309411328,12709888,77306392576,0
1787748894328134925,77320024064,77309411328,10612736,77304819712,0
1787748894354791037,77318709248,77309411328,9297920,77308223488,0
1787748894381511070,77323165696,77309411328,13754368,77307437056,0
1787748894408586030,77321326592,77309411328,11915264,77306122240,0
1787748894436153910,77321064448,77309411328,11653120,77305335808,0
1787748894462932714,77320015872,77309411328,10604544,77304287232,0
1787748894489523795,77317914624,77309411328,8503296,77308215296,0
1787748894516228488,77322633216,77309411328,13221888,77306904576,0
1787748894543349159,77320798208,77309411328,11386880,77305856000,0
1787748894570648593,77319221248,77309411328,9809920,77308735488,0
1787748894597569840,77322366976,77309411328,12955648,77306638336,0
1787748894624205522,77320003584,77309411328,10592256,77304274944,0
1787748894650805923,77316853760,77309411328,7442432,77306368000,0
1787748894677677579,77318950912,77309411328,9539584,77308727296,0
1787748894705119436,77322096640,77309411328,12685312,77306368000,0
1787748894731692017,77318418432,77309411328,9007104,77307932672,0
1787748894758290748,77320515584,77309411328,11104256,77305049088,0
1787748894784712776,77317894144,77309411328,8482816,77307932672,0
1787748894811821817,77320515584,77309411328,11104256,77304786944,0
1787748894839200992,77318156288,77309411328,8744960,77308194816,0
1787748894865961426,77320511488,77309411328,11100160,77304782848,0
1787748894892407525,77317099520,77309411328,7688192,77306613760,0
1787748894918994496,77319196672,77309411328,9785344,77309497344,0
1787748894946337021,77322342400,77309411328,12931072,77307400192,0
1787748894973744987,77320507392,77309411328,11096064,77305827328,0
1787748895000385139,77318668288,77309411328,9256960,77308706816,0
1787748895027220874,77321551872,77309411328,12140544,77306347520,0
1787748895054124051,77319966720,77309411328,10555392,77304238080,0
1787748895081248902,77318119424,77309411328,8708096,77307633664,0
1787748895108480435,77321527296,77309411328,12115968,77305798656,0
1787748895135207718,77319168000,77309411328,9756672,77308944384,0
1787748895161724948,77321261056,77309411328,11849728,77305532416,0
1787748895188699326,77318639616,77309411328,9228288,77308678144,0
1787748895216175153,77321261056,77309411328,11849728,77305532416,0
1787748895242799205,77318111232,77309411328,8699904,77307625472,0
1787748895269397586,77319942144,77309411328,10530816,77304213504,0
1787748895295923896,77316796416,77309411328,7385088,77306310656,0
1787748895322979486,77317844992,77309411328,8433664,77308145664,0
1787748895350239679,77320462336,77309411328,11051008,77305520128,0
1787748895376778399,77317042176,77309411328,7630848,77307080704,0
1787748895403229258,77319131136,77309411328,9719808,77308645376,0
1787748895429852149,77321490432,77309411328,12079104,77305761792,0
1787748895456668524,77318340608,77309411328,8929280,77308379136,0
1787748895484144792,77321486336,77309411328,12075008,77305757696,0
1787748895510605280,77317808128,77309411328,8396800,77307322368,0
1787748895537312734,77319905280,77309411328,10493952,77304176640,0
1787748895563720161,77316759552,77309411328,7348224,77306273792,0
1787748895590645278,77318856704,77309411328,9445376,77308370944,0
1787748895618172097,77321216000,77309411328,11804672,77305487360,0
1787748895644772638,77317804032,77309411328,8392704,77307318272,0
1787748895671265897,77318852608,77309411328,9441280,77309153280,0
1787748895697962860,77320949760,77309411328,11538432,77305221120,0
1787748895725112091,77317275648,77309411328,7864320,77307052032,0
1787748895752153001,77318320128,77309411328,8908800,77308358656,0
1787748895778892835,77320417280,77309411328,11005952,77304688640,0
1787748895805443265,77316747264,77309411328,7335936,77306785792,0
1787748895832049766,77318320128,77309411328,8908800,77307834368,0
1787748895859078005,77320155136,77309411328,10743808,77304688640,0
1787748895886436770,77317795840,77309411328,8384512,77307310080,0
1787748895913060662,77319888896,77309411328,10477568,77309927424,0
1787748895939720114,77321719808,77309411328,12308480,77307039744,0
1787748895966243584,77319098368,77309411328,9687040,77309136896,0
1787748895993266183,77321719808,77309411328,12308480,77305991168,0
1787748896020655229,77318836224,77309411328,9424896,77309399040,0
1787748896047680688,77321981952,77309411328,12570624,77307035648,0
1787748896074415382,77320404992,77309411328,10993664,77304938496,0
1787748896101010053,77318045696,77309411328,8634368,77308084224,0
1787748896128264476,77320925184,77309411328,11513856,77305720832,0
1787748896155698403,77318565888,77309411328,9154560,77308866560,0
1787748896182435946,77321445376,77309411328,12034048,77306241024,0
1787748896208946086,77319348224,77309411328,9936896,77308862464,0
1787748896235728210,77321445376,77309411328,12034048,77305716736,0
1787748896262972924,77318299648,77309411328,8888320,77307813888,0
1787748896290488642,77321445376,77309411328,12034048,77305716736,0
1787748896317245146,77318025216,77309411328,8613888,77308325888,0
1787748896343858487,77321170944,77309411328,11759616,77305442304,0
1787748896370608151,77319073792,77309411328,9662464,77308588032,0
1787748896397956496,77322219520,77309411328,12808192,77307277312,0
1787748896425479604,77321170944,77309411328,11759616,77305704448,0
1787748896451995544,77319065600,77309411328,9654272,77309104128,0
1787748896478664406,77322469376,77309411328,13058048,77307265024,0
1787748896505427831,77320630272,77309411328,11218944,77305163776,0
1787748896532662024,77319057408,77309411328,9646080,77308571648,0
1787748896560048149,77322203136,77309411328,12791808,77307260928,0
1787748896586700641,77320355840,77309411328,10944512,77304627200,0
1787748896613255342,77317992448,77309411328,8581120,77307506688,0
1787748896640251010,77320871936,77309411328,11460608,77305667584,0
1787748896667715507,77319028736,77309411328,9617408,77309067264,0
1787748896694612094,77322698752,77309411328,13287424,77306970112,0
1787748896721275596,77320335360,77309411328,10924032,77304606720,0
1787748896747766406,77318500352,77309411328,9089024,77308014592,0
1787748896774818425,77321646080,77309411328,12234752,77305917440,0
1787748896802092889,77320597504,77309411328,11186176,77304868864,0
1787748896829362112,77318500352,77309411328,9089024,77309063168,0
1787748896856051255,77322162176,77309411328,12750848,77306433536,0
1787748896882731638,77320589312,77309411328,11177984,77306695680,0
1787748896909714816,77320327168,77309411328,10915840,77307219968,0
1787748896936848317,77321900032,77309411328,12488704,77309317120,0
1787748896964366195,77322948608,77309411328,13537280,77307219968,0
1787748896990919136,77320318976,77309411328,10907648,77307736064,0
1787748897017655639,77321367552,77309411328,11956224,77309571072,0
1787748897045138217,77323726848,77309411328,14315520,77306949632,0
1787748897072760787,77320581120,77309411328,11169792,77309046784,0
1787748897099558672,77322412032,77309411328,13000704,77305634816,0
1787748897126095912,77319000064,77309411328,9588736,77306679296,0
1787748897152769484,77321097216,77309411328,11685888,77308514304,0
1787748897179966677,77322145792,77309411328,12734464,77305368576,0
1787748897207632528,77320310784,77309411328,10899456,77307727872,0
1787748897234235009,77321879552,77309411328,12468224,77309558784,0
1787748897260950732,77323452416,77309411328,14041088,77306675200,0
1787748897287574134,77320302592,77309411328,10891264,77308506112,0
1787748897315066471,77322399744,77309411328,12988416,77305622528,0
1787748897342108551,77319774208,77309411328,10362880,77307453440,0
1787748897368625170,77321084928,77309411328,11673600,77308502016,0
1787748897395360284,77322133504,77309411328,12722176,77306142720,0
1787748897421943425,77320036352,77309411328,10625024,77307453440,0
1787748897448977194,77321084928,77309411328,11673600,77309288448,0
1787748897476466482,77323169792,77309411328,13758464,77306654720,0
1787748897503380709,77321334784,77309411328,11923456,77308485632,0
1787748897530015461,77322117120,77309411328,12705792,77305339904,0
1787748897556656043,77319495680,77309411328,10084352,77307437056,0
1787748897583576580,77321068544,77309411328,11657216,77308485632,0
1787748897611218390,77322641408,77309411328,13230080,77306388480,0
1787748897637733170,77319487488,77309411328,10076160,77306904576,0
1787748897664360151,77320536064,77309411328,11124736,77308739584,0
1787748897690957463,77322633216,77309411328,13221888,77305856000,0
1787748897717724617,77319487488,77309411328,10076160,77306904576,0
1787748897745358657,77320798208,77309411328,11386880,77309001728,0
1787748897772032870,77321842688,77309411328,12431360,77310046208,0
1787748897798605550,77322362880,77309411328,12951552,77305585664,0
1787748897825357554,77318168576,77309411328,8757248,77305585664,0
1787748897852387053,77318430720,77309411328,9019392,77305847808,0
1787748897879809630,77319208960,77309411328,9797632,77306888192,0
1787748897906457062,77319200768,77309411328,9789440,77306617856,0
1787748897933044553,77319974912,77309411328,10563584,77307387904,0
1787748897959584943,77318647808,77309411328,9236480,77306327040,0
1787748897986622192,77318647808,77309411328,9236480,77306064896,0
1787748898014121460,77318643712,77309411328,9232384,77306060800,0
1787748898040872734,77318635520,77309411328,9224192,77306052608,0
1787748898067515556,77318893568,77309411328,9482240,77306834944,0
1787748898094107397,77319680000,77309411328,10268672,77307621376,0
1787748898121099275,77319680000,77309411328,10268672,77307621376,0
1787748898148493461,77319938048,77309411328,10526720,77307355136,0
1787748898175036281,77320720384,77309411328,11309056,77308137472,0
1787748898201679184,77320982528,77309411328,11571200,77309186048,0
1787748898228249444,77321506816,77309411328,12095488,77309186048,0
1787748898255268953,77322031104,77309411328,12619776,77305253888,0
1787748898282767541,77318098944,77309411328,8687616,77305778176,0
1787748898309595096,77318098944,77309411328,8687616,77305516032,0
1787748898336103976,77317820416,77309411328,8409088,77305237504,0
1787748898362717277,77318082560,77309411328,8671232,77305499648,0
1787748898389725686,77318082560,77309411328,8671232,77305499648,0
1787748898417217184,77318078464,77309411328,8667136,77306281984,0
1787748898443959527,77318852608,77309411328,9441280,77306269696,0
1787748898470854374,77319897088,77309411328,10485760,77307314176,0
1787748898497424105,77320679424,77309411328,11268096,77308096512,0
1787748898524510375,77321728000,77309411328,12316672,77309145088,0
1787748898551881070,77323038720,77309411328,13627392,77307310080,0
1787748898578481131,77320675328,77309411328,11264000,77308092416,0
1787748898605061712,77322510336,77309411328,13099008,77306519552,0
1787748898631640563,77320146944,77309411328,10735616,77307564032,0
1787748898658585301,77321195520,77309411328,11784192,77308612608,0
1787748898686112309,77323280384,77309411328,13869056,77306503168,0
1787748898712650719,77319602176,77309411328,10190848,77307019264,0
1787748898739256120,77320650752,77309411328,11239424,77308067840,0
1787748898765746659,77321961472,77309411328,12550144,77309378560,0
1787748898792645266,77321961472,77309411328,12550144,77309378560,0
1787748898820289737,77323272192,77309411328,13860864,77306494976,0
1787748898846956959,77319860224,77309411328,10448896,77307277312,0
1787748898873510789,77320646656,77309411328,11235328,77308063744,0
1787748898899978058,77321691136,77309411328,12279808,77309370368,0
1787748898926965156,77321949184,77309411328,12537856,77309366272,0
1787748898954252160,77322997760,77309411328,13586432,77306220544,0
1787748898980776870,77318799360,77309411328,9388032,77307002880,0
1787748899007339361,77319585792,77309411328,10174464,77307002880,0
1787748899033815759,77319847936,77309411328,10436608,77308051456,0
1787748899061101933,77320634368,77309411328,11223040,77308051456,0
1787748899088216984,77321416704,77309411328,12005376,77308833792,0
1787748899114753774,77321150464,77309411328,11739136,77308567552,0
1787748899141283284,77322199040,77309411328,12787712,77305683968,0
1787748899168124040,77318266880,77309411328,8855552,77305683968,0
1787748899195165149,77319315456,77309411328,9904128,77306732544,0
1787748899222435352,77320626176,77309411328,11214848,77308043264,0
1787748899248992093,77321134080,77309411328,11722752,77308551168,0
1787748899275432511,77321658368,77309411328,12247040,77309599744,0
1787748899302165645,77322182656,77309411328,12771328,77305405440,0
1787748899329605382,77319290880,77309411328,9879552,77306707968,0
1787748899356704152,77319024640,77309411328,9613312,77306441728,0
1787748899383198371,77319024640,77309411328,9613312,77306966016,0
1787748899409651830,77320069120,77309411328,10657792,77307486208,0
1787748899436341213,77320069120,77309411328,10657792,77307482112,0
1787748899463561205,77319798784,77309411328,10387456,77307215872,0
1787748899490939761,77319798784,77309411328,10387456,77308264448,0
1787748899517474291,77320056832,77309411328,10645504,77307998208,0
1787748899544053471,77319794688,77309411328,10383360,77307736064,0
1787748899570730624,77319524352,77309411328,10113024,77306941440,0
1787748899598060959,77319512064,77309411328,10100736,77306929152,0
1787748899625548386,77319507968,77309411328,10096640,77307711488,0
1787748899652132087,77320286208,77309411328,10874880,77307703296,0
1787748899678743969,77320282112,77309411328,10870784,77307699200,0
1787748899705447642,77320278016,77309411328,10866688,77307695104,0
1787748899732743356,77320278016,77309411328,10866688,77307695104,0
1787748899759968619,77320540160,77309411328,11128832,77307957248,0
1787748899786594300,77320273920,77309411328,10862592,77307691008,0
1787748899813170211,77319221248,77309411328,9809920,77306900480,0
1787748899840250311,77319221248,77309411328,9809920,77306638336,0
1787748899867654787,77319483392,77309411328,10072064,77307686912,0
1787748899894378390,77320003584,77309411328,10592256,77307682816,0
1787748899921018442,77321052160,77309411328,11640832,77308469248,0
1787748899947589093,77321052160,77309411328,11640832,77309255680,0
1787748899974760435,77322100736,77309411328,12689408,77305323520,0
1787748900002341034,77319733248,77309411328,10321920,77307150336,0
1787748900029284592,77320781824,77309411328,11370496,77308198912,0
1787748900055973474,77321297920,77309411328,11886592,77308715008,0
1787748900082762259,77323132928,77309411328,13721600,77306617856,0
1787748900109738627,77320249344,77309411328,10838016,77307666432,0
1787748900137184174,77320773632,77309411328,11362304,77308715008,0
1787748900163986509,77321031680,77309411328,11620352,77309235200,0
1787748900190647631,77322338304,77309411328,12926976,77305561088,0
1787748900217351404,77318406144,77309411328,8994816,77306609664,0
1787748900244366133,77319188480,77309411328,9777152,77306605568,0
1787748900271789290,77320237056,77309411328,10825728,77307654144,0
1787748900298515133,77319970816,77309411328,10559488,77307912192,0
1787748900325309158,77321015296,77309411328,11603968,77308694528,0
1787748900351857768,77321011200,77309411328,11599872,77308428288,0
1787748900378977859,77321273344,77309411328,11862016,77309476864,0
1787748900406422286,77323108352,77309411328,13697024,77306331136,0
1787748900433151879,77319434240,77309411328,10022912,77307375616,0
1787748900459714720,77319958528,77309411328,10547200,77307899904,0
1787748900486229729,77321007104,77309411328,11595776,77308424192,0
1787748900513200327,77321531392,77309411328,12120064,77309472768,0
1787748900540732176,77322055680,77309411328,12644352,77306064896,0
1787748900567438319,77318643712,77309411328,9232384,77306060800,0
1787748900594026260,77318377472,77309411328,8966144,77305794560,0
1787748900620681752,77319426048,77309411328,10014720,77306843136,0
1787748900647932625,77319426048,77309411328,10014720,77306843136,0
1787748900675181258,77319426048,77309411328,10014720,77306843136,0
1787748900701824721,77319159808,77309411328,9748480,77306576896,0
1787748900728458682,77319159808,77309411328,9748480,77306576896,0
1787748900755499002,77319159808,77309411328,9748480,77306576896,0
1787748900782693494,77318893568,77309411328,9482240,77306310656,0
1787748900810002818,77318369280,77309411328,8957952,77306310656,0
1787748900836457037,77317578752,77309411328,8167424,77309190144,0
1787748900863189120,77322035200,77309411328,12623872,77305257984,0
1787748900890658167,77317840896,77309411328,8429568,77305257984,0
1787748900917933491,77317574656,77309411328,8163328,77309186048,0
1787748900944566913,77321244672,77309411328,11833344,77309186048,0
1787748900971189385,77320720384,77309411328,11309056,77308137472,0
1787748900997623223,77320720384,77309411328,11309056,77308137472,0
1787748901027867341,77322555392,77309411328,13144064,77306302464,0
1787748901055317448,77319933952,77309411328,10522624,77307351040,0
1787748901081834168,77320970240,77309411328,11558912,77308387328,0
1787748901108480480,77322010624,77309411328,12599296,77305233408,0
1787748901135174333,77319127040,77309411328,9715712,77306544128,0
1787748901162112000,77319102464,77309411328,9691136,77306781696,0
1787748901189370213,77320126464,77309411328,10715136,77308592128,0
1787748901216179878,77321428992,77309411328,12017664,77308846080,0
1787748901242730019,77320888320,77309411328,11476992,77308305408,0
1787748901269385581,77321920512,77309411328,12509184,77309337600,0
1787748901296378539,77321920512,77309411328,12509184,77309337600,0
1787748901323923558,77323231232,77309411328,13819904,77306454016,0
1787748901350579320,77319819264,77309411328,10407936,77307498496,0
1787748901377183722,77321379840,77309411328,11968512,77309321216,0
1787748901403881794,77322428416,77309411328,13017088,77306437632,0
1787748901430695700,77319278592,77309411328,9867264,77307219968,0
1787748901457937673,77321375744,77309411328,11964416,77308792832,0
1787748901484587495,77323202560,77309411328,13791232,77306687488,0
1787748901511276748,77320314880,77309411328,10903552,77307731968,0
1787748901537746976,77321363456,77309411328,11952128,77308780544,0
1787748901564845647,77322674176,77309411328,13262848,77305896960,0
1787748901592361835,77319790592,77309411328,10379264,77307990016,0
1787748901618987817,77321351168,77309411328,11939840,77308768256,0
1787748901645592988,77322399744,77309411328,12988416,77305622528,0
1787748901672248940,77319512064,77309411328,10100736,77306929152,0
1787748901699210818,77320294400,77309411328,10883072,77307711488,0
1787748901726637514,77321867264,77309411328,12455936,77309808640,0
1787748901753446739,77323440128,77309411328,14028800,77306662912,0
1787748901779992910,77321072640,77309411328,11661312,77308489728,0
1787748901806703783,77322375168,77309411328,12963840,77305597952,0
1787748901833703531,77319753728,77309411328,10342400,77307695104,0
1787748901861198919,77321588736,77309411328,12177408,77309792256,0
1787748901887772730,77323145216,77309411328,13733888,77306368000,0
1787748901914407542,77320257536,77309411328,10846208,77308198912,0
1787748901941077534,77322608640,77309411328,13197312,77305831424,0
1787748901968068132,77319458816,77309411328,10047488,77306875904,0
1787748901995473829,77321555968,77309411328,12144640,77308973056,0
1787748902022424706,77322338304,77309411328,12926976,77305561088,0
1787748902049088699,77319188480,77309411328,9777152,77307129856,0
1787748902075707490,77320232960,77309411328,10821632,77307650048,0
1787748902102658358,77321543680,77309411328,12132352,77309222912,0
1787748902130162706,77323116544,77309411328,13705216,77307125760,0
1787748902156697326,77319704576,77309411328,10293248,77307383808,0
1787748902183238536,77320753152,77309411328,11341824,77308170240,0
1787748902209854907,77320753152,77309411328,11341824,77308432384,0
1787748902236818775,77321527296,77309411328,12115968,77308944384,0
1787748902264343633,77323345920,77309411328,13934592,77306568704,0
1787748902290925054,77319933952,77309411328,10522624,77307351040,0
1787748902317611477,77320454144,77309411328,11042816,77308133376,0
1787748902344277919,77320712192,77309411328,11300864,77308129280,0
1787748902371252748,77321760768,77309411328,12349440,77309177856,0
1787748902398699504,77322805248,77309411328,13393920,77306290176,0
1787748902425388417,77319659520,77309411328,10248192,77307076608,0
1787748902452057220,77319393280,77309411328,9981952,77307596800,0
1787748902478605860,77320179712,77309411328,10768384,77307858944,0
1787748902505586788,77320441856,77309411328,11030528,77307858944,0
1787748902533105806,77320441856,77309411328,11030528,77308645376,0
1787748902559789689,77321490432,77309411328,12079104,77308907520,0
1787748902586564293,77320949760,77309411328,11538432,77308366848,0
1787748902613138614,77320949760,77309411328,11538432,77308366848,0
1787748902640250305,77321998336,77309411328,12587008,77305483264,0
1787748902667745612,77318324224,77309411328,8912896,77306789888,0
1787748902694423735,77319106560,77309411328,9695232,77306523648,0
1787748902721063757,77319630848,77309411328,10219520,77307572224,0
1787748902747621097,77319888896,77309411328,10477568,77307305984,0
1787748902774590705,77319888896,77309411328,10477568,77307830272,0
1787748902802125914,77320937472,77309411328,11526144,77308354560,0
1787748902828686764,77320671232,77309411328,11259904,77308612608,0
1787748902855246755,77321719808,77309411328,12308480,77309136896,0
1787748902881873686,77321719808,77309411328,12308480,77309923328,0
1787748902908742783,77323030528,77309411328,13619200,77306253312,0
1787748902935959985,77320142848,77309411328,10731520,77307822080,0
1787748902962479845,77320658944,77309411328,11247616,77308076032,0
1787748902989122737,77320658944,77309411328,11247616,77308076032,0
1787748903015699968,77320916992,77309411328,11505664,77308596224,0
1787748903042593624,77320916992,77309411328,11505664,77308858368,0
1787748903069920289,77321965568,77309411328,12554240,77309382656,0
1787748903096752764,77321965568,77309411328,12554240,77309382656,0
1787748903123263714,77321433088,77309411328,12021760,77309374464,0
1787748903149803604,77321433088,77309411328,12021760,77309374464,0
1787748903176733041,77321433088,77309411328,12021760,77309636608,0
1787748903204222769,77322481664,77309411328,13070336,77305966592,0
1787748903230789029,77319331840,77309411328,9920512,77306748928,0
1787748903257330149,77319331840,77309411328,9920512,77306748928,0
1787748903283785748,77320380416,77309411328,10969088,77307797504,0
1787748903311056352,77320380416,77309411328,10969088,77308583936,0
1787748903338102061,77321424896,77309411328,12013568,77309628416,0
1787748903364710202,77322207232,77309411328,12795904,77306216448,0
1787748903391194531,77319061504,77309411328,9650176,77306478592,0
1787748903417809663,77320110080,77309411328,10698752,77307527168,0
1787748903445115787,77321158656,77309411328,11747328,77308575744,0
1787748903472777118,77322207232,77309411328,12795904,77305430016,0
1787748903499328088,77318787072,77309411328,9375744,77306204160,0
1787748903525881978,77318782976,77309411328,9371648,77306986496,0
1787748903552680663,77319827456,77309411328,10416128,77307244544,0
1787748903579989408,77320089600,77309411328,10678272,77308030976,0
1787748903607340323,77321138176,77309411328,11726848,77308555264,0
1787748903633981035,77320871936,77309411328,11460608,77308289024,0
1787748903660868611,77319557120,77309411328,10145792,77306974208,0
1787748903687768418,77319557120,77309411328,10145792,77306974208,0
1787748903715183214,77320077312,77309411328,10665984,77307494400,0
1787748903742240404,77320077312,77309411328,10665984,77308280832,0
1787748903768861565,77319806976,77309411328,10395648,77307486208,0
1787748903795409555,77319806976,77309411328,10395648,77307224064,0
1787748903822286282,77320069120,77309411328,10657792,77307486208,0
1787748903849779909,77320069120,77309411328,10657792,77307486208,0
1787748903876370320,77319802880,77309411328,10391552,77307482112,0
1787748903903067453,77320851456,77309411328,11440128,77308268544,0
1787748903929580003,77320585216,77309411328,11173888,77308002304,0
1787748903956505850,77320847360,77309411328,11436032,77308526592,0
1787748903984135650,77322149888,77309411328,12738560,77305372672,0
1787748904010762892,77318737920,77309411328,9326592,77306155008,0
1787748904037413334,77319786496,77309411328,10375168,77307203584,0
1787748904064229169,77320048640,77309411328,10637312,77308252160,0
1787748904091162497,77320835072,77309411328,11423744,77308252160,0
1787748904118700975,77321883648,77309411328,12472320,77310349312,0
1787748904145381978,77323448320,77309411328,14036992,77306671104,0
1787748904172066311,77320040448,77309411328,10629120,77307981824,0
1787748904198592450,77321089024,77309411328,11677696,77309030400,0
1787748904225997786,77322137600,77309411328,12726272,77306146816,0
1787748904253503934,77320028160,77309411328,10616832,77307707392,0
1787748904280162917,77321580544,77309411328,12169216,77308997632,0
1787748904306770228,77322629120,77309411328,13217792,77305851904,0
1787748904333583893,77319483392,77309411328,10072064,77307949056,0
1787748904360618792,77321580544,77309411328,12169216,77308731392,0
1787748904388008098,77322362880,77309411328,12951552,77306634240,0
1787748904414654330,77320265728,77309411328,10854400,77307682816,0
1787748904441244971,77321302016,77309411328,11890688,77308719104,0
1787748904467855752,77322346496,77309411328,12935168,77305831424,0
1787748904494751419,77319462912,77309411328,10051584,77306880000,0
1787748904522061163,77320773632,77309411328,11362304,77308190720,0
1787748904548491731,77320503296,77309411328,11091968,77307920384,0
1787748904575017751,77321551872,77309411328,12140544,77309231104,0
1787748904601451779,77321797632,77309411328,12386304,77309214720,0
1787748904628372836,77322584064,77309411328,13172736,77306068992,0
1787748904655822983,77318651904,77309411328,9240576,77306855424,0
1787748904682243621,77319434240,77309411328,10022912,77306851328,0
1787748904708770861,77319430144,77309411328,10018816,77306847232,0
1787748904735317491,77319430144,77309411328,10018816,77306847232,0
1787748904762161367,77319430144,77309411328,10018816,77306847232,0
1787748904789613434,77319430144,77309411328,10018816,77306847232,0
1787748904816105623,77318897664,77309411328,9486336,77306314752,0
1787748904842521491,77317849088,77309411328,8437760,77305790464,0
1787748904869079181,77318111232,77309411328,8699904,77305528320,0
1787748904895924267,77317849088,77309411328,8437760,77305528320,0
1787748904923121499,77317050368,77309411328,7639040,77309448192,0
1787748904949737691,77320978432,77309411328,11567104,77308395520,0
1787748904976196959,77319925760,77309411328,10514432,77308129280,0
1787748905002645508,77319663616,77309411328,10252288,77307080704,0
1787748905029597995,77319925760,77309411328,10514432,77308391424,0
1787748905057109513,77322285056,77309411328,12873728,77305507840,0
1787748905083624773,77319135232,77309411328,9723904,77307338752,0
1787748905110204914,77321490432,77309411328,12079104,77308907520,0
1787748905136698323,77322539008,77309411328,13127680,77305761792,0
1787748905163737452,77319393280,77309411328,9981952,77306810368,0
1787748905191136998,77319917568,77309411328,10506240,77307858944,0
1787748905217680538,77320171520,77309411328,10760192,77307588608,0
1787748905244166277,77321211904,77309411328,11800576,77308628992,0
1787748905270690357,77322522624,77309411328,13111296,77306007552,0
1787748905298006671,77318586368,77309411328,9175040,77306003456,0
1787748905325412958,77319626752,77309411328,10215424,77307043840,0
1787748905351955688,77319094272,77309411328,9682944,77306511360,0
1787748905378402396,77319880704,77309411328,10469376,77307822080,0
1787748905404868955,77320667136,77309411328,11255808,77308084224,0
1787748905432267921,77320667136,77309411328,11255808,77308084224,0
1787748905459512784,77321715712,77309411328,12304384,77309132800,0
1787748905486012073,77321711616,77309411328,12300288,77309390848,0
1787748905512522483,77321711616,77309411328,12300288,77309915136,0
1787748905538960941,77321445376,77309411328,12034048,77309386752,0
1787748905566014580,77321445376,77309411328,12034048,77309911040,0
1787748905593363275,77322493952,77309411328,13082624,77308600320,0
1787748905619791753,77320916992,77309411328,11505664,77308334080,0
1787748905646367294,77320130560,77309411328,10719232,77308334080,0
1787748905672815412,77319868416,77309411328,10457088,77307547648,0
1787748905699976554,77319868416,77309411328,10457088,77307285504,0
1787748905727246428,77319868416,77309411328,10457088,77308334080,0
1787748905753664545,77319856128,77309411328,10444800,77307273216,0
1787748905780135974,77320114176,77309411328,10702848,77307531264,0
1787748905806858278,77319852032,77309411328,10440704,77307531264,0
1787748905834310385,77319852032,77309411328,10440704,77307531264,0
1787748905861310563,77320110080,77309411328,10698752,77307527168,0
1787748905888042277,77319319552,77309411328,9908224,77307260928,0
1787748905914425554,77318795264,77309411328,9383936,77309358080,0
1787748905941501914,77322199040,77309411328,12787712,77306466304,0
1787748905968971651,77319045120,77309411328,9633792,77306462208,0
1787748905995457800,77318512640,77309411328,9101312,77309075456,0
1787748906022117202,77321134080,77309411328,11722752,77309075456,0
1787748906048806605,77321654272,77309411328,12242944,77309071360,0
1787748906075655561,77321916416,77309411328,12505088,77309333504,0
1787748906103102708,77321916416,77309411328,12505088,77310119936,0
1787748906129694479,77322698752,77309411328,13287424,77306970112,0
1787748906156139707,77319553024,77309411328,10141696,77306970112,0
1787748906182656927,77319553024,77309411328,10141696,77306970112,0
1787748906209840989,77319548928,77309411328,10137600,77307752448,0
1787748906237333367,77320859648,77309411328,11448320,77308801024,0
1787748906263887507,77321379840,77309411328,11968512,77308796928,0
1787748906290398856,77321379840,77309411328,11968512,77308796928,0
1787748906317092499,77321379840,77309411328,11968512,77308796928,0
1787748906343969516,77321633792,77309411328,12222464,77309575168,0
1787748906371259560,77322678272,77309411328,13266944,77306949632,0
1787748906398043914,77319528448,77309411328,10117120,77307469824,0
1787748906424514283,77320577024,77309411328,11165696,77307994112,0
1787748906451083944,77320577024,77309411328,11165696,77307994112,0
1787748906477976840,77320572928,77309411328,11161600,77307985920,0
1787748906505355806,77321871360,77309411328,12460032,77309288448,0
1787748906531869755,77321867264,77309411328,12455936,77309284352,0
1787748906558450666,77322653696,77309411328,13242368,77307449344,0
1787748906584928575,77319749632,77309411328,10338304,77307166720,0
1787748906611884403,77319745536,77309411328,10334208,77307162624,0
1787748906639353860,77319745536,77309411328,10334208,77308211200,0
1787748906665990942,77319741440,77309411328,10330112,77307944960,0
1787748906692450720,77319737344,77309411328,10326016,77307154432,0
1787748906718882039,77318950912,77309411328,9539584,77307154432,0
1787748906745802766,77318688768,77309411328,9277440,77309251584,0
1787748906773147911,77321568256,77309411328,12156928,77308985344,0
1787748906799601129,77321302016,77309411328,11890688,77308719104,0
1787748906826056878,77321564160,77309411328,12152832,77308981248,0
1787748906852576617,77321826304,77309411328,12414976,77309243392,0
1787748906879555945,77320777728,77309411328,11366400,77308456960,0
1787748906906883730,77320777728,77309411328,11366400,77308194816,0
1787748906933439480,77320773632,77309411328,11362304,77308190720,0
1787748906959896349,77319725056,77309411328,10313728,77307928576,0
1787748906986357897,77319725056,77309411328,10313728,77307142144,0
1787748907013266874,77319462912,77309411328,10051584,77307142144,0
1787748907040588089,77319458816,77309411328,10047488,77306875904,0
1787748907067214651,77319458816,77309411328,10047488,77306875904,0
1787748907093772761,77319454720,77309411328,10043392,77306871808,0
1787748907120246090,77318930432,77309411328,9519104,77306871808,0
1787748907147172857,77318930432,77309411328,9519104,77307133952,0
1787748907174547663,77319454720,77309411328,10043392,77307396096,0
1787748907201021111,77318926336,77309411328,9515008,77307129856,0
1787748907227507120,77318397952,77309411328,8986624,77308960768,0
1787748907254043590,77321543680,77309411328,12132352,77308960768,0
1787748907280885046,77321805824,77309411328,12394496,77309222912,0
1787748907308200830,77321801728,77309411328,12390400,77310005248,0
1787748907334855793,77322584064,77309411328,13172736,77306855424,0
1787748907361438534,77320486912,77309411328,11075584,77307904000,0
1787748907388106326,77320749056,77309411328,11337728,77308166144,0
1787748907415049083,77321269248,77309411328,11857920,77308948480,0
1787748907442466390,77322055680,77309411328,12644352,77307113472,0
1787748907469116372,77320478720,77309411328,11067392,77307895808,0
1787748907495712573,77322051584,77309411328,12640256,77306847232,0
1787748907522348955,77320478720,77309411328,11067392,77307895808,0
1787748907549345443,77321527296,77309411328,12115968,77309468672,0
1787748907576947453,77323624448,77309411328,14213120,77307895808,0
1787748907603494773,77320994816,77309411328,11583488,77308411904,0
1787748907630058234,77321256960,77309411328,11845632,77309460480,0
1787748907656747816,77322043392,77309411328,12632064,77306314752,0
1787748907683849087,77319946240,77309411328,10534912,77307363328,0
1787748907711262073,77320470528,77309411328,11059200,77308674048,0
1787748907737800713,77320724480,77309411328,11313152,77308141568,0
1787748907764455115,77320724480,77309411328,11313152,77308403712,0
1787748907791472154,77321773056,77309411328,12361728,77309190144,0
1787748907818720907,77321773056,77309411328,12361728,77309190144,0
1787748907846036792,77322821632,77309411328,13410304,77307092992,0
1787748907872891438,77319675904,77309411328,10264576,77307879424,0
1787748907899460078,77320720384,77309411328,11309056,77308137472,0
1787748907926505398,77320970240,77309411328,11558912,77308387328,0
1787748907953748821,77321752576,77309411328,12341248,77309169664,0
1787748907981058285,77322010624,77309411328,12599296,77307330560,0
1787748908007673016,77319647232,77309411328,10235904,77307064320,0
1787748908034723996,77319647232,77309411328,10235904,77307064320,0
1787748908061926228,77320167424,77309411328,10756096,77307846656,0
1787748908089251713,77320429568,77309411328,11018240,77308633088,0
1787748908115873114,77321478144,77309411328,12066816,77308895232,0
1787748908142466695,77322526720,77309411328,13115392,77306798080,0
1787748908169416603,77319905280,77309411328,10493952,77307846656,0
1787748908196377531,77320163328,77309411328,10752000,77308104704,0
1787748908223870709,77321474048,77309411328,12062720,77308891136,0
1787748908250541281,77321207808,77309411328,11796480,77308887040,0
1787748908277200203,77322518528,77309411328,13107200,77306789888,0
1787748908303808715,77319372800,77309411328,9961472,77306789888,0
1787748908330991316,77319634944,77309411328,10223616,77307052032,0
1787748908358331241,77319360512,77309411328,9949184,77306777600,0
1787748908384940773,77319094272,77309411328,9682944,77307297792,0
1787748908411492293,77320384512,77309411328,10973184,77307801600,0
1787748908438149305,77320384512,77309411328,10973184,77308588032,0
1787748908465080923,77321433088,77309411328,12021760,77308850176,0
1787748908492733533,77322481664,77309411328,13070336,77306753024,0
1787748908519437926,77319856128,77309411328,10444800,77307535360,0
1787748908545986916,77319852032,77309411328,10440704,77307269120,0
1787748908572546467,77320372224,77309411328,10960896,77307789312,0
1787748908599583506,77320372224,77309411328,10960896,77307789312,0
1787748908627030953,77321154560,77309411328,11743232,77309358080,0
1787748908653664225,77321936896,77309411328,12525568,77309353984,0
1787748908680312687,77321936896,77309411328,12525568,77309353984,0
1787748908706774395,77321936896,77309411328,12525568,77309353984,0
1787748908733820195,77321936896,77309411328,12525568,77309353984,0
1787748908761282082,77321936896,77309411328,12525568,77309616128,0
1787748908788100407,77321932800,77309411328,12521472,77309874176,0
1787748908814682678,77321666560,77309411328,12255232,77309607936,0
1787748908841232888,77321666560,77309411328,12255232,77309345792,0
1787748908868216476,77321666560,77309411328,12255232,77309083648,0
1787748908895694824,77321666560,77309411328,12255232,77309870080,0
1787748908922289605,77321134080,77309411328,11722752,77308551168,0
1787748908948756894,77321134080,77309411328,11722752,77308551168,0
1787748908975298884,77321396224,77309411328,11984896,77308813312,0
1787748909002102639,77321134080,77309411328,11722752,77308813312,0
1787748909029530295,77321658368,77309411328,12247040,77309075456,0
1787748909056363841,77322440704,77309411328,13029376,77306712064,0
1787748909082771728,77320343552,77309411328,10932224,77307760640,0
1787748909109319748,77320343552,77309411328,10932224,77308284928,0
1787748909136154304,77321125888,77309411328,11714560,77308542976,0
1787748909163569770,77322174464,77309411328,12763136,77306970112,0
1787748909190070020,77319811072,77309411328,10399744,77307228160,0
1787748909216521628,77321121792,77309411328,11710464,77308538880,0
1787748909243064148,77321371648,77309411328,11960320,77309050880,0
1787748909269990905,77322682368,77309411328,13271040,77306953728,0
1787748909297639416,77320585216,77309411328,11173888,77308264448,0
1787748909324276258,77321097216,77309411328,11685888,77309300736,0
1787748909350775537,77322141696,77309411328,12730368,77306937344,0
1787748909377364808,77320044544,77309411328,10633216,77307723776,0
1787748909404337346,77321879552,77309411328,12468224,77309558784,0
1787748909431938976,77323190272,77309411328,13778944,77307985920,0
1787748909458465756,77321609216,77309411328,12197888,77309026304,0
1787748909485101557,77322657792,77309411328,13246464,77306929152,0
1787748909511517975,77321084928,77309411328,11673600,77309026304,0
1787748909538531164,77321609216,77309411328,12197888,77309026304,0
1787748909565802098,77323182080,77309411328,13770752,77307453440,0
1787748909593023040,77321084928,77309411328,11673600,77308502016,0
1787748909619564990,77320552448,77309411328,11141120,77307969536,0
1787748909646072910,77320552448,77309411328,11141120,77308231680,0
1787748909673028708,77320802304,77309411328,11390976,77309005824,0
1787748909700083157,77321850880,77309411328,12439552,77309267968,0
1787748909727229578,77321850880,77309411328,12439552,77309267968,0
1787748909753764538,77321584640,77309411328,12173312,77309001728,0
1787748909780214717,77321834496,77309411328,12423168,77309251584,0
1787748909807073913,77321822208,77309411328,12410880,77309235200,0
1787748909834425908,77322076160,77309411328,12664832,77307133952,0
1787748909861619950,77319979008,77309411328,10567680,77307396096,0
1787748909888202261,77319712768,77309411328,10301440,77307129856,0
1787748909914627589,77319974912,77309411328,10563584,77307392000,0
1787748909941281321,77319974912,77309411328,10563584,77307392000,0
1787748909968522984,77319712768,77309411328,10301440,77307654144,0
1787748909995717656,77319188480,77309411328,9777152,77307654144,0
1787748910022282807,77318656000,77309411328,9244672,77309218816,0
1787748910049339726,77322326016,77309411328,12914688,77307383808,0
1787748910076298094,77320228864,77309411328,10817536,77307645952,0
1787748910103601378,77321011200,77309411328,11599872,77308428288,0
1787748910130136828,77322321920,77309411328,12910592,77307379712,0
1787748910156573296,77321003008,77309411328,11591680,77308420096,0
1787748910183183988,77322051584,77309411328,12640256,77307371520,0
1787748910210033983,77321789440,77309411328,12378112,77309730816,0
1787748910237710084,77323358208,77309411328,13946880,77309202432,0
1787748910264324016,77323091968,77309411328,13680640,77308411904,0
1787748910290950208,77321515008,77309411328,12103680,77309194240,0
1787748910317700521,77322563584,77309411328,13152256,77308145664,0
1787748910344699820,77321248768,77309411328,11837440,77308928000,0
1787748910372147507,77322297344,77309411328,12886016,77308141568,0
1787748910398629616,77321244672,77309411328,11833344,77309186048,0
1787748910425234567,77321768960,77309411328,12357632,77309186048,0
1787748910452086663,77322817536,77309411328,13406208,77308661760,0
1787748910479197263,77322813440,77309411328,13402112,77308133376,0
1787748910506532308,77321764864,77309411328,12353536,77310230528,0
1787748910533143130,77323857920,77309411328,14446592,77309177856,0
1787748910559697080,77322805248,77309411328,13393920,77308911616,0
1787748910586328662,77322543104,77309411328,13131776,77307863040,0
1787748910613046065,77321494528,77309411328,12083200,77308911616,0
1787748910640521442,77322543104,77309411328,13131776,77307863040,0
1787748910667007731,77321228288,77309411328,11816960,77308645376,0
1787748910693534241,77322276864,77309411328,12865536,77307596800,0
1787748910720100072,77321228288,77309411328,11816960,77308645376,0
1787748910746961708,77322010624,77309411328,12599296,77307330560,0
1787748910774279352,77322010624,77309411328,12599296,77307330560,0
1787748910800763241,77320957952,77309411328,11546624,77308637184,0
1787748910827314822,77323055104,77309411328,13643776,77308375040,0
1787748910853775060,77322006528,77309411328,12595200,77306277888,0
1787748910880667617,77320957952,77309411328,11546624,77308637184,0
1787748910908071763,77322268672,77309411328,12857344,77308112896,0
1787748910934584762,77321994240,77309411328,12582912,77309411328,0
1787748910961112752,77323038720,77309411328,13627392,77308358656,0
1787748910987725173,77322514432,77309411328,13103104,77308358656,0
1787748911014715822,77321990144,77309411328,12578816,77309407232,0
1787748911042197969,77323038720,77309411328,13627392,77309407232,0
1787748911068867122,77322768384,77309411328,13357056,77308088320,0
1787748911095416452,77321719808,77309411328,12308480,77309136896,0
1787748911122062854,77322768384,77309411328,13357056,77308088320,0
1787748911149012082,77321719808,77309411328,12308480,77309136896,0
1787748911176592211,77322768384,77309411328,13357056,77308350464,0
1787748911203198912,77321187328,77309411328,11776000,77309128704,0
1787748911229868895,77322756096,77309411328,13344768,77308076032,0
1787748911256440005,77321707520,77309411328,12296192,77309124608,0
1787748911283532256,77322756096,77309411328,13344768,77308076032,0
1787748911311059374,77321969664,77309411328,12558336,77309386752,0
1787748911337758437,77322752000,77309411328,13340672,77308071936,0
1787748911364357288,77321437184,77309411328,12025856,77308854272,0
1787748911390994850,77322485760,77309411328,13074432,77307805696,0
1787748911418059450,77321699328,77309411328,12288000,77309116416,0
1787748911445540107,77323272192,77309411328,13860864,77309116416,0
1787748911472267801,77322481664,77309411328,13070336,77307801600,0
1787748911498817311,77321170944,77309411328,11759616,77308850176,0
1787748911525454173,77321695232,77309411328,12283904,77309898752,0
1787748911552497312,77323264000,77309411328,13852672,77308579840,0
1787748911580022470,77322211328,77309411328,12800000,77307531264,0
1787748911606653752,77320896512,77309411328,11485184,77308575744,0
1787748911633214333,77321945088,77309411328,12533760,77309362176,0
1787748911659866885,77322993664,77309411328,13582336,77308313600,0
1787748911686855903,77321945088,77309411328,12533760,77309362176,0
1787748911714339431,77323255808,77309411328,13844480,77309100032,0
1787748911740900811,77321674752,77309411328,12263424,77309091840,0
1787748911767592674,77322723328,77309411328,13312000,77308043264,0
1787748911794157784,77322199040,77309411328,12787712,77307518976,0
1787748911820969009,77320355840,77309411328,10944512,77308297216,0
1787748911848367185,77321404416,77309411328,11993088,77308821504,0
1787748911875084569,77322186752,77309411328,12775424,77307506688,0
1787748911901659869,77319557120,77309411328,10145792,77307760640,0
1787748911928221990,77320863744,77309411328,11452416,77308280832,0
1787748911955306990,77320863744,77309411328,11452416,77308280832,0
1787748911982625934,77320863744,77309411328,11452416,77308542976,0
1787748912009620673,77320597504,77309411328,11186176,77308538880,0
1787748912036340926,77320859648,77309411328,11448320,77309063168,0
1787748912062817755,77320327168,77309411328,10915840,77308530688,0
1787748912090194681,77321105408,77309411328,11694080,77309046784,0
1787748912117994484,77321625600,77309411328,12214272,77309042688,0
1787748912144446312,77321359360,77309411328,11948032,77308776448,0
1787748912171010793,77320572928,77309411328,11161600,77308776448,0
1787748912197837328,77320572928,77309411328,11161600,77307990016,0
1787748912225763894,77320830976,77309411328,11419648,77309034496,0
1787748912252429936,77321613312,77309411328,12201984,77309030400,0
1787748912278976076,77321867264,77309411328,12455936,77309808640,0
1787748912305520047,77322915840,77309411328,13504512,77308497920,0
1787748912332949583,77321867264,77309411328,12455936,77309808640,0
1787748912359836500,77323964416,77309411328,14553088,77309284352,0
1787748912386697356,77322911744,77309411328,13500416,77309018112,0
1787748912413302937,77322649600,77309411328,13238272,77307969536,0
1787748912439865667,77321601024,77309411328,12189696,77309018112,0
1787748912466849226,77322911744,77309411328,13500416,77309280256,0
1787748912494530927,77323153408,77309411328,13742080,77308997632,0
1787748912521231150,77321830400,77309411328,12419072,77309771776,0
1787748912547803440,77322874880,77309411328,13463552,77308719104,0
1787748912574496913,77321826304,77309411328,12414976,77309505536,0
1787748912601400890,77322874880,77309411328,13463552,77308194816,0
1787748912628994480,77321826304,77309411328,12414976,77309243392,0
1787748912655542790,77321555968,77309411328,12144640,77308973056,0
1787748912682219032,77321551872,77309411328,12140544,77309493248,0
1787748912708756302,77321814016,77309411328,12402688,77310017536,0
1787748912735877363,77322600448,77309411328,13189120,77307920384,0
1787748912763502103,77321289728,77309411328,11878400,77308968960,0
1787748912790041693,77321285632,77309411328,11874304,77309227008,0
1787748912816721636,77322334208,77309411328,12922880,77307654144,0
1787748912843322477,77319970816,77309411328,10559488,77307650048,0
1787748912870263185,77321019392,77309411328,11608064,77308436480,0
1787748912897975046,77321543680,77309411328,12132352,77309485056,0
1787748912924738911,77322067968,77309411328,12656640,77307387904,0
1787748912951408783,77319966720,77309411328,10555392,77308170240,0
1787748912977902912,77321015296,77309411328,11603968,77308432384,0
1787748913004890520,77321273344,77309411328,11862016,77309214720,0
1787748913032930258,77322579968,77309411328,13168640,77308948480,0
1787748913059853425,77321261056,77309411328,11849728,77309464576,0
1787748913086585589,77322301440,77309411328,12890112,77307621376,0
1787748913113160050,77320462336,77309411328,11051008,77307879424,0
1787748913140307721,77320986624,77309411328,11575296,77308928000,0
1787748913167991662,77321510912,77309411328,12099584,77309190144,0
1787748913194559773,77321764864,77309411328,12353536,77309444096,0
1787748913221251606,77322027008,77309411328,12615680,77307346944,0
1787748913247920928,77320183808,77309411328,10772480,77307600896,0
1787748913275199122,77320966144,77309411328,11554816,77308645376,0
1787748913302667459,77321228288,77309411328,11816960,77309693952,0
1787748913329534015,77322272768,77309411328,12861440,77308379136,0
1787748913356108046,77320695808,77309411328,11284480,77308112896,0
1787748913383175696,77320957952,77309411328,11546624,77309161472,0
1787748913410672423,77321744384,77309411328,12333056,77309161472,0
1787748913437271074,77321478144,77309411328,12066816,77308895232,0
1787748913463778244,77321478144,77309411328,12066816,77308895232,0
1787748913490445946,77321478144,77309411328,12066816,77309681664,0
1787748913517520526,77321736192,77309411328,12324864,77309939712,0
1787748913545068595,77322780672,77309411328,13369344,77308100608,0
1787748913571745808,77321191424,77309411328,11780096,77308870656,0
1787748913598315728,77321187328,77309411328,11776000,77308604416,0
1787748913624881469,77321187328,77309411328,11776000,77308604416,0
1787748913651942828,77321187328,77309411328,11776000,77308604416,0
1787748913679432796,77321187328,77309411328,11776000,77308866560,0
1787748913706548397,77322235904,77309411328,12824576,77307555840,0
1787748913733176398,77319872512,77309411328,10461184,77307289600,0
1787748913759814650,77320134656,77309411328,10723328,77307551744,0
1787748913786936091,77320134656,77309411328,10723328,77307551744,0
1787748913814627202,77320388608,77309411328,10977280,77308592128,0
1787748913841256054,77321433088,77309411328,12021760,77308850176,0
1787748913867957807,77321695232,77309411328,12283904,77309112320,0
1787748913894557578,77321695232,77309411328,12283904,77309112320,0
1787748913921700099,77321695232,77309411328,12283904,77309112320,0
1787748913949358260,77321695232,77309411328,12283904,77309112320,0
1787748913976011942,77321428992,77309411328,12017664,77309108224,0
1787748914002763976,77321428992,77309411328,12017664,77308846080,0
1787748914029577991,77322211328,77309411328,12800000,77307531264,0
1787748914056790054,77321424896,77309411328,12013568,77309104128,0
1787748914084497815,77322735616,77309411328,13324288,77308841984,0
1787748914111043946,77322207232,77309411328,12795904,77307527168,0
1787748914137674327,77320896512,77309411328,11485184,77308575744,0
1787748914164790238,77320892416,77309411328,11481088,77309358080,0
1787748914192071152,77322989568,77309411328,13578240,77308309504,0
1787748914219207183,77322989568,77309411328,13578240,77308309504,0
1787748914245845055,77321674752,77309411328,12263424,77309091840,0
1787748914272357384,77322723328,77309411328,13312000,77308043264,0
1787748914299191300,77321674752,77309411328,12263424,77309091840,0
1787748914326835780,77321674752,77309411328,12263424,77310140416,0
1787748914353948501,77322719232,77309411328,13307904,77309087744,0
1787748914380687505,77322457088,77309411328,13045760,77308301312,0
1787748914407289456,77321666560,77309411328,12255232,77308035072,0
1787748914434142972,77321666560,77309411328,12255232,77308559360,0
1787748914462130858,77322190848,77309411328,12779520,77307510784,0
1787748914488879792,77320609792,77309411328,11198464,77308551168,0
1787748914515457583,77321392128,77309411328,11980800,77308809216,0
1787748914542009773,77321912320,77309411328,12500992,77309853696,0
1787748914569187005,77322436608,77309411328,13025280,77307756544,0
1787748914596772875,77320597504,77309411328,11186176,77308538880,0
1787748914623578799,77321121792,77309411328,11710464,77308272640,0
1787748914650140280,77320855552,77309411328,11444224,77308272640,0
1787748914676685310,77320851456,77309411328,11440128,77308268544,0
1787748914703726979,77320851456,77309411328,11440128,77308268544,0
1787748914731399840,77321375744,77309411328,11964416,77309841408,0
1787748914758011102,77321355264,77309411328,11943936,77309296640,0
1787748914784714785,77321093120,77309411328,11681792,77308510208,0
1787748914811280526,77321093120,77309411328,11681792,77308510208,0
1787748914838187762,77320830976,77309411328,11419648,77308510208,0
1787748914865798862,77320306688,77309411328,10895360,77308510208,0
1787748914892330062,77319778304,77309411328,10366976,77309816832,0
1787748914918848712,77322137600,77309411328,12726272,77307457536,0
1787748914945459283,77319770112,77309411328,10358784,77310070784,0
1787748914972406671,77321588736,77309411328,12177408,77309005824,0
1787748914999899558,77321842688,77309411328,12431360,77309259776,0
1787748915026947968,77321842688,77309411328,12431360,77309259776,0
1787748915053660261,77322887168,77309411328,13475840,77308207104,0
1787748915080242402,77321306112,77309411328,11894784,77309509632,0
1787748915107459884,77322092544,77309411328,12681216,77307412480,0
1787748915134987203,77321039872,77309411328,11628544,77308456960,0
1787748915161665295,77321818112,77309411328,12406784,77309235200,0
1787748915188343888,77323128832,77309411328,13717504,77308448768,0
1787748915215092792,77322076160,77309411328,12664832,77307396096,0
1787748915242074810,77320241152,77309411328,10829824,77308182528,0
1787748915269579858,77321027584,77309411328,11616256,77308968960,0
1787748915296395023,77322334208,77309411328,12922880,77307654144,0
1787748915323153017,77319970816,77309411328,10559488,77307650048,0
1787748915349752258,77321019392,77309411328,11608064,77308436480,0
1787748915377265316,77322067968,77309411328,12656640,77307912192,0
1787748915404588081,77321543680,77309411328,12132352,77308960768,0
1787748915431252043,77322326016,77309411328,12914688,77307645952,0
1787748915457829974,77321015296,77309411328,11603968,77308694528,0
1787748915485011546,77322588160,77309411328,13176832,77308170240,0
1787748915512091166,77321535488,77309411328,12124160,77308952576,0
1787748915539691425,77322584064,77309411328,13172736,77308952576,0
1787748915566334287,77322579968,77309411328,13168640,77307899904,0
1787748915593046011,77321793536,77309411328,12382208,77309997056,0
1787748915619831745,77323628544,77309411328,14217216,77308948480,0
1787748915646832024,77322579968,77309411328,13168640,77307899904,0
1787748915674332962,77321531392,77309411328,12120064,77309210624,0
1787748915701061715,77322047488,77309411328,12636160,77307367424,0
1787748915727609805,77319950336,77309411328,10539008,77307367424,0
1787748915754404220,77319950336,77309411328,10539008,77307891712,0
1787748915781795076,77320998912,77309411328,11587584,77308678144,0
1787748915809590679,77322309632,77309411328,12898304,77308416000,0
1787748915836267452,77320732672,77309411328,11321344,77308936192,0
1787748915862781581,77321515008,77309411328,12103680,77308932096,0
1787748915889795410,77321515008,77309411328,12103680,77309718528,0
1787748915917450061,77322563584,77309411328,13152256,77308145664,0
1787748915944071002,77321248768,77309411328,11837440,77308665856,0
1787748915970684374,77321248768,77309411328,11837440,77308665856,0
1787748915997272665,77321510912,77309411328,12099584,77309714432,0
1787748916024327224,77322297344,77309411328,12886016,77307617280,0
1787748916051789421,77320720384,77309411328,11309056,77308137472,0
1787748916078366012,77321502720,77309411328,12091392,77308919808,0
1787748916105069495,77322813440,77309411328,13402112,77308395520,0
1787748916131616095,77321764864,77309411328,12353536,77309968384,0
1787748916158729206,77323071488,77309411328,13660160,77309177856,0
1787748916185989749,77322809344,77309411328,13398016,77308129280,0
1787748916212638471,77321494528,77309411328,12083200,77309435904,0
1787748916239300304,77322543104,77309411328,13131776,77308387328,0
1787748916265778533,77321228288,77309411328,11816960,77308645376,0
1787748916292773641,77322276864,77309411328,12865536,77307596800,0
1787748916320359710,77322276864,77309411328,12865536,77307596800,0
1787748916347039283,77321224192,77309411328,11812864,77309165568,0
1787748916373663785,77322797056,77309411328,13385728,77308641280,0
1787748916400460049,77322272768,77309411328,12861440,77307592704,0
1787748916427393547,77320957952,77309411328,11546624,77308375040,0
1787748916454925095,77322002432,77309411328,12591104,77307584512,0
1787748916481513586,77320687616,77309411328,11276288,77308366848,0
1787748916508202229,77321736192,77309411328,12324864,77309677568,0
1787748916534829970,77322784768,77309411328,13373440,77308891136,0
1787748916561896170,77321998336,77309411328,12587008,77308104704,0
1787748916589424439,77321732096,77309411328,12320768,77309149184,0
1787748916616001149,77322244096,77309411328,12832768,77307564032,0
1787748916642625831,77321195520,77309411328,11784192,77308612608,0
1787748916669295743,77322244096,77309411328,12832768,77307564032,0
1787748916696757730,77321195520,77309411328,11784192,77308612608,0
1787748916724275999,77322244096,77309411328,12832768,77307826176,0
1787748916751050903,77321195520,77309411328,11784192,77308612608,0
1787748916777762426,77321711616,77309411328,12300288,77309128704,0
1787748916805041680,77322760192,77309411328,13348864,77308080128,0
1787748916832555648,77321445376,77309411328,12034048,77308862464,0
1787748916859235071,77321445376,77309411328,12034048,77308862464,0
1787748916885750720,77321445376,77309411328,12034048,77308862464,0
1787748916912313191,77321445376,77309411328,12034048,77308862464,0
1787748916939476232,77321445376,77309411328,12034048,77308862464,0
1787748916967078542,77321445376,77309411328,12034048,77308862464,0
1787748916993598282,77320912896,77309411328,11501568,77308329984,0
1787748917020417367,77320912896,77309411328,11501568,77308329984,0
1787748917047141970,77320912896,77309411328,11501568,77308329984,0
1787748917074102248,77320388608,77309411328,10977280,77308329984,0
1787748917101664847,77320650752,77309411328,11239424,77308329984,0
1787748917128404351,77320646656,77309411328,11235328,77308063744,0
1787748917154988732,77320380416,77309411328,10969088,77308583936,0
1787748917181665214,77321166848,77309411328,11755520,77308846080,0
1787748917208633322,77321428992,77309411328,12017664,77308846080,0
1787748917236141400,77321691136,77309411328,12279808,77309108224,0
1787748917263036467,77321940992,77309411328,12529664,77309882368,0
1787748917289605847,77322465280,77309411328,13053952,77307785216,0
1787748917316584475,77321416704,77309411328,12005376,77308833792,0
1787748917343548693,77321150464,77309411328,11739136,77309091840,0
1787748917370923549,77322199040,77309411328,12787712,77307518976,0
1787748917397728764,77321408512,77309411328,11997184,77308825600,0
1787748917424399766,77322190848,77309411328,12779520,77307510784,0
1787748917450986397,77320093696,77309411328,10682368,77307510784,0
1787748917478041437,77321142272,77309411328,11730944,77308559360,0
1787748917505470073,77322190848,77309411328,12779520,77307772928,0
1787748917532185016,77320876032,77309411328,11464704,77308293120,0
1787748917558812588,77320871936,77309411328,11460608,77309075456,0
1787748917585433060,77321658368,77309411328,12247040,77309075456,0
1787748917612666002,77322706944,77309411328,13295616,77308026880,0
1787748917640194731,77320609792,77309411328,11198464,77309075456,0
1787748917666944895,77322440704,77309411328,13029376,77307760640,0
1787748917693542226,77320343552,77309411328,10932224,77308284928,0
1787748917720430262,77321392128,77309411328,11980800,77308809216,0
1787748917747741846,77321125888,77309411328,11714560,77308542976,0
1787748917774992160,77321912320,77309411328,12500992,77309591552,0
1787748917801592961,77321908224,77309411328,12496896,77309325312,0
1787748917828159671,77321908224,77309411328,12496896,77309325312,0
1787748917855072318,77321908224,77309411328,12496896,77310111744,0
1787748917882798420,77322956800,77309411328,13545472,77308276736,0
1787748917909421672,77320593408,77309411328,11182080,77308010496,0
1787748917936122795,77320593408,77309411328,11182080,77308010496,0
1787748917962689715,77320327168,77309411328,10915840,77308268544,0
1787748917989587972,77321375744,77309411328,11964416,77308792832,0
1787748918017202552,77323472896,77309411328,14061568,77308792832,0
1787748918044237791,77323210752,77309411328,13799424,77308792832,0
1787748918070822792,77322158080,77309411328,12746752,77307478016,0
1787748918097382503,77322158080,77309411328,12746752,77307478016,0
1787748918124550894,77321109504,77309411328,11698176,77309575168,0
1787748918152166634,77323464704,77309411328,14053376,77309833216,0
1787748918178887258,77322932224,77309411328,13520896,77308252160,0
1787748918205536730,77322932224,77309411328,13520896,77308252160,0
1787748918232255063,77321883648,77309411328,12472320,77309300736,0
1787748918259375104,77323194368,77309411328,13783040,77309300736,0
1787748918287085445,77322665984,77309411328,13254656,77309034496,0
1787748918313829489,77322399744,77309411328,12988416,77307719680,0
1787748918340437350,77321351168,77309411328,11939840,77309554688,0
1787748918367135553,77323448320,77309411328,14036992,77308768256,0
1787748918394007250,77322133504,77309411328,12722176,77307453440,0
1787748918421496997,77322133504,77309411328,12722176,77307453440,0
1787748918448287612,77321347072,77309411328,11935744,77308764160,0
1787748918474932484,77322129408,77309411328,12718080,77307449344,0
1787748918501648827,77321338880,77309411328,11927552,77308755968,0
1787748918528672556,77322649600,77309411328,13238272,77307969536,0
1787748918556170614,77321601024,77309411328,12189696,77309018112,0
1787748918583011490,77322911744,77309411328,13500416,77308231680,0
1787748918609616151,77321330688,77309411328,11919360,77308747776,0
1787748918636243762,77322117120,77309411328,12705792,77307699200,0
1787748918663261151,77320282112,77309411328,10870784,77307699200,0
1787748918690740519,77320282112,77309411328,10870784,77307699200,0
1787748918717327040,77320011776,77309411328,10600448,77307428864,0
1787748918744019722,77320011776,77309411328,10600448,77307428864,0
1787748918770535272,77319737344,77309411328,10326016,77309251584,0
1787748918797545041,77321568256,77309411328,12156928,77308198912,0
1787748918825054389,77320781824,77309411328,11370496,77309247488,0
1787748918851629639,77320777728,77309411328,11366400,77310029824,0
1787748918878327742,77321564160,77309411328,12152832,77308194816,0
1787748918905054106,77320515584,77309411328,11104256,77308981248,0
1787748918932193407,77321297920,77309411328,11886592,77307666432,0
1787748918959410160,77320249344,77309411328,10838016,77308715008,0
1787748918986120343,77321035776,77309411328,11624448,77307666432,0
1787748919012807626,77318934528,77309411328,9523200,77307924480,0
1787748919039797444,77319983104,77309411328,10571776,77308448768,0
1787748919067602967,77321031680,77309411328,11620352,77307400192,0
1787748919094285780,77319974912,77309411328,10563584,77308440576,0
1787748919120794110,77321023488,77309411328,11612160,77307392000,0
1787748919147435391,77319450624,77309411328,10039296,77308702720,0
1787748919174404349,77320499200,77309411328,11087872,77309751296,0
1787748919202107271,77322072064,77309411328,12660736,77309227008,0
1787748919228742563,77320495104,77309411328,11083776,77309222912,0
1787748919255416535,77322579968,77309411328,13168640,77308948480,0
1787748919282049937,77322047488,77309411328,12636160,77308678144,0
1787748919309436713,77321256960,77309411328,11845632,77308411904,0
1787748919336618675,77320986624,77309411328,11575296,77307879424,0
1787748919363439280,77321764864,77309411328,12353536,77308657664,0
1787748919390070892,77322289152,77309411328,12877824,77308657664,0
1787748919416718284,77321764864,77309411328,12353536,77308657664,0
1787748919443881885,77321240576,77309411328,11829248,77308395520,0
1787748919471480335,77321502720,77309411328,12091392,77308657664,0
1787748919498263829,77321490432,77309411328,12079104,77308383232,0
1787748919524834590,77320966144,77309411328,11554816,77307334656,0
1787748919551525283,77320704000,77309411328,11292672,77309431808,0
1787748919578605253,77322014720,77309411328,12603392,77308383232,0
1787748919606148831,77320966144,77309411328,11554816,77307858944,0
1787748919632777933,77319385088,77309411328,9973760,77308375040,0
1787748919659450136,77320433664,77309411328,11022336,77309685760,0
1787748919686030796,77321482240,77309411328,12070912,77307850752,0
1787748919713055835,77320433664,77309411328,11022336,77308899328,0
1787748919740549333,77321478144,77309411328,12066816,77308895232,0
1787748919767258966,77320683520,77309411328,11272192,77309411328,0
1787748919793832717,77321207808,77309411328,11796480,77308362752,0
1787748919820512449,77319897088,77309411328,10485760,77308624896,0
1787748919847664931,77321203712,77309411328,11792384,77308358656,0
1787748919875177079,77321195520,77309411328,11784192,77307564032,0
1787748919901815141,77320409088,77309411328,10997760,77309661184,0
1787748919928570185,77321711616,77309411328,12300288,77308342272,0
1787748919955237397,77320925184,77309411328,11513856,77309390848,0
1787748919982255546,77321707520,77309411328,12296192,77308076032,0
1787748920009781694,77320658944,77309411328,11247616,77310173184,0
1787748920036638370,77322489856,77309411328,13078528,77308858368,0
1787748920063502236,77321441280,77309411328,12029952,77307809792,0
1787748920090089467,77320392704,77309411328,10981376,77309120512,0
1787748920117445212,77322489856,77309411328,13078528,77308858368,0
1787748920144938330,77323792384,77309411328,14381056,77309112320,0
1787748920171783205,77322211328,77309411328,12800000,77309366272,0
1787748920198385527,77322211328,77309411328,12800000,77308579840,0
1787748920225292244,77322211328,77309411328,12800000,77308579840,0
1787748920252348073,77322993664,77309411328,13582336,77309624320,0
1787748920279712908,77323255808,77309411328,13844480,77309624320,0
1787748920306524543,77322989568,77309411328,13578240,77309358080,0
1787748920333249907,77322985472,77309411328,13574144,77309878272,0
1787748920359897869,77324296192,77309411328,14884864,77307518976,0
1787748920387016810,77321150464,77309411328,11739136,77307518976,0
1787748920414460196,77321412608,77309411328,12001280,77308567552,0
1787748920441070118,77321932800,77309411328,12521472,77308301312,0
1787748920467765101,77322194944,77309411328,12783616,77308825600,0
1787748920494438033,77322452992,77309411328,13041664,77309345792,0
1787748920521566804,77322715136,77309411328,13303808,77309345792,0
1787748920549085112,77322977280,77309411328,13565952,77309345792,0
1787748920575783145,77322977280,77309411328,13565952,77309345792,0
1787748920602602430,77321658368,77309411328,12247040,77309075456,0
1787748920629245042,77321658368,77309411328,12247040,77308026880,0
1787748920656371223,77321134080,77309411328,11722752,77308026880,0
1787748920683843080,77320343552,77309411328,10932224,77308809216,0
1787748920710569684,77321383936,77309411328,11972608,77308801024,0
1787748920737280507,77321121792,77309411328,11710464,77307752448,0
1787748920763898839,77320335360,77309411328,10924032,77308801024,0
1787748920791473848,77321383936,77309411328,11972608,77307752448,0
1787748920818726711,77320597504,77309411328,11186176,77309849600,0
1787748920845605347,77322432512,77309411328,13021184,77308268544,0
1787748920872182108,77320851456,77309411328,11440128,77309317120,0
1787748920899211337,77321900032,77309411328,12488704,77308268544,0
1787748920926833927,77320851456,77309411328,11440128,77310365696,0
1787748920953517790,77322682368,77309411328,13271040,77309050880,0
1787748920980206063,77321633792,77309411328,12222464,77308002304,0
1787748921006845925,77320585216,77309411328,11173888,77309050880,0
1787748921033786792,77321633792,77309411328,12222464,77308002304,0
1787748921061485893,77321633792,77309411328,12222464,77308002304,0
1787748921088102555,77320585216,77309411328,11173888,77309837312,0
1787748921114826058,77322149888,77309411328,12738560,77308518400,0
1787748921141420709,77321101312,77309411328,11689984,77307469824,0
1787748921168248425,77320314880,77309411328,10903552,77309566976,0
1787748921195700422,77322149888,77309411328,12738560,77308518400,0
1787748921222244352,77320835072,77309411328,11423744,77309562880,0
1787748921248786002,77321883648,77309411328,12472320,77309038592,0
1787748921275454874,77321883648,77309411328,12472320,77308252160,0
1787748921302213928,77320830976,77309411328,11419648,77309296640,0
1787748921329645715,77323182080,77309411328,13770752,77308502016,0
1787748921356563772,77320818688,77309411328,11407360,77309284352,0
1787748921383238124,77322915840,77309411328,13504512,77309284352,0
1787748921409746454,77322125312,77309411328,12713984,77308493824,0
1787748921436845034,77321072640,77309411328,11661312,77307441152,0
1787748921464278651,77320278016,77309411328,10866688,77309267968,0
1787748921491070806,77321584640,77309411328,12173312,77308215296,0
1787748921517682907,77321580544,77309411328,12169216,77307949056,0
1787748921544262178,77320531968,77309411328,11120640,77308997632,0
1787748921571502931,77322629120,77309411328,13217792,77308997632,0
1787748921598976428,77322104832,77309411328,12693504,77308997632,0
1787748921625707122,77321314304,77309411328,11902976,77307682816,0
1787748921652260632,77321048064,77309411328,11636736,77307416576,0
1787748921678689870,77319999488,77309411328,10588160,77308465152,0
1787748921706043915,77322096640,77309411328,12685312,77308465152,0
1787748921733421420,77322883072,77309411328,13471744,77309513728,0
1787748921760053382,77322878976,77309411328,13467648,77309247488,0
1787748921786530971,77323927552,77309411328,14516224,77309247488,0
1787748921813072921,77322878976,77309411328,13467648,77309247488,0
1787748921840087790,77323137024,77309411328,13725696,77308456960,0
1787748921867535267,77322076160,77309411328,12664832,77309231104,0
1787748921894115948,77321809920,77309411328,12398592,77308440576,0
1787748921920596616,77321805824,77309411328,12394496,77308174336,0
1787748921947235718,77321019392,77309411328,11608064,77308174336,0
1787748921974044413,77320757248,77309411328,11345920,77309222912,0
1787748922001605842,77322854400,77309411328,13443072,77309222912,0
1787748922028459368,77322321920,77309411328,12910592,77308690432,0
1787748922055250753,77321273344,77309411328,11862016,77307641856,0
1787748922081851204,77320224768,77309411328,10813440,77308690432,0
1787748922108956564,77321273344,77309411328,11862016,77307641856,0
1787748922136523494,77320224768,77309411328,10813440,77308690432,0
1787748922163136495,77320740864,77309411328,11329536,77309992960,0
1787748922189754106,77322838016,77309411328,13426688,77309206528,0
1787748922216681444,77318643712,77309411328,9232384,77309206528,0
